2026-05-21 05:59:14 [INFO    ] crawl_pipeline | ============================================================
2026-05-21 05:59:14 [INFO    ] crawl_pipeline |   Reddit Crawl Pipeline (producer-consumer)
2026-05-21 05:59:14 [INFO    ] crawl_pipeline |   Started : 2026-05-21 05:59:14 UTC
2026-05-21 05:59:14 [INFO    ] crawl_pipeline |   Workers : 4
2026-05-21 05:59:14 [INFO    ] crawl_pipeline |   Listings: hot, new, top, rising
2026-05-21 05:59:14 [INFO    ] crawl_pipeline | ============================================================
2026-05-21 05:59:14 [INFO    ] crawl_pipeline | 
[Step 1] Starting 4 comment worker(s)...
2026-05-21 05:59:14 [INFO    ] crawl_pipeline | [Step 2] Starting post producer (crawl_posts)...
2026-05-21 05:59:14 [INFO    ] crawl_pipeline |   Worker 0 started (pid=1902455)
2026-05-21 05:59:14 [INFO    ] crawl_pipeline |   Worker 1 started (pid=1902456)
2026-05-21 05:59:14 [INFO    ] crawl_pipeline.worker-1 | [Worker 1] Started.
2026-05-21 05:59:14 [INFO    ] crawl_pipeline |   Worker 2 started (pid=1902457)
2026-05-21 05:59:14 [INFO    ] crawl_pipeline.worker-0 | [Worker 0] Started.
2026-05-21 05:59:14 [INFO    ] crawl_pipeline |   Worker 3 started (pid=1902458)
2026-05-21 05:59:14 [INFO    ] crawl_pipeline.posts | [PostsCrawl] Listing: hot
2026-05-21 05:59:14 [INFO    ] crawl_pipeline.worker-2 | [Worker 2] Started.
2026-05-21 05:59:14 [INFO    ] crawl_pipeline.worker-3 | [Worker 3] Started.
2026-05-21 05:59:16 [INFO    ] crawl_pipeline.worker-1 | [Worker 1] Processing 1tj9v8c (WkwkwkLand) — "Ketika dikasihani sama negara tetangga…..."
2026-05-21 05:59:16 [INFO    ] crawl_pipeline.worker-2 | [Worker 2] Processing 1tj83ed (AdaIndonesiaCoy) — "Israeli Minister Releases Video Humiliating Bound Inter..."
2026-05-21 05:59:16 [INFO    ] crawl_pipeline.worker-3 | [Worker 3] Processing 1tj9rtq (finansial) — "Pandangan soal ekspor 1 pintu..."
2026-05-21 05:59:16 [INFO    ] crawl_pipeline.worker-0 | [Worker 0] Processing 1tj25jd (indonesia) — "Apa yang terjadi pada tahun 2024 dan sekarang di sub in..."
2026-05-21 05:59:17 [INFO    ] crawl_pipeline.posts |   [hot] page: 100 new, 0 skipped | listing total: 100
2026-05-21 05:59:17 [INFO    ] crawl_pipeline.worker-2 | [Worker 2] 1tj83ed done — 0 thread(s)
2026-05-21 05:59:17 [INFO    ] crawl_pipeline.worker-3 | [Worker 3] 1tj9rtq done — 0 thread(s)
2026-05-21 05:59:17 [INFO    ] crawl_pipeline.worker-1 | [Worker 1] 1tj9v8c done — 0 thread(s)
2026-05-21 05:59:18 [INFO    ] crawl_pipeline.worker-0 | [Worker 0] 1tj25jd done — 0 thread(s)
2026-05-21 05:59:19 [INFO    ] crawl_pipeline.worker-2 | [Worker 2] Processing 1tj283z (indonesiabebas) — "Naik 35an persen wok orang desa pun pake motor wok..."
2026-05-21 05:59:19 [INFO    ] crawl_pipeline.worker-3 | [Worker 3] Processing 1tj964n (indotech) — "I feel disappointed with myself..."
2026-05-21 05:59:19 [INFO    ] crawl_pipeline.worker-1 | [Worker 1] Processing 1tj8jro (kulineria) — "Oseng Pindang Tongkol + Sides (Tempe &amp; Sayur)..."
2026-05-21 05:59:19 [INFO    ] crawl_pipeline.worker-3 | [Worker 3] 1tj964n done — 2 thread(s)
2026-05-21 05:59:19 [INFO    ] crawl_pipeline.worker-2 | [Worker 2] 1tj283z done — 0 thread(s)
2026-05-21 05:59:19 [INFO    ] crawl_pipeline.worker-1 | [Worker 1] 1tj8jro done — 0 thread(s)
2026-05-21 05:59:20 [INFO    ] crawl_pipeline.worker-0 | [Worker 0] Processing 1tj9y4k (indowibu) — "Waduh top male chara..."
2026-05-21 05:59:20 [INFO    ] crawl_pipeline.posts |   [hot] page: 100 new, 0 skipped | listing total: 200
2026-05-21 05:59:20 [INFO    ] crawl_pipeline.worker-0 | [Worker 0] 1tj9y4k done — 0 thread(s)
2026-05-21 05:59:21 [INFO    ] crawl_pipeline.worker-3 | [Worker 3] Processing 1tj7ptd (Bandung) — "helm meunang paok..."
2026-05-21 05:59:21 [INFO    ] crawl_pipeline.worker-2 | [Worker 2] Processing 1tj0qd1 (jualbeliindonesia) — "WTS rumah di Citraland Surabaya Barat Rp 8 M..."
2026-05-21 05:59:21 [INFO    ] crawl_pipeline.worker-1 | [Worker 1] Processing 1tjadc5 (IndoGamer) — "Japanese game publisher’s site crashed after thirsty pl..."
2026-05-21 05:59:22 [INFO    ] crawl_pipeline.worker-3 | [Worker 3] 1tj7ptd done — 0 thread(s)
2026-05-21 05:59:22 [INFO    ] crawl_pipeline.worker-1 | [Worker 1] 1tjadc5 done — 0 thread(s)
2026-05-21 05:59:22 [INFO    ] crawl_pipeline.worker-2 | [Worker 2] 1tj0qd1 done — 0 thread(s)
2026-05-21 05:59:22 [INFO    ] crawl_pipeline.worker-0 | [Worker 0] Processing 1tj5e6v (Jakarta) — "Silent commute..."
2026-05-21 05:59:22 [INFO    ] crawl_pipeline.worker-0 | [Worker 0] 1tj5e6v done — 0 thread(s)
2026-05-21 05:59:24 [INFO    ] crawl_pipeline.worker-3 | [Worker 3] Processing 1tinmog (Cekrek) — "hutan tetangga..."
2026-05-21 05:59:24 [INFO    ] crawl_pipeline.worker-1 | [Worker 1] Processing 1tipj3x (bali) — "First time in Bali..."
2026-05-21 05:59:24 [INFO    ] crawl_pipeline.worker-2 | [Worker 2] Processing 1tj7217 (BaliTravelTips) — "Bali destination wedding..."
2026-05-21 05:59:24 [INFO    ] crawl_pipeline.worker-3 | [Worker 3] 1tinmog done — 0 thread(s)
2026-05-21 05:59:24 [INFO    ] crawl_pipeline.worker-1 | [Worker 1] 1tipj3x done — 3 thread(s)
2026-05-21 05:59:24 [INFO    ] crawl_pipeline.worker-2 | [Worker 2] 1tj7217 done — 3 thread(s)
2026-05-21 05:59:24 [INFO    ] crawl_pipeline.worker-0 | [Worker 0] Processing 1tici50 (JudiSaham) — "Indonesia Komunis..."
2026-05-21 05:59:25 [INFO    ] crawl_pipeline.worker-0 | [Worker 0] 1tici50 done — 0 thread(s)
2026-05-21 05:59:26 [INFO    ] crawl_pipeline.worker-3 | [Worker 3] Processing 1tikidt (Perempuan) — "Kasih advicr untuk adek yg sudah ada tanda tanda kena b..."
2026-05-21 05:59:26 [INFO    ] crawl_pipeline.worker-1 | [Worker 1] Processing 1tilnn7 (sehat) — "Maintaining weight is hell🫩..."
2026-05-21 05:59:26 [INFO    ] crawl_pipeline.worker-2 | [Worker 2] Processing 1tihk4f (karir) — "Lapor Kemnaker..."
2026-05-21 05:59:26 [INFO    ] crawl_pipeline.worker-3 | [Worker 3] 1tikidt done — 1 thread(s)
2026-05-21 05:59:26 [INFO    ] crawl_pipeline.worker-2 | [Worker 2] 1tihk4f done — 0 thread(s)
2026-05-21 05:59:27 [INFO    ] crawl_pipeline.worker-1 | [Worker 1] 1tilnn7 done — 1 thread(s)
2026-05-21 05:59:27 [INFO    ] crawl_pipeline.worker-0 | [Worker 0] Processing 1ti4w8o (indocartalk) — "Xpeng advances Southeast Asia push with Indonesian fact..."
2026-05-21 05:59:27 [INFO    ] crawl_pipeline.worker-0 | [Worker 0] 1ti4w8o done — 0 thread(s)
2026-05-21 05:59:28 [INFO    ] crawl_pipeline.worker-3 | [Worker 3] Processing 1ti77ma (pria) — "Rekomendasi alat cukur bulu hidung..."
2026-05-21 05:59:28 [INFO    ] crawl_pipeline.worker-2 | [Worker 2] Processing 1tibqub (indonesian) — "fact check this AI info..."
2026-05-21 05:59:28 [INFO    ] crawl_pipeline.worker-3 | [Worker 3] 1ti77ma done — 0 thread(s)
2026-05-21 05:59:29 [INFO    ] crawl_pipeline.worker-2 | [Worker 2] 1tibqub done — 2 thread(s)
2026-05-21 05:59:29 [INFO    ] crawl_pipeline.worker-1 | [Worker 1] Processing 1ti4np8 (surabaya) — "A Blossom in Waiting 🤍🌿..."
2026-05-21 05:59:29 [INFO    ] crawl_pipeline.worker-1 | [Worker 1] 1ti4np8 done — 0 thread(s)
2026-05-21 05:59:29 [INFO    ] crawl_pipeline.worker-0 | [Worker 0] Processing 1th99h6 (indolostmedia) — "[F] Tayangan Race F1 di Global TV Tahun 2005..."
2026-05-21 05:59:30 [INFO    ] crawl_pipeline.worker-0 | [Worker 0] 1th99h6 done — 0 thread(s)
2026-05-21 05:59:30 [INFO    ] crawl_pipeline.worker-3 | [Worker 3] Processing 1th50yx (IndonesiaPics) — "Starting the Day Fresh at Pemkab Bojonegoro..."
2026-05-21 05:59:31 [INFO    ] crawl_pipeline.worker-2 | [Worker 2] Processing 1tfu42t (r4rindonesia) — "[M4F] 31 from the UK looking to make an Indonesian conn..."
2026-05-21 05:59:31 [INFO    ] crawl_pipeline.worker-3 | [Worker 3] 1th50yx done — 0 thread(s)
2026-05-21 05:59:31 [INFO    ] crawl_pipeline.worker-2 | [Worker 2] 1tfu42t done — 0 thread(s)
2026-05-21 05:59:31 [INFO    ] crawl_pipeline.worker-1 | [Worker 1] Processing 1tf17yl (malang) — "Surabaya Airport Cab services..."
2026-05-21 05:59:32 [INFO    ] crawl_pipeline.worker-0 | [Worker 0] Processing 1tendzp (DIYogyakarta) — "Yogyakarta - Borobudur Temple Visit..."
2026-05-21 05:59:32 [INFO    ] crawl_pipeline.worker-1 | [Worker 1] 1tf17yl done — 0 thread(s)
2026-05-21 05:59:32 [INFO    ] crawl_pipeline.worker-0 | [Worker 0] 1tendzp done — 0 thread(s)
2026-05-21 05:59:33 [INFO    ] crawl_pipeline.worker-3 | [Worker 3] Processing 1t0ktlj (ngeteh) — "Bagaimana ngetehmu bulan ini? (May 2026)..."
2026-05-21 05:59:33 [INFO    ] crawl_pipeline.worker-2 | [Worker 2] Processing 1sxzcff (IndoFlicks) — "Dangerous Seductress (1992) Indonesian horror from H. T..."
2026-05-21 05:59:33 [INFO    ] crawl_pipeline.worker-3 | [Worker 3] 1t0ktlj done — 0 thread(s)
2026-05-21 05:59:33 [INFO    ] crawl_pipeline.worker-2 | [Worker 2] 1sxzcff done — 0 thread(s)
2026-05-21 05:59:34 [INFO    ] crawl_pipeline.worker-1 | [Worker 1] Processing 1sw6n7j (RajaAmpat) — "First Dive ever in Raja Ampat - possible?..."
2026-05-21 05:59:34 [INFO    ] crawl_pipeline.worker-0 | [Worker 0] Processing 1sqvh2y (SalinTempel) — "Stop romanticising bokep lokal..."
2026-05-21 05:59:34 [INFO    ] crawl_pipeline.worker-1 | [Worker 1] 1sw6n7j done — 3 thread(s)
2026-05-21 05:59:34 [INFO    ] crawl_pipeline.worker-0 | [Worker 0] 1sqvh2y done — 1 thread(s)
2026-05-21 05:59:35 [INFO    ] crawl_pipeline.worker-3 | [Worker 3] Processing 1sl2w81 (idiotdijalanan) — "Malah pada berhenti 🤣..."
2026-05-21 05:59:35 [INFO    ] crawl_pipeline.worker-2 | [Worker 2] Processing 1s1b6so (IndonesianCoffee) — "Survey help needed!..."
2026-05-21 05:59:35 [INFO    ] crawl_pipeline.worker-3 | [Worker 3] 1sl2w81 done — 0 thread(s)
2026-05-21 05:59:35 [INFO    ] crawl_pipeline.worker-2 | [Worker 2] 1s1b6so done — 0 thread(s)
2026-05-21 05:59:36 [INFO    ] crawl_pipeline.worker-1 | [Worker 1] Processing 1qww8tv (sejarah) — "Foto 3: Visa ke Hindia Belanda..."
2026-05-21 05:59:36 [INFO    ] crawl_pipeline.worker-0 | [Worker 0] Processing 1qfwfai (aku_ddn) — "aku_ddn pertumbuhanekonomimakro..."
2026-05-21 05:59:36 [INFO    ] crawl_pipeline.worker-1 | [Worker 1] 1qww8tv done — 0 thread(s)
2026-05-21 05:59:37 [INFO    ] crawl_pipeline.worker-0 | [Worker 0] 1qfwfai done — 0 thread(s)
2026-05-21 05:59:37 [INFO    ] crawl_pipeline.worker-3 | [Worker 3] Processing 1pxr7j3 (IndoLGBT) — "Ruang diskusi LGBT-friendly untuk ex-Muslim Indonesia..."
2026-05-21 05:59:37 [INFO    ] crawl_pipeline.worker-2 | [Worker 2] Processing 1nfriyu (NusantaraRaya) — "Indonesia Pra-Nasional (Pra-1928) History Discussion Bi..."
2026-05-21 05:59:38 [INFO    ] crawl_pipeline.worker-3 | [Worker 3] 1pxr7j3 done — 1 thread(s)
2026-05-21 05:59:38 [INFO    ] crawl_pipeline.worker-2 | [Worker 2] 1nfriyu done — 1 thread(s)
2026-05-21 05:59:38 [INFO    ] crawl_pipeline.worker-1 | [Worker 1] Processing 1ksrgyg (RisetIndonesia) — "Survey Pengembangan Aplikasi Web berbasis AI untuk Pros..."
2026-05-21 05:59:39 [INFO    ] crawl_pipeline.worker-0 | [Worker 0] Processing 1iveec7 (Pisang) — "Pisang..."
2026-05-21 05:59:39 [INFO    ] crawl_pipeline.worker-1 | [Worker 1] 1ksrgyg done — 0 thread(s)
2026-05-21 05:59:39 [INFO    ] crawl_pipeline.worker-0 | [Worker 0] 1iveec7 done — 0 thread(s)
2026-05-21 05:59:40 [INFO    ] crawl_pipeline.worker-3 | [Worker 3] Processing 1e7sajx (bukanposronda) — "Helikopter di Bali jatuh karena Baling-baling terlilit ..."
2026-05-21 05:59:40 [INFO    ] crawl_pipeline.worker-2 | [Worker 2] Processing 1950ypa (IndonesianExMuslim) — "Utk bisa melupakan dan menjadi ignoran..."
2026-05-21 05:59:40 [INFO    ] crawl_pipeline.worker-3 | [Worker 3] 1e7sajx done — 0 thread(s)
2026-05-21 05:59:40 [INFO    ] crawl_pipeline.worker-2 | [Worker 2] 1950ypa done — 0 thread(s)
2026-05-21 05:59:41 [INFO    ] crawl_pipeline.worker-1 | [Worker 1] Processing 17j1go7 (GamerMobileIndonesia) — "World of Tanks Blitz..."
2026-05-21 05:59:41 [INFO    ] crawl_pipeline.worker-0 | [Worker 0] Processing g8syi6 (indomusic) — "Tokona menawarkan iklan gratis untuk musisi lepas dan g..."
2026-05-21 05:59:41 [INFO    ] crawl_pipeline.worker-1 | [Worker 1] 17j1go7 done — 0 thread(s)
2026-05-21 05:59:41 [INFO    ] crawl_pipeline.worker-0 | [Worker 0] g8syi6 done — 0 thread(s)
2026-05-21 05:59:42 [INFO    ] crawl_pipeline.worker-3 | [Worker 3] Processing 1tj6ztn (BaliTravelTips) — "Heading to Bali Nov 10-18..."
2026-05-21 05:59:42 [INFO    ] crawl_pipeline.worker-2 | [Worker 2] Processing 1tjbdes (BaliTravelTips) — "Health guidance needed..."
2026-05-21 05:59:42 [INFO    ] crawl_pipeline.worker-3 | [Worker 3] 1tj6ztn done — 1 thread(s)
2026-05-21 05:59:42 [INFO    ] crawl_pipeline.worker-2 | [Worker 2] 1tjbdes done — 0 thread(s)
2026-05-21 05:59:43 [INFO    ] crawl_pipeline.worker-1 | [Worker 1] Processing 1tj9w5e (indonesiabebas) — "Waduh satria kerja sudra..."
2026-05-21 05:59:43 [INFO    ] crawl_pipeline.worker-0 | [Worker 0] Processing 1tjacae (BaliTravelTips) — "2 Weeks itinerary advice..."
2026-05-21 05:59:43 [INFO    ] crawl_pipeline.worker-1 | [Worker 1] 1tj9w5e done — 0 thread(s)
2026-05-21 05:59:43 [INFO    ] crawl_pipeline.worker-0 | [Worker 0] 1tjacae done — 1 thread(s)
2026-05-21 05:59:44 [INFO    ] crawl_pipeline.worker-3 | [Worker 3] Processing 1tj8t3n (jualbeliindonesia) — "WTS Samsung B-series Soundbar HW-B650 3.1ch Subwoofer..."
2026-05-21 05:59:44 [INFO    ] crawl_pipeline.worker-2 | [Worker 2] Processing 1tibcqo (Perempuan) — "Gimana caranya jadi pekerja keras dan tahan banting? Gi..."
2026-05-21 05:59:45 [INFO    ] crawl_pipeline.worker-3 | [Worker 3] 1tj8t3n done — 0 thread(s)
2026-05-21 05:59:45 [INFO    ] crawl_pipeline.worker-2 | [Worker 2] 1tibcqo done — 0 thread(s)
2026-05-21 05:59:45 [INFO    ] crawl_pipeline.worker-1 | [Worker 1] Processing 1tiik4m (Perempuan) — "Triggered by comments thrown by my manager..."
2026-05-21 05:59:45 [INFO    ] crawl_pipeline.worker-0 | [Worker 0] Processing 1tj8ylx (BaliTravelTips) — "Uluwatu, Kecak Dance, Tanah Lot in one day..."
2026-05-21 05:59:46 [INFO    ] crawl_pipeline.worker-1 | [Worker 1] 1tiik4m done — 1 thread(s)
2026-05-21 05:59:46 [INFO    ] crawl_pipeline.worker-0 | [Worker 0] 1tj8ylx done — 0 thread(s)
2026-05-21 05:59:47 [INFO    ] crawl_pipeline.worker-3 | [Worker 3] Processing 1tj9gm1 (IndoGamer) — "Game2 apa yang cocok buat lu rekomendasiin ke gamer try..."
2026-05-21 05:59:47 [INFO    ] crawl_pipeline.worker-2 | [Worker 2] Processing 1tj8csl (BaliTravelTips) — "Airport to canguu..."
2026-05-21 05:59:47 [INFO    ] crawl_pipeline.worker-3 | [Worker 3] 1tj9gm1 done — 6 thread(s)
2026-05-21 05:59:47 [INFO    ] crawl_pipeline.worker-2 | [Worker 2] 1tj8csl done — 0 thread(s)
2026-05-21 05:59:48 [INFO    ] crawl_pipeline.worker-1 | [Worker 1] Processing 1tj3ox4 (indonesiabebas) — "kenapa pendidikan Vietnam bisa maju tanpa program heboh..."
2026-05-21 05:59:48 [INFO    ] crawl_pipeline.worker-0 | [Worker 0] Processing 1tihpv9 (JudiSaham) — "Broksum KETR May 20th - Besok fix ARA..."
2026-05-21 05:59:48 [INFO    ] crawl_pipeline.worker-1 | [Worker 1] 1tj3ox4 done — 0 thread(s)
2026-05-21 05:59:48 [INFO    ] crawl_pipeline.worker-0 | [Worker 0] 1tihpv9 done — 0 thread(s)
2026-05-21 05:59:49 [INFO    ] crawl_pipeline.worker-3 | [Worker 3] Processing 1tjbemn (bali) — "Where can I get a haircut like this?..."
2026-05-21 05:59:49 [INFO    ] crawl_pipeline.worker-3 | [Worker 3] 1tjbemn done — 0 thread(s)
2026-05-21 05:59:49 [INFO    ] crawl_pipeline.worker-2 | [Worker 2] Processing 1thswt4 (surabaya) — "Pasang nameset jersey bola..."
2026-05-21 05:59:50 [INFO    ] crawl_pipeline.worker-2 | [Worker 2] 1thswt4 done — 0 thread(s)
2026-05-21 05:59:50 [INFO    ] crawl_pipeline.worker-1 | [Worker 1] Processing 1tj1nh2 (AdaIndonesiaCoy) — "Agree..."
2026-05-21 05:59:50 [INFO    ] crawl_pipeline.worker-0 | [Worker 0] Processing 1tj9mxz (AdaIndonesiaCoy) — "Bro has seen the great depression and tung tung tung sa..."
2026-05-21 05:59:50 [INFO    ] crawl_pipeline.worker-1 | [Worker 1] 1tj1nh2 done — 0 thread(s)
2026-05-21 05:59:50 [INFO    ] crawl_pipeline.worker-0 | [Worker 0] 1tj9mxz done — 0 thread(s)
2026-05-21 05:59:51 [INFO    ] crawl_pipeline.worker-3 | [Worker 3] Processing 1tj8igp (jualbeliindonesia) — "WTS Asus Prime RX 9070 XT 16GB GDDR6 Garansi s/d 2029..."
2026-05-21 05:59:52 [INFO    ] crawl_pipeline.worker-2 | [Worker 2] Processing 1tj8fy0 (jualbeliindonesia) — "WTS Paketan i5-12400F + RAM 32GB (2x16GB) 3200 Mhz + Mo..."
2026-05-21 05:59:52 [INFO    ] crawl_pipeline.worker-3 | [Worker 3] 1tj8igp done — 0 thread(s)
2026-05-21 05:59:52 [INFO    ] crawl_pipeline.worker-2 | [Worker 2] 1tj8fy0 done — 0 thread(s)
2026-05-21 05:59:52 [INFO    ] crawl_pipeline.worker-1 | [Worker 1] Processing 1tj6xln (indonesia) — "28 Tahun yang Lalu..."
2026-05-21 05:59:52 [INFO    ] crawl_pipeline.worker-0 | [Worker 0] Processing 1tj4al8 (indonesia) — "Strategi yang bisa digunakan agar rupiah tidak lemah......"
2026-05-21 05:59:53 [INFO    ] crawl_pipeline.worker-1 | [Worker 1] 1tj6xln done — 0 thread(s)
2026-05-21 05:59:53 [INFO    ] crawl_pipeline.worker-0 | [Worker 0] 1tj4al8 done — 0 thread(s)
2026-05-21 05:59:54 [INFO    ] crawl_pipeline.worker-3 | [Worker 3] Processing 1thoxm1 (indocartalk) — "Report BYD hari ini - Selasa, 19 Mei 2026..."
2026-05-21 05:59:54 [INFO    ] crawl_pipeline.worker-2 | [Worker 2] Processing 1tj8z62 (indotech) — "Nadiem Makarim dan Hancurnya Industri Startup Indonesia..."
2026-05-21 05:59:54 [INFO    ] crawl_pipeline.worker-2 | [Worker 2] 1tj8z62 done — 0 thread(s)
2026-05-21 05:59:54 [INFO    ] crawl_pipeline.worker-3 | [Worker 3] 1thoxm1 done — 0 thread(s)
2026-05-21 05:59:55 [INFO    ] crawl_pipeline.worker-1 | [Worker 1] Processing 1tj4zht (WkwkwkLand) — "Dr. Tantrum vs Dr Tentram..."
2026-05-21 05:59:55 [INFO    ] crawl_pipeline.worker-0 | [Worker 0] Processing 1tj6bqj (indonesia) — "Prabowo: Gaji Guru dan ASN Kecil Karena Kekayaan RI Kab..."
2026-05-21 05:59:55 [INFO    ] crawl_pipeline.worker-1 | [Worker 1] 1tj4zht done — 0 thread(s)
2026-05-21 05:59:55 [INFO    ] crawl_pipeline.worker-0 | [Worker 0] 1tj6bqj done — 0 thread(s)
2026-05-21 05:59:56 [INFO    ] crawl_pipeline.worker-2 | [Worker 2] Processing 1tic2xl (IndoGamer) — "Mimpi basah fans persona..."
2026-05-21 05:59:56 [INFO    ] crawl_pipeline.worker-3 | [Worker 3] Processing 1ti7f4p (indocartalk) — "Diskon geely ex5 pro / max berapa sih? Pada dapat harga..."
2026-05-21 05:59:57 [INFO    ] crawl_pipeline.worker-3 | [Worker 3] 1ti7f4p done — 4 thread(s)
2026-05-21 05:59:57 [INFO    ] crawl_pipeline.worker-2 | [Worker 2] 1tic2xl done — 0 thread(s)
2026-05-21 05:59:57 [INFO    ] crawl_pipeline.worker-1 | [Worker 1] Processing 1tj5uy6 (WkwkwkLand) — "Hari Hari ngelamar di perusahaan Lokal...."
2026-05-21 05:59:57 [INFO    ] crawl_pipeline.worker-1 | [Worker 1] 1tj5uy6 done — 0 thread(s)
2026-05-21 05:59:57 [INFO    ] crawl_pipeline.worker-0 | [Worker 0] Processing 1iv9w98 (Pisang) — "Pisang..."
2026-05-21 05:59:58 [INFO    ] crawl_pipeline.worker-0 | [Worker 0] 1iv9w98 done — 0 thread(s)
2026-05-21 05:59:59 [INFO    ] crawl_pipeline.worker-3 | [Worker 3] Processing 1tj8y5c (indowibu) — "Please Jangan Boebar Doeloe..."
2026-05-21 05:59:59 [INFO    ] crawl_pipeline.worker-2 | [Worker 2] Processing 1tj803f (indonesia) — "Rocky gerung jadi bisu sama pemerintahan prabowo?..."
2026-05-21 05:59:59 [INFO    ] crawl_pipeline.worker-3 | [Worker 3] 1tj8y5c done — 0 thread(s)
2026-05-21 05:59:59 [INFO    ] crawl_pipeline.worker-2 | [Worker 2] 1tj803f done — 5 thread(s)
2026-05-21 05:59:59 [INFO    ] crawl_pipeline.worker-1 | [Worker 1] Processing 1tj5tas (jualbeliindonesia) — "WTS Japanese leather wallet..."
2026-05-21 06:00:00 [INFO    ] crawl_pipeline.worker-1 | [Worker 1] 1tj5tas done — 0 thread(s)
2026-05-21 06:00:00 [INFO    ] crawl_pipeline.worker-0 | [Worker 0] Processing 1tj6c1g (indonesia) — "What's your favorite Indonesia's Traditional Sport?..."
2026-05-21 06:00:00 [INFO    ] crawl_pipeline.worker-0 | [Worker 0] 1tj6c1g done — 0 thread(s)
2026-05-21 06:00:01 [INFO    ] crawl_pipeline.worker-3 | [Worker 3] Processing 1tj626i (WkwkwkLand) — "Please Jangan Boebar Doeloe..."
2026-05-21 06:00:01 [INFO    ] crawl_pipeline.worker-2 | [Worker 2] Processing 1tiqn0z (Cekrek) — "Portrait From Photography Event (Bandung Lautan Photogr..."
2026-05-21 06:00:01 [INFO    ] crawl_pipeline.worker-3 | [Worker 3] 1tj626i done — 0 thread(s)
2026-05-21 06:00:02 [INFO    ] crawl_pipeline.worker-1 | [Worker 1] Processing 1tjau4f (IndoGamer) — "Untuk harga Laptop atau PC dengan spesifikasi game ini ..."
2026-05-21 06:00:02 [INFO    ] crawl_pipeline.worker-0 | [Worker 0] Processing 1tjaibh (jualbeliindonesia) — "wtb jasa gig (?)..."
2026-05-21 06:00:02 [INFO    ] crawl_pipeline.worker-2 | [Worker 2] 1tiqn0z done — 0 thread(s)
2026-05-21 06:00:03 [INFO    ] crawl_pipeline.worker-1 | [Worker 1] 1tjau4f done — 0 thread(s)
2026-05-21 06:00:03 [INFO    ] crawl_pipeline.worker-3 | [Worker 3] Processing 1tj8bry (indotech) — "Dana 6-8 jtaan aja, lebih enak mana antara Handheld gam..."
2026-05-21 06:00:03 [INFO    ] crawl_pipeline.worker-0 | [Worker 0] 1tjaibh done — 0 thread(s)
2026-05-21 06:00:04 [INFO    ] crawl_pipeline.worker-2 | [Worker 2] Processing 1ti6ckk (Perempuan) — "Just ended a miserable relationship, I feel so free..."
2026-05-21 06:00:04 [INFO    ] crawl_pipeline.worker-3 | [Worker 3] 1tj8bry done — 6 thread(s)
2026-05-21 06:00:05 [INFO    ] crawl_pipeline.worker-1 | [Worker 1] Processing 1tjagft (WkwkwkLand) — "shits gone too far..."
2026-05-21 06:00:05 [INFO    ] crawl_pipeline.worker-2 | [Worker 2] 1ti6ckk done — 3 thread(s)
2026-05-21 06:00:05 [INFO    ] crawl_pipeline.worker-0 | [Worker 0] Processing 1tj2dcm (indowibu) — "Wtf is this ancient cccbending technique..."
2026-05-21 06:00:06 [INFO    ] crawl_pipeline.worker-1 | [Worker 1] 1tjagft done — 0 thread(s)
2026-05-21 06:00:06 [INFO    ] crawl_pipeline.worker-3 | [Worker 3] Processing 1tj6ls0 (WkwkwkLand) — "Economy so shite even console worth more than entire st..."
2026-05-21 06:00:07 [INFO    ] crawl_pipeline.worker-2 | [Worker 2] Processing 1tig6zt (JudiSaham) — "DEWA sampai 900 / 1000 Rupiah?..."
2026-05-21 06:00:07 [INFO    ] crawl_pipeline.worker-0 | [Worker 0] 1tj2dcm done — 0 thread(s)
2026-05-21 06:00:08 [INFO    ] crawl_pipeline.worker-1 | [Worker 1] Processing 1tj7klv (indotech) — "Pertimbangan beli Mekbuk di 2026..."
2026-05-21 06:00:09 [INFO    ] crawl_pipeline.worker-1 | [Worker 1] 1tj7klv done — 1 thread(s)
2026-05-21 06:00:09 [INFO    ] crawl_pipeline.worker-0 | [Worker 0] Processing 1tj1rdk (BaliTravelTips) — "What is the cheapest way to get from Canggu to Amed Bea..."
2026-05-21 06:00:09 [INFO    ] crawl_pipeline.worker-3 | [Worker 3] 1tj6ls0 done — 0 thread(s)
2026-05-21 06:00:10 [INFO    ] crawl_pipeline.worker-2 | [Worker 2] 1tig6zt done — 1 thread(s)
2026-05-21 06:00:11 [INFO    ] crawl_pipeline.worker-0 | [Worker 0] 1tj1rdk done — 0 thread(s)
2026-05-21 06:00:11 [INFO    ] crawl_pipeline.worker-1 | [Worker 1] Processing 1tj5u61 (finansial) — "Help me choose Kuliah UPH + Mobil Baru vs Sunway Univer..."
2026-05-21 06:00:11 [INFO    ] crawl_pipeline.worker-3 | [Worker 3] Processing 1tjbda2 (jualbeliindonesia) — "wts Rumah di Kramat Jati, Jakarta Timur..."
2026-05-21 06:00:12 [INFO    ] crawl_pipeline.worker-2 | [Worker 2] Processing 1tj8zwf (indonesia) — "Apa yg Anda lakukan jika ada dalam posisi ini? Apakah A..."
2026-05-21 06:00:12 [INFO    ] crawl_pipeline.worker-1 | [Worker 1] 1tj5u61 done — 6 thread(s)
2026-05-21 06:00:12 [INFO    ] crawl_pipeline.worker-3 | [Worker 3] 1tjbda2 done — 0 thread(s)
2026-05-21 06:00:13 [INFO    ] crawl_pipeline.worker-0 | [Worker 0] Processing 1tj8z68 (indotech) — "[Help] Bantu racikan untuk PC &amp; Monitor budget ment..."
2026-05-21 06:00:14 [INFO    ] crawl_pipeline.worker-1 | [Worker 1] Processing 1thmj7o (indonesian) — "how hard is it to adapt to the working environment in i..."
2026-05-21 06:00:14 [INFO    ] crawl_pipeline.worker-0 | [Worker 0] 1tj8z68 done — 0 thread(s)
2026-05-21 06:00:14 [INFO    ] crawl_pipeline.worker-3 | [Worker 3] Processing 1tjag04 (WkwkwkLand) — "film apalagi yang lain?..."
2026-05-21 06:00:15 [INFO    ] crawl_pipeline.worker-3 | [Worker 3] 1tjag04 done — 0 thread(s)
2026-05-21 06:00:15 [INFO    ] crawl_pipeline.worker-1 | [Worker 1] 1thmj7o done — 1 thread(s)
2026-05-21 06:00:15 [INFO    ] crawl_pipeline.worker-2 | [Worker 2] 1tj8zwf done — 0 thread(s)
2026-05-21 06:00:16 [INFO    ] crawl_pipeline.worker-0 | [Worker 0] Processing 1tinh7b (indonesiabebas) — "Gaji guru hampir saja mau dinaikin 300%..."
2026-05-21 06:00:17 [INFO    ] crawl_pipeline.worker-3 | [Worker 3] Processing 1timrvg (indonesia) — "Prabowo vs IHSG Sesi 1 Hari Ini..."
2026-05-21 06:00:17 [INFO    ] crawl_pipeline.worker-1 | [Worker 1] Processing 1tj3w0b (AdaIndonesiaCoy) — "Kid Hugging Giant Snake..."
2026-05-21 06:00:17 [INFO    ] crawl_pipeline.worker-2 | [Worker 2] Processing 1tj4she (jualbeliindonesia) — "WTS TWS Earfun Air Pro 4..."
2026-05-21 06:00:18 [INFO    ] crawl_pipeline.worker-3 | [Worker 3] 1timrvg done — 0 thread(s)
2026-05-21 06:00:18 [INFO    ] crawl_pipeline.worker-0 | [Worker 0] 1tinh7b done — 0 thread(s)
2026-05-21 06:00:19 [INFO    ] crawl_pipeline.worker-2 | [Worker 2] 1tj4she done — 0 thread(s)
2026-05-21 06:00:20 [INFO    ] crawl_pipeline.worker-1 | [Worker 1] 1tj3w0b done — 0 thread(s)
2026-05-21 06:00:20 [INFO    ] crawl_pipeline.worker-3 | [Worker 3] Processing 1tj9ugp (indonesia) — "Waduh sudah ada gamenya..."
2026-05-21 06:00:20 [INFO    ] crawl_pipeline.worker-0 | [Worker 0] Processing 1tiudkf (indonesia) — "Tempe &amp; Tempo Convergence..."
2026-05-21 06:00:20 [INFO    ] crawl_pipeline.posts |   [hot] page: 100 new, 0 skipped | listing total: 300
2026-05-21 06:00:21 [INFO    ] crawl_pipeline.worker-3 | [Worker 3] 1tj9ugp done — 0 thread(s)
2026-05-21 06:00:21 [INFO    ] crawl_pipeline.worker-2 | [Worker 2] Processing 1tja2gb (finansial) — "Objectively what are the Best and Worst Majors currentl..."
2026-05-21 06:00:21 [INFO    ] crawl_pipeline.worker-2 | [Worker 2] 1tja2gb done — 0 thread(s)
2026-05-21 06:00:22 [INFO    ] crawl_pipeline.worker-1 | [Worker 1] Processing 1tiif24 (kulineria) — "Snack sehabis kantor....."
2026-05-21 06:00:23 [INFO    ] crawl_pipeline.worker-3 | [Worker 3] Processing 1thq8w1 (indocartalk) — "Chery q ev prebook. Bonus speaker TOA external buat ter..."
2026-05-21 06:00:23 [INFO    ] crawl_pipeline.worker-2 | [Worker 2] Processing 1tj7pnj (indonesia) — "Jakarta di Bayang-bayang Teror Begal..."
2026-05-21 06:00:24 [INFO    ] crawl_pipeline.worker-3 | [Worker 3] 1thq8w1 done — 0 thread(s)
2026-05-21 06:00:24 [INFO    ] crawl_pipeline.worker-1 | [Worker 1] 1tiif24 done — 0 thread(s)
2026-05-21 06:00:24 [INFO    ] crawl_pipeline.worker-2 | [Worker 2] 1tj7pnj done — 0 thread(s)
2026-05-21 06:00:26 [INFO    ] crawl_pipeline.worker-3 | [Worker 3] Processing 1tj5xnp (indotech) — "apakah worth it nambah 1.5jt buat naik dari i5 11th ke ..."
2026-05-21 06:00:26 [INFO    ] crawl_pipeline.worker-0 | [Worker 0] 1tiudkf done — 0 thread(s)
2026-05-21 06:00:26 [INFO    ] crawl_pipeline.worker-1 | [Worker 1] Processing 1tieaof (jualbeliindonesia) — "WTS Jual PC kesayangan Ryzen 9 9900x (12 core) + RTX 50..."
2026-05-21 06:00:26 [INFO    ] crawl_pipeline.worker-2 | [Worker 2] Processing 1tj9itd (finansial) — "Indonesia is at a perpendicular intersection of two dif..."
2026-05-21 06:00:27 [INFO    ] crawl_pipeline.worker-1 | [Worker 1] 1tieaof done — 0 thread(s)
2026-05-21 06:00:27 [INFO    ] crawl_pipeline.worker-2 | [Worker 2] 1tj9itd done — 0 thread(s)
2026-05-21 06:00:28 [INFO    ] crawl_pipeline.worker-0 | [Worker 0] Processing 1tj4a7c (WkwkwkLand) — "Hidup Shorthair..."
2026-05-21 06:00:28 [INFO    ] crawl_pipeline.worker-0 | [Worker 0] 1tj4a7c done — 0 thread(s)
2026-05-21 06:00:29 [INFO    ] crawl_pipeline.worker-1 | [Worker 1] Processing 1tiifgd (Cekrek) — "Jogja Sunset..."
2026-05-21 06:00:29 [INFO    ] crawl_pipeline.worker-1 | [Worker 1] 1tiifgd done — 0 thread(s)
2026-05-21 06:00:29 [INFO    ] crawl_pipeline.worker-2 | [Worker 2] Processing 1tj2bu4 (WkwkwkLand) — "Sedang mendidik uang agar tidak lemah..."
2026-05-21 06:00:30 [INFO    ] crawl_pipeline.worker-3 | [Worker 3] 1tj5xnp done — 0 thread(s)
2026-05-21 06:00:30 [INFO    ] crawl_pipeline.worker-2 | [Worker 2] 1tj2bu4 done — 0 thread(s)
2026-05-21 06:00:30 [INFO    ] crawl_pipeline.worker-0 | [Worker 0] Processing 1tihqb0 (WkwkwkLand) — "President kitorang takde bijinya satu..."
2026-05-21 06:00:31 [INFO    ] crawl_pipeline.worker-0 | [Worker 0] 1tihqb0 done — 0 thread(s)
2026-05-21 06:00:31 [INFO    ] crawl_pipeline.worker-1 | [Worker 1] Processing 1tj3ayw (WkwkwkLand) — "Sosmed memang bikin depresi, tpi untuk orang konoha, su..."
2026-05-21 06:00:32 [INFO    ] crawl_pipeline.worker-3 | [Worker 3] Processing 1tizh1i (jualbeliindonesia) — "Wts Salomon hand running 400k baru masih plastikan..."
2026-05-21 06:00:32 [INFO    ] crawl_pipeline.worker-1 | [Worker 1] 1tj3ayw done — 0 thread(s)
2026-05-21 06:00:32 [INFO    ] crawl_pipeline.worker-2 | [Worker 2] Processing 1tj640z (jualbeliindonesia) — "WTS steam game keys..."
2026-05-21 06:00:33 [INFO    ] crawl_pipeline.worker-0 | [Worker 0] Processing 1tiu1hq (BaliTravelTips) — "Bali | 25th to 29th May..."
2026-05-21 06:00:33 [INFO    ] crawl_pipeline.worker-2 | [Worker 2] 1tj640z done — 0 thread(s)
2026-05-21 06:00:33 [INFO    ] crawl_pipeline.worker-3 | [Worker 3] 1tizh1i done — 0 thread(s)
2026-05-21 06:00:34 [INFO    ] crawl_pipeline.worker-0 | [Worker 0] 1tiu1hq done — 1 thread(s)
2026-05-21 06:00:34 [INFO    ] crawl_pipeline.worker-1 | [Worker 1] Processing 1tj3r4n (WkwkwkLand) — "maksudnya Thermul Jocoensis..."
2026-05-21 06:00:35 [INFO    ] crawl_pipeline.worker-1 | [Worker 1] 1tj3r4n done — 0 thread(s)
2026-05-21 06:00:35 [INFO    ] crawl_pipeline.worker-2 | [Worker 2] Processing 1thjn17 (indocartalk) — "Jangan lupa selalu cek tempat parkir siapa tau ada mobi..."
2026-05-21 06:00:35 [INFO    ] crawl_pipeline.worker-3 | [Worker 3] Processing 1tii40s (AdaIndonesiaCoy) — "Biker Thinks The Railway Barriers Are Not For Her..."
2026-05-21 06:00:36 [INFO    ] crawl_pipeline.worker-0 | [Worker 0] Processing 1til8zi (bali) — "Whats the best instant Rendang spice mix one can buy on..."
2026-05-21 06:00:36 [INFO    ] crawl_pipeline.worker-2 | [Worker 2] 1thjn17 done — 0 thread(s)
2026-05-21 06:00:36 [INFO    ] crawl_pipeline.worker-0 | [Worker 0] 1til8zi done — 0 thread(s)
2026-05-21 06:00:36 [INFO    ] crawl_pipeline.worker-3 | [Worker 3] 1tii40s done — 0 thread(s)
2026-05-21 06:00:37 [INFO    ] crawl_pipeline.worker-1 | [Worker 1] Processing 1tj9ywy (WkwkwkLand) — "Fesnuk sekarang penuh tukang pancing..."
2026-05-21 06:00:38 [INFO    ] crawl_pipeline.worker-1 | [Worker 1] 1tj9ywy done — 0 thread(s)
2026-05-21 06:00:38 [INFO    ] crawl_pipeline.worker-2 | [Worker 2] Processing 1tj8t0s (indotech) — "Asus ROG G17 RTX 3050 to Macbook PRO M1 PRO..."
2026-05-21 06:00:38 [INFO    ] crawl_pipeline.worker-2 | [Worker 2] 1tj8t0s done — 0 thread(s)
2026-05-21 06:00:38 [INFO    ] crawl_pipeline.worker-0 | [Worker 0] Processing 1thj6vn (indocartalk) — "Bocoran harga byd M6 PHEV..."
2026-05-21 06:00:38 [INFO    ] crawl_pipeline.worker-3 | [Worker 3] Processing 1tjb6g0 (indotech) — "Apa upsell begini sudah dinormalisasi di toko online? b..."
2026-05-21 06:00:39 [INFO    ] crawl_pipeline.worker-3 | [Worker 3] 1tjb6g0 done — 0 thread(s)
2026-05-21 06:00:39 [INFO    ] crawl_pipeline.worker-0 | [Worker 0] 1thj6vn done — 0 thread(s)
2026-05-21 06:00:40 [INFO    ] crawl_pipeline.worker-1 | [Worker 1] Processing 1tiieqo (indonesia) — "atau 2028..."
2026-05-21 06:00:40 [INFO    ] crawl_pipeline.worker-2 | [Worker 2] Processing 1tixm34 (bali) — "Pilates in Canggu..."
2026-05-21 06:00:41 [INFO    ] crawl_pipeline.worker-3 | [Worker 3] Processing 1tiq8xc (WkwkwkLand) — "Nemu di fb..."
2026-05-21 06:00:41 [INFO    ] crawl_pipeline.worker-0 | [Worker 0] Processing 1tjafn8 (WkwkwkLand) — "terlambat ga?..."
2026-05-21 06:00:42 [INFO    ] crawl_pipeline.worker-1 | [Worker 1] 1tiieqo done — 0 thread(s)
2026-05-21 06:00:42 [INFO    ] crawl_pipeline.worker-3 | [Worker 3] 1tiq8xc done — 0 thread(s)
2026-05-21 06:00:43 [INFO    ] crawl_pipeline.worker-0 | [Worker 0] 1tjafn8 done — 0 thread(s)
2026-05-21 06:00:44 [INFO    ] crawl_pipeline.worker-1 | [Worker 1] Processing 1tii22q (jualbeliindonesia) — "WTS ACER ASPIRE ONE D270..."
2026-05-21 06:00:44 [INFO    ] crawl_pipeline.worker-3 | [Worker 3] Processing 1tj36fv (indonesia) — "Prabowo Klaim Sangat Dihormati Kalau ke Luar Negeri..."
2026-05-21 06:00:44 [INFO    ] crawl_pipeline.worker-2 | [Worker 2] 1tixm34 done — 1 thread(s)
2026-05-21 06:00:44 [INFO    ] crawl_pipeline.worker-1 | [Worker 1] 1tii22q done — 0 thread(s)
2026-05-21 06:00:45 [INFO    ] crawl_pipeline.worker-3 | [Worker 3] 1tj36fv done — 0 thread(s)
2026-05-21 06:00:45 [INFO    ] crawl_pipeline.worker-0 | [Worker 0] Processing 1ti8dc8 (jualbeliindonesia) — "WTS Bersih-Bersih Gadget Second &amp; BNIB — DJI Mini 3..."
2026-05-21 06:00:46 [INFO    ] crawl_pipeline.worker-2 | [Worker 2] Processing 1tiqr00 (BaliTravelTips) — "Lost child’s bag - Batik air..."
2026-05-21 06:00:46 [INFO    ] crawl_pipeline.worker-0 | [Worker 0] 1ti8dc8 done — 0 thread(s)
2026-05-21 06:00:46 [INFO    ] crawl_pipeline.worker-1 | [Worker 1] Processing 1tj8lhd (jualbeliindonesia) — "WTS RAM PC Geil Evo Potenza DDR4 2x8GB 2666mhz LongDIMM..."
2026-05-21 06:00:47 [INFO    ] crawl_pipeline.worker-3 | [Worker 3] Processing 1tigxe7 (indonesiabebas) — "Wok menterimu loh yang bilang..."
2026-05-21 06:00:47 [INFO    ] crawl_pipeline.worker-1 | [Worker 1] 1tj8lhd done — 0 thread(s)
2026-05-21 06:00:47 [INFO    ] crawl_pipeline.worker-2 | [Worker 2] 1tiqr00 done — 1 thread(s)
2026-05-21 06:00:48 [INFO    ] crawl_pipeline.worker-0 | [Worker 0] Processing 1tj8ew1 (jualbeliindonesia) — "WTS , playstation 5 fat disc , ex sony indo..."
2026-05-21 06:00:49 [INFO    ] crawl_pipeline.worker-3 | [Worker 3] 1tigxe7 done — 0 thread(s)
2026-05-21 06:00:49 [INFO    ] crawl_pipeline.worker-0 | [Worker 0] 1tj8ew1 done — 0 thread(s)
2026-05-21 06:00:49 [INFO    ] crawl_pipeline.worker-1 | [Worker 1] Processing 1tj8be4 (jualbeliindonesia) — "WTS Fan PC 12cm NZXT RF-AP120-FP Copotan AIO NZXT Krake..."
2026-05-21 06:00:49 [INFO    ] crawl_pipeline.worker-2 | [Worker 2] Processing 1tiw9sf (indowibu) — "Static (🎨: @MelonbreadFBP )..."
2026-05-21 06:00:50 [INFO    ] crawl_pipeline.worker-1 | [Worker 1] 1tj8be4 done — 0 thread(s)
2026-05-21 06:00:50 [INFO    ] crawl_pipeline.worker-2 | [Worker 2] 1tiw9sf done — 0 thread(s)
2026-05-21 06:00:51 [INFO    ] crawl_pipeline.worker-3 | [Worker 3] Processing 1tikbwg (indonesia) — "Majalah Matra Prabowo April 2004..."
2026-05-21 06:00:51 [INFO    ] crawl_pipeline.worker-0 | [Worker 0] Processing 1ti5non (IndoGamer) — "Gw bikin game dimana kalian harus meneriakkan mantra bu..."
2026-05-21 06:00:52 [INFO    ] crawl_pipeline.worker-0 | [Worker 0] 1ti5non done — 0 thread(s)
2026-05-21 06:00:52 [INFO    ] crawl_pipeline.worker-1 | [Worker 1] Processing 1tim1be (indonesia) — "We're waiting..."
2026-05-21 06:00:52 [INFO    ] crawl_pipeline.worker-2 | [Worker 2] Processing 1tj7f7s (jualbeliindonesia) — "WTS STILL NEW HIFI AIR 4G WIFI ROUTER RP250.000..."
2026-05-21 06:00:53 [INFO    ] crawl_pipeline.worker-2 | [Worker 2] 1tj7f7s done — 0 thread(s)
2026-05-21 06:00:53 [INFO    ] crawl_pipeline.worker-3 | [Worker 3] 1tikbwg done — 0 thread(s)
2026-05-21 06:00:53 [INFO    ] crawl_pipeline.worker-1 | [Worker 1] 1tim1be done — 0 thread(s)
2026-05-21 06:00:54 [INFO    ] crawl_pipeline.worker-0 | [Worker 0] Processing 1tio1a5 (WkwkwkLand) — "Momen tak terduga..."
2026-05-21 06:00:55 [INFO    ] crawl_pipeline.worker-2 | [Worker 2] Processing 1tigw0b (kulineria) — "Brownies &amp; Cookies from That Influencer..."
2026-05-21 06:00:55 [INFO    ] crawl_pipeline.worker-0 | [Worker 0] 1tio1a5 done — 0 thread(s)
2026-05-21 06:00:55 [INFO    ] crawl_pipeline.worker-3 | [Worker 3] Processing 1tikp1s (jualbeliindonesia) — "WTS Iphone 17 258Gb Ibox PA/A BH 100% Fullset Casing Mo..."
2026-05-21 06:00:55 [INFO    ] crawl_pipeline.worker-1 | [Worker 1] Processing 1tih2v3 (indonesia) — "MK baru sampai rumah..."
2026-05-21 06:00:55 [INFO    ] crawl_pipeline.worker-2 | [Worker 2] 1tigw0b done — 0 thread(s)
2026-05-21 06:00:56 [INFO    ] crawl_pipeline.worker-3 | [Worker 3] 1tikp1s done — 0 thread(s)
2026-05-21 06:00:56 [INFO    ] crawl_pipeline.worker-1 | [Worker 1] 1tih2v3 done — 0 thread(s)
2026-05-21 06:00:57 [INFO    ] crawl_pipeline.worker-0 | [Worker 0] Processing 1tit7mz (jualbeliindonesia) — "WTS Godox Litemons LA200D (bisa Nego/ Like New)..."
2026-05-21 06:00:57 [INFO    ] crawl_pipeline.worker-2 | [Worker 2] Processing 1tj73oo (jualbeliindonesia) — "WTB Iphone 17 or lower..."
2026-05-21 06:00:58 [INFO    ] crawl_pipeline.worker-3 | [Worker 3] Processing 1tioixn (BaliTravelTips) — "Grab/Gojek (Car/Bike?)..."
2026-05-21 06:00:58 [INFO    ] crawl_pipeline.worker-0 | [Worker 0] 1tit7mz done — 0 thread(s)
2026-05-21 06:00:58 [INFO    ] crawl_pipeline.worker-3 | [Worker 3] 1tioixn done — 0 thread(s)
2026-05-21 06:00:58 [INFO    ] crawl_pipeline.worker-1 | [Worker 1] Processing 1tifrzy (Cekrek) — "Punya rekomendasi kamera gak bang?..."
2026-05-21 06:00:58 [INFO    ] crawl_pipeline.worker-2 | [Worker 2] 1tj73oo done — 0 thread(s)
2026-05-21 06:00:59 [INFO    ] crawl_pipeline.worker-1 | [Worker 1] 1tifrzy done — 1 thread(s)
2026-05-21 06:01:00 [INFO    ] crawl_pipeline.worker-0 | [Worker 0] Processing 1tio9e1 (BaliTravelTips) — "Best Routes for NY&gt; Bali, Indonesia??..."
2026-05-21 06:01:00 [INFO    ] crawl_pipeline.worker-3 | [Worker 3] Processing 1th68dp (indocartalk) — "Semua akan berurusan dengan taksi ijo pada akhirnya..."
2026-05-21 06:01:00 [INFO    ] crawl_pipeline.worker-0 | [Worker 0] 1tio9e1 done — 0 thread(s)
2026-05-21 06:01:00 [INFO    ] crawl_pipeline.worker-2 | [Worker 2] Processing 1thfj1u (bali) — "Bali through my lens 📸💚..."
2026-05-21 06:01:01 [INFO    ] crawl_pipeline.worker-3 | [Worker 3] 1th68dp done — 0 thread(s)
2026-05-21 06:01:01 [INFO    ] crawl_pipeline.worker-1 | [Worker 1] Processing 1tj67mr (jualbeliindonesia) — "WTS Steam Wallet (Via Suntik / List Market)..."
2026-05-21 06:01:01 [INFO    ] crawl_pipeline.worker-1 | [Worker 1] 1tj67mr done — 0 thread(s)
2026-05-21 06:01:01 [INFO    ] crawl_pipeline.worker-2 | [Worker 2] 1thfj1u done — 0 thread(s)
2026-05-21 06:01:02 [INFO    ] crawl_pipeline.worker-0 | [Worker 0] Processing 1tigby7 (WkwkwkLand) — "roleplay jadi Bapak..."
2026-05-21 06:01:03 [INFO    ] crawl_pipeline.worker-3 | [Worker 3] Processing 1tidetz (indonesiabebas) — "MR DIY, ada ada aja..."
2026-05-21 06:01:03 [INFO    ] crawl_pipeline.worker-0 | [Worker 0] 1tigby7 done — 0 thread(s)
2026-05-21 06:01:03 [INFO    ] crawl_pipeline.worker-1 | [Worker 1] Processing 1tied2x (indowibu) — "Viral warganet wibu marah akan kelakuan sebuah akun ins..."
2026-05-21 06:01:03 [INFO    ] crawl_pipeline.worker-2 | [Worker 2] Processing 1tij9su (kulineria) — "We Have That at Home (Singapore’s version)..."
2026-05-21 06:01:04 [INFO    ] crawl_pipeline.worker-3 | [Worker 3] 1tidetz done — 0 thread(s)
2026-05-21 06:01:04 [INFO    ] crawl_pipeline.worker-2 | [Worker 2] 1tij9su done — 0 thread(s)
2026-05-21 06:01:04 [INFO    ] crawl_pipeline.worker-1 | [Worker 1] 1tied2x done — 0 thread(s)
2026-05-21 06:01:05 [INFO    ] crawl_pipeline.worker-0 | [Worker 0] Processing 1tih1q5 (WkwkwkLand) — "Bro nonton jav 3 season..."
2026-05-21 06:01:06 [INFO    ] crawl_pipeline.worker-3 | [Worker 3] Processing 1tincp2 (indonesiabebas) — "Uang dibawa kabur, gaji jadi kecil..."
2026-05-21 06:01:06 [INFO    ] crawl_pipeline.worker-2 | [Worker 2] Processing 1tiew7c (indonesia) — "Seorang pria dilecehkan saat sholat..."
2026-05-21 06:01:06 [INFO    ] crawl_pipeline.worker-1 | [Worker 1] Processing 1ti78af (jualbeliindonesia) — "WTS PC Gaming 15 JT..."
2026-05-21 06:01:07 [INFO    ] crawl_pipeline.worker-1 | [Worker 1] 1ti78af done — 0 thread(s)
2026-05-21 06:01:07 [INFO    ] crawl_pipeline.worker-0 | [Worker 0] 1tih1q5 done — 0 thread(s)
2026-05-21 06:01:08 [INFO    ] crawl_pipeline.worker-3 | [Worker 3] 1tincp2 done — 0 thread(s)
2026-05-21 06:01:08 [INFO    ] crawl_pipeline.worker-2 | [Worker 2] 1tiew7c done — 0 thread(s)
2026-05-21 06:01:09 [INFO    ] crawl_pipeline.worker-1 | [Worker 1] Processing 1tifjc6 (indonesia) — "Is this true?..."
2026-05-21 06:01:09 [INFO    ] crawl_pipeline.worker-0 | [Worker 0] Processing 1tikotv (indotech) — "Apakah dengan mengumpulkan brosur ISP bisa dianggap den..."
2026-05-21 06:01:09 [INFO    ] crawl_pipeline.worker-0 | [Worker 0] 1tikotv done — 0 thread(s)
2026-05-21 06:01:10 [INFO    ] crawl_pipeline.worker-3 | [Worker 3] Processing 1tihdie (WkwkwkLand) — "Bocor bocor bocor..."
2026-05-21 06:01:10 [INFO    ] crawl_pipeline.worker-2 | [Worker 2] Processing 1tied0l (indonesia) — "Warga Indonesia bakal belajar kesabaran dari warga Ruzz..."
2026-05-21 06:01:10 [INFO    ] crawl_pipeline.worker-1 | [Worker 1] 1tifjc6 done — 0 thread(s)
2026-05-21 06:01:10 [INFO    ] crawl_pipeline.worker-2 | [Worker 2] 1tied0l done — 0 thread(s)
2026-05-21 06:01:11 [INFO    ] crawl_pipeline.worker-3 | [Worker 3] 1tihdie done — 0 thread(s)
2026-05-21 06:01:11 [INFO    ] crawl_pipeline.worker-0 | [Worker 0] Processing 1tj7rf5 (indonesiabebas) — "Wanted Indonesian in connection with Kg Junjongan murde..."
2026-05-21 06:01:12 [INFO    ] crawl_pipeline.worker-1 | [Worker 1] Processing 1tij99x (WkwkwkLand) — "Titik g-spot pria 🤭..."
2026-05-21 06:01:12 [INFO    ] crawl_pipeline.worker-2 | [Worker 2] Processing 1thl7b5 (bali) — "So excited to finally be exploring Bali..."
2026-05-21 06:01:12 [INFO    ] crawl_pipeline.worker-0 | [Worker 0] 1tj7rf5 done — 0 thread(s)
2026-05-21 06:01:12 [INFO    ] crawl_pipeline.worker-1 | [Worker 1] 1tij99x done — 0 thread(s)
2026-05-21 06:01:13 [INFO    ] crawl_pipeline.worker-2 | [Worker 2] 1thl7b5 done — 0 thread(s)
2026-05-21 06:01:13 [INFO    ] crawl_pipeline.worker-3 | [Worker 3] Processing 1tjae3f (WkwkwkLand) — "bedridden kah maksudnya?..."
2026-05-21 06:01:13 [INFO    ] crawl_pipeline.worker-3 | [Worker 3] 1tjae3f done — 0 thread(s)
2026-05-21 06:01:14 [INFO    ] crawl_pipeline.worker-0 | [Worker 0] Processing 1tjb61y (AdaIndonesiaCoy) — "Papua itu luas..."
2026-05-21 06:01:14 [INFO    ] crawl_pipeline.worker-1 | [Worker 1] Processing 1tizym0 (indotech) — "Suara alarm yang malah muncul di timer...."
2026-05-21 06:01:15 [INFO    ] crawl_pipeline.worker-2 | [Worker 2] Processing 1tioo69 (indotech) — "Kenapa grounding di AC baru tidak dipasang oleh tukang ..."
2026-05-21 06:01:15 [INFO    ] crawl_pipeline.worker-1 | [Worker 1] 1tizym0 done — 0 thread(s)
2026-05-21 06:01:15 [INFO    ] crawl_pipeline.worker-3 | [Worker 3] Processing 1tifm0m (jualbeliindonesia) — "WTS Truthear Nova (BNOB / Like New)..."
2026-05-21 06:01:15 [INFO    ] crawl_pipeline.worker-0 | [Worker 0] 1tjb61y done — 0 thread(s)
2026-05-21 06:01:15 [INFO    ] crawl_pipeline.worker-2 | [Worker 2] 1tioo69 done — 0 thread(s)
2026-05-21 06:01:15 [INFO    ] crawl_pipeline.worker-3 | [Worker 3] 1tifm0m done — 0 thread(s)
2026-05-21 06:01:17 [INFO    ] crawl_pipeline.worker-1 | [Worker 1] Processing 1tj8479 (indonesia) — "Begal dan Kriminal Turut Jadi Alasan Menhan Bentuk 750 ..."
2026-05-21 06:01:17 [INFO    ] crawl_pipeline.worker-1 | [Worker 1] 1tj8479 done — 0 thread(s)
2026-05-21 06:01:17 [INFO    ] crawl_pipeline.worker-0 | [Worker 0] Processing 1tiv0f4 (AdaIndonesiaCoy) — "Rambutanura springtails..."
2026-05-21 06:01:17 [INFO    ] crawl_pipeline.worker-2 | [Worker 2] Processing 1tiks85 (BaliTravelTips) — "Bali: Entering the country with an engagement ring..."
2026-05-21 06:01:17 [INFO    ] crawl_pipeline.worker-3 | [Worker 3] Processing 1tia14x (indotech) — "pay to play songs on YouTube Music...."
2026-05-21 06:01:18 [WARNING ] crawl_pipeline.comments | Rate-limited (429). Waiting 2s (attempt 1/5)
2026-05-21 06:01:18 [WARNING ] crawl_pipeline.comments | Rate-limited (429). Waiting 2s (attempt 1/5)
2026-05-21 06:01:18 [INFO    ] crawl_pipeline.worker-0 | [Worker 0] 1tiv0f4 done — 0 thread(s)
2026-05-21 06:01:19 [INFO    ] crawl_pipeline.worker-1 | [Worker 1] Processing 1tipowo (WkwkwkLand) — "Banyak banget yang mau dibahas......."
2026-05-21 06:01:19 [WARNING ] crawl_pipeline.comments | Rate-limited (429). Waiting 2s (attempt 1/5)
2026-05-21 06:01:20 [INFO    ] crawl_pipeline.worker-0 | [Worker 0] Processing 1tii17l (kulineria) — "My Pizza and Pasta Run..."
2026-05-21 06:01:20 [WARNING ] crawl_pipeline.comments | Rate-limited (429). Waiting 4s (attempt 2/5)
2026-05-21 06:01:20 [WARNING ] crawl_pipeline.comments | Rate-limited (429). Waiting 4s (attempt 2/5)
2026-05-21 06:01:20 [WARNING ] crawl_pipeline.comments | Rate-limited (429). Waiting 2s (attempt 1/5)
2026-05-21 06:01:22 [WARNING ] crawl_pipeline.comments | Rate-limited (429). Waiting 4s (attempt 2/5)
2026-05-21 06:01:23 [WARNING ] crawl_pipeline.comments | Rate-limited (429). Waiting 4s (attempt 2/5)
2026-05-21 06:01:24 [WARNING ] crawl_pipeline.comments | Rate-limited (429). Waiting 6s (attempt 3/5)
2026-05-21 06:01:24 [WARNING ] crawl_pipeline.comments | Rate-limited (429). Waiting 6s (attempt 3/5)
2026-05-21 06:01:26 [WARNING ] crawl_pipeline.comments | Rate-limited (429). Waiting 6s (attempt 3/5)
2026-05-21 06:01:27 [WARNING ] crawl_pipeline.comments | Rate-limited (429). Waiting 6s (attempt 3/5)
2026-05-21 06:01:30 [WARNING ] crawl_pipeline.comments | Rate-limited (429). Waiting 8s (attempt 4/5)
2026-05-21 06:01:30 [WARNING ] crawl_pipeline.comments | Rate-limited (429). Waiting 8s (attempt 4/5)
2026-05-21 06:01:32 [WARNING ] crawl_pipeline.comments | Rate-limited (429). Waiting 8s (attempt 4/5)
2026-05-21 06:01:33 [WARNING ] crawl_pipeline.comments | Rate-limited (429). Waiting 8s (attempt 4/5)
2026-05-21 06:01:38 [WARNING ] crawl_pipeline.comments | Rate-limited (429). Waiting 10s (attempt 5/5)
2026-05-21 06:01:39 [WARNING ] crawl_pipeline.comments | Rate-limited (429). Waiting 10s (attempt 5/5)
2026-05-21 06:01:40 [WARNING ] crawl_pipeline.comments | Rate-limited (429). Waiting 10s (attempt 5/5)
2026-05-21 06:01:41 [WARNING ] crawl_pipeline.comments | Rate-limited (429). Waiting 10s (attempt 5/5)
2026-05-21 06:01:48 [ERROR   ] crawl_pipeline.comments | Could not fetch comments for post 1tiks85: Failed after 5 retries: https://www.reddit.com/r/BaliTravelTips/comments/1tiks85.json
2026-05-21 06:01:48 [INFO    ] crawl_pipeline.worker-2 | [Worker 2] 1tiks85 done — 0 thread(s)
2026-05-21 06:01:49 [ERROR   ] crawl_pipeline.comments | Could not fetch comments for post 1tia14x: Failed after 5 retries: https://www.reddit.com/r/indotech/comments/1tia14x.json
2026-05-21 06:01:49 [INFO    ] crawl_pipeline.worker-3 | [Worker 3] 1tia14x done — 0 thread(s)
2026-05-21 06:01:50 [ERROR   ] crawl_pipeline.comments | Could not fetch comments for post 1tipowo: Failed after 5 retries: https://www.reddit.com/r/WkwkwkLand/comments/1tipowo.json
2026-05-21 06:01:50 [INFO    ] crawl_pipeline.worker-1 | [Worker 1] 1tipowo done — 0 thread(s)
2026-05-21 06:01:50 [INFO    ] crawl_pipeline.worker-2 | [Worker 2] Processing 1ti4dil (bali) — "What do foreigners get wrong?..."
2026-05-21 06:01:51 [INFO    ] crawl_pipeline.worker-3 | [Worker 3] Processing 1tiocph (bali) — "bali: local spots..."
2026-05-21 06:01:51 [WARNING ] crawl_pipeline.comments | Rate-limited (429). Waiting 2s (attempt 1/5)
2026-05-21 06:01:51 [WARNING ] crawl_pipeline.comments | Rate-limited (429). Waiting 2s (attempt 1/5)
2026-05-21 06:01:51 [ERROR   ] crawl_pipeline.comments | Could not fetch comments for post 1tii17l: Failed after 5 retries: https://www.reddit.com/r/kulineria/comments/1tii17l.json
2026-05-21 06:01:51 [INFO    ] crawl_pipeline.worker-0 | [Worker 0] 1tii17l done — 0 thread(s)
2026-05-21 06:01:52 [INFO    ] crawl_pipeline.worker-1 | [Worker 1] Processing 1thc3kq (Cekrek) — "Cosplay di Comifuro XXII..."
2026-05-21 06:01:53 [WARNING ] crawl_pipeline.comments | Rate-limited (429). Waiting 2s (attempt 1/5)
2026-05-21 06:01:53 [WARNING ] crawl_pipeline.comments | Rate-limited (429). Waiting 4s (attempt 2/5)
2026-05-21 06:01:53 [WARNING ] crawl_pipeline.comments | Rate-limited (429). Waiting 4s (attempt 2/5)
2026-05-21 06:01:53 [INFO    ] crawl_pipeline.worker-0 | [Worker 0] Processing 1ti5x5b (indonesia) — "Prioritas saat ekonomi negara memburuk..."
2026-05-21 06:01:53 [WARNING ] crawl_pipeline.comments | Rate-limited (429). Waiting 2s (attempt 1/5)
2026-05-21 06:01:55 [WARNING ] crawl_pipeline.comments | Rate-limited (429). Waiting 4s (attempt 2/5)
2026-05-21 06:01:56 [WARNING ] crawl_pipeline.comments | Rate-limited (429). Waiting 4s (attempt 2/5)
2026-05-21 06:01:57 [WARNING ] crawl_pipeline.comments | Rate-limited (429). Waiting 6s (attempt 3/5)
2026-05-21 06:01:57 [WARNING ] crawl_pipeline.comments | Rate-limited (429). Waiting 6s (attempt 3/5)
2026-05-21 06:01:59 [WARNING ] crawl_pipeline.comments | Rate-limited (429). Waiting 6s (attempt 3/5)
2026-05-21 06:02:00 [WARNING ] crawl_pipeline.comments | Rate-limited (429). Waiting 6s (attempt 3/5)
2026-05-21 06:02:03 [WARNING ] crawl_pipeline.comments | Rate-limited (429). Waiting 8s (attempt 4/5)
2026-05-21 06:02:04 [WARNING ] crawl_pipeline.comments | Rate-limited (429). Waiting 8s (attempt 4/5)
2026-05-21 06:02:05 [WARNING ] crawl_pipeline.comments | Rate-limited (429). Waiting 8s (attempt 4/5)
2026-05-21 06:02:06 [WARNING ] crawl_pipeline.comments | Rate-limited (429). Waiting 8s (attempt 4/5)
2026-05-21 06:02:12 [WARNING ] crawl_pipeline.comments | Rate-limited (429). Waiting 10s (attempt 5/5)
2026-05-21 06:02:12 [WARNING ] crawl_pipeline.comments | Rate-limited (429). Waiting 10s (attempt 5/5)
2026-05-21 06:02:14 [WARNING ] crawl_pipeline.comments | Rate-limited (429). Waiting 10s (attempt 5/5)
2026-05-21 06:02:14 [WARNING ] crawl_pipeline.comments | Rate-limited (429). Waiting 10s (attempt 5/5)
2026-05-21 06:02:22 [ERROR   ] crawl_pipeline.comments | Could not fetch comments for post 1tiocph: Failed after 5 retries: https://www.reddit.com/r/bali/comments/1tiocph.json
2026-05-21 06:02:22 [INFO    ] crawl_pipeline.worker-3 | [Worker 3] 1tiocph done — 0 thread(s)
2026-05-21 06:02:22 [ERROR   ] crawl_pipeline.comments | Could not fetch comments for post 1ti4dil: Failed after 5 retries: https://www.reddit.com/r/bali/comments/1ti4dil.json
2026-05-21 06:02:22 [INFO    ] crawl_pipeline.worker-2 | [Worker 2] 1ti4dil done — 0 thread(s)
2026-05-21 06:02:24 [INFO    ] crawl_pipeline.worker-3 | [Worker 3] Processing 1ti9dgi (AdaIndonesiaCoy) — "Indonesia adalah salah satu negara mayoritas Islam yang..."
2026-05-21 06:02:24 [ERROR   ] crawl_pipeline.comments | Could not fetch comments for post 1thc3kq: Failed after 5 retries: https://www.reddit.com/r/Cekrek/comments/1thc3kq.json
2026-05-21 06:02:24 [INFO    ] crawl_pipeline.worker-1 | [Worker 1] 1thc3kq done — 0 thread(s)
2026-05-21 06:02:24 [WARNING ] crawl_pipeline.comments | Rate-limited (429). Waiting 2s (attempt 1/5)
2026-05-21 06:02:24 [INFO    ] crawl_pipeline.worker-2 | [Worker 2] Processing 1ti2cu4 (Cekrek) — "Sunflower in the garden..."
2026-05-21 06:02:24 [WARNING ] crawl_pipeline.comments | Rate-limited (429). Waiting 2s (attempt 1/5)
2026-05-21 06:02:24 [ERROR   ] crawl_pipeline.comments | Could not fetch comments for post 1ti5x5b: Failed after 5 retries: https://www.reddit.com/r/indonesia/comments/1ti5x5b.json
2026-05-21 06:02:24 [INFO    ] crawl_pipeline.worker-0 | [Worker 0] 1ti5x5b done — 0 thread(s)
2026-05-21 06:02:26 [INFO    ] crawl_pipeline.worker-1 | [Worker 1] Processing 1tioqe2 (indowibu) — "Nokia E63 Cosplay Photography..."
2026-05-21 06:02:26 [WARNING ] crawl_pipeline.comments | Rate-limited (429). Waiting 2s (attempt 1/5)
2026-05-21 06:02:26 [WARNING ] crawl_pipeline.comments | Rate-limited (429). Waiting 4s (attempt 2/5)
2026-05-21 06:02:26 [INFO    ] crawl_pipeline.worker-0 | [Worker 0] Processing 1tikhzi (AdaIndonesiaCoy) — "Ada website bandung coy..."
2026-05-21 06:02:26 [WARNING ] crawl_pipeline.comments | Rate-limited (429). Waiting 4s (attempt 2/5)
2026-05-21 06:02:26 [WARNING ] crawl_pipeline.comments | Rate-limited (429). Waiting 2s (attempt 1/5)
2026-05-21 06:02:28 [WARNING ] crawl_pipeline.comments | Rate-limited (429). Waiting 4s (attempt 2/5)
2026-05-21 06:02:29 [WARNING ] crawl_pipeline.comments | Rate-limited (429). Waiting 4s (attempt 2/5)
2026-05-21 06:02:30 [WARNING ] crawl_pipeline.comments | Rate-limited (429). Waiting 6s (attempt 3/5)
2026-05-21 06:02:31 [WARNING ] crawl_pipeline.comments | Rate-limited (429). Waiting 6s (attempt 3/5)
2026-05-21 06:02:32 [WARNING ] crawl_pipeline.comments | Rate-limited (429). Waiting 6s (attempt 3/5)
2026-05-21 06:02:33 [WARNING ] crawl_pipeline.comments | Rate-limited (429). Waiting 6s (attempt 3/5)
2026-05-21 06:02:36 [WARNING ] crawl_pipeline.comments | Rate-limited (429). Waiting 8s (attempt 4/5)
2026-05-21 06:02:37 [WARNING ] crawl_pipeline.comments | Rate-limited (429). Waiting 8s (attempt 4/5)
2026-05-21 06:02:39 [WARNING ] crawl_pipeline.comments | Rate-limited (429). Waiting 8s (attempt 4/5)
2026-05-21 06:02:39 [WARNING ] crawl_pipeline.comments | Rate-limited (429). Waiting 8s (attempt 4/5)
2026-05-21 06:02:45 [WARNING ] crawl_pipeline.comments | Rate-limited (429). Waiting 10s (attempt 5/5)
2026-05-21 06:02:45 [WARNING ] crawl_pipeline.comments | Rate-limited (429). Waiting 10s (attempt 5/5)
2026-05-21 06:02:47 [WARNING ] crawl_pipeline.comments | Rate-limited (429). Waiting 10s (attempt 5/5)
2026-05-21 06:02:47 [WARNING ] crawl_pipeline.comments | Rate-limited (429). Waiting 10s (attempt 5/5)
2026-05-21 06:02:55 [ERROR   ] crawl_pipeline.comments | Could not fetch comments for post 1ti9dgi: Failed after 5 retries: https://www.reddit.com/r/AdaIndonesiaCoy/comments/1ti9dgi.json
2026-05-21 06:02:55 [INFO    ] crawl_pipeline.worker-3 | [Worker 3] 1ti9dgi done — 0 thread(s)
2026-05-21 06:02:55 [ERROR   ] crawl_pipeline.comments | Could not fetch comments for post 1ti2cu4: Failed after 5 retries: https://www.reddit.com/r/Cekrek/comments/1ti2cu4.json
2026-05-21 06:02:55 [INFO    ] crawl_pipeline.worker-2 | [Worker 2] 1ti2cu4 done — 0 thread(s)
2026-05-21 06:02:57 [INFO    ] crawl_pipeline.worker-3 | [Worker 3] Processing 1tia3kg (BaliTravelTips) — "Let’s explore Bali together..."
2026-05-21 06:02:57 [ERROR   ] crawl_pipeline.comments | Could not fetch comments for post 1tioqe2: Failed after 5 retries: https://www.reddit.com/r/indowibu/comments/1tioqe2.json
2026-05-21 06:02:57 [INFO    ] crawl_pipeline.worker-1 | [Worker 1] 1tioqe2 done — 0 thread(s)
2026-05-21 06:02:57 [WARNING ] crawl_pipeline.comments | Rate-limited (429). Waiting 2s (attempt 1/5)
2026-05-21 06:02:57 [INFO    ] crawl_pipeline.worker-2 | [Worker 2] Processing 1timznb (indonesia) — "Prabowo Target Dolar Rp16.800-17.500 di Cetak Biru RAPB..."
2026-05-21 06:02:57 [WARNING ] crawl_pipeline.comments | Rate-limited (429). Waiting 2s (attempt 1/5)
2026-05-21 06:02:57 [ERROR   ] crawl_pipeline.comments | Could not fetch comments for post 1tikhzi: Failed after 5 retries: https://www.reddit.com/r/AdaIndonesiaCoy/comments/1tikhzi.json
2026-05-21 06:02:57 [INFO    ] crawl_pipeline.worker-0 | [Worker 0] 1tikhzi done — 0 thread(s)
2026-05-21 06:02:59 [INFO    ] crawl_pipeline.worker-1 | [Worker 1] Processing 1tidkcx (WkwkwkLand) — "Prabowo, ahlinya yapping..."
2026-05-21 06:02:59 [WARNING ] crawl_pipeline.comments | Rate-limited (429). Waiting 2s (attempt 1/5)
2026-05-21 06:02:59 [WARNING ] crawl_pipeline.comments | Rate-limited (429). Waiting 4s (attempt 2/5)
2026-05-21 06:02:59 [INFO    ] crawl_pipeline.worker-0 | [Worker 0] Processing 1tiigrq (BaliTravelTips) — "Surfing October starting..."
2026-05-21 06:02:59 [WARNING ] crawl_pipeline.comments | Rate-limited (429). Waiting 4s (attempt 2/5)
2026-05-21 06:02:59 [WARNING ] crawl_pipeline.comments | Rate-limited (429). Waiting 2s (attempt 1/5)
2026-05-21 06:03:01 [WARNING ] crawl_pipeline.comments | Rate-limited (429). Waiting 4s (attempt 2/5)
2026-05-21 06:03:02 [WARNING ] crawl_pipeline.comments | Rate-limited (429). Waiting 4s (attempt 2/5)
2026-05-21 06:03:03 [WARNING ] crawl_pipeline.comments | Rate-limited (429). Waiting 6s (attempt 3/5)
2026-05-21 06:03:04 [WARNING ] crawl_pipeline.comments | Rate-limited (429). Waiting 6s (attempt 3/5)
2026-05-21 06:03:05 [WARNING ] crawl_pipeline.comments | Rate-limited (429). Waiting 6s (attempt 3/5)
2026-05-21 06:03:06 [WARNING ] crawl_pipeline.comments | Rate-limited (429). Waiting 6s (attempt 3/5)
2026-05-21 06:03:10 [WARNING ] crawl_pipeline.comments | Rate-limited (429). Waiting 8s (attempt 4/5)
2026-05-21 06:03:10 [WARNING ] crawl_pipeline.comments | Rate-limited (429). Waiting 8s (attempt 4/5)
2026-05-21 06:03:12 [WARNING ] crawl_pipeline.comments | Rate-limited (429). Waiting 8s (attempt 4/5)
2026-05-21 06:03:12 [WARNING ] crawl_pipeline.comments | Rate-limited (429). Waiting 8s (attempt 4/5)
2026-05-21 06:03:18 [WARNING ] crawl_pipeline.comments | Rate-limited (429). Waiting 10s (attempt 5/5)
2026-05-21 06:03:18 [WARNING ] crawl_pipeline.comments | Rate-limited (429). Waiting 10s (attempt 5/5)
2026-05-21 06:03:20 [WARNING ] crawl_pipeline.comments | Rate-limited (429). Waiting 10s (attempt 5/5)
2026-05-21 06:03:21 [WARNING ] crawl_pipeline.comments | Rate-limited (429). Waiting 10s (attempt 5/5)
2026-05-21 06:03:28 [ERROR   ] crawl_pipeline.comments | Could not fetch comments for post 1tia3kg: Failed after 5 retries: https://www.reddit.com/r/BaliTravelTips/comments/1tia3kg.json
2026-05-21 06:03:28 [INFO    ] crawl_pipeline.worker-3 | [Worker 3] 1tia3kg done — 0 thread(s)
2026-05-21 06:03:28 [ERROR   ] crawl_pipeline.comments | Could not fetch comments for post 1timznb: Failed after 5 retries: https://www.reddit.com/r/indonesia/comments/1timznb.json
2026-05-21 06:03:28 [INFO    ] crawl_pipeline.worker-2 | [Worker 2] 1timznb done — 0 thread(s)
2026-05-21 06:03:30 [INFO    ] crawl_pipeline.worker-3 | [Worker 3] Processing 1tic74b (indonesiabebas) — "Wok lu masuk koran luar wok..."
2026-05-21 06:03:30 [ERROR   ] crawl_pipeline.comments | Could not fetch comments for post 1tidkcx: Failed after 5 retries: https://www.reddit.com/r/WkwkwkLand/comments/1tidkcx.json
2026-05-21 06:03:30 [INFO    ] crawl_pipeline.worker-1 | [Worker 1] 1tidkcx done — 0 thread(s)
2026-05-21 06:03:30 [WARNING ] crawl_pipeline.comments | Rate-limited (429). Waiting 2s (attempt 1/5)
2026-05-21 06:03:30 [INFO    ] crawl_pipeline.worker-2 | [Worker 2] Processing 1tigrpp (indowibu) — "MK mau ntr tapi udah gabisa @tentenchan25(x)..."
2026-05-21 06:03:30 [WARNING ] crawl_pipeline.comments | Rate-limited (429). Waiting 2s (attempt 1/5)
2026-05-21 06:03:31 [ERROR   ] crawl_pipeline.comments | Could not fetch comments for post 1tiigrq: Failed after 5 retries: https://www.reddit.com/r/BaliTravelTips/comments/1tiigrq.json
2026-05-21 06:03:31 [INFO    ] crawl_pipeline.worker-0 | [Worker 0] 1tiigrq done — 0 thread(s)
2026-05-21 06:03:32 [INFO    ] crawl_pipeline.worker-1 | [Worker 1] Processing 1tii5wh (indotech) — "China banned Nvidia’s gaming chip during Jensen Huang’s..."
2026-05-21 06:03:32 [WARNING ] crawl_pipeline.comments | Rate-limited (429). Waiting 2s (attempt 1/5)
2026-05-21 06:03:32 [WARNING ] crawl_pipeline.comments | Rate-limited (429). Waiting 4s (attempt 2/5)
2026-05-21 06:03:32 [WARNING ] crawl_pipeline.comments | Rate-limited (429). Waiting 4s (attempt 2/5)
2026-05-21 06:03:33 [INFO    ] crawl_pipeline.worker-0 | [Worker 0] Processing 1tic2qd (WkwkwkLand) — "Remember, kepemimpiman Prabowo blom nyampe 2 tahun 😭..."
2026-05-21 06:03:33 [WARNING ] crawl_pipeline.comments | Rate-limited (429). Waiting 2s (attempt 1/5)
2026-05-21 06:03:34 [WARNING ] crawl_pipeline.comments | Rate-limited (429). Waiting 4s (attempt 2/5)
2026-05-21 06:03:35 [WARNING ] crawl_pipeline.comments | Rate-limited (429). Waiting 4s (attempt 2/5)
2026-05-21 06:03:36 [WARNING ] crawl_pipeline.comments | Rate-limited (429). Waiting 6s (attempt 3/5)
2026-05-21 06:03:37 [WARNING ] crawl_pipeline.comments | Rate-limited (429). Waiting 6s (attempt 3/5)
2026-05-21 06:03:38 [WARNING ] crawl_pipeline.comments | Rate-limited (429). Waiting 6s (attempt 3/5)
2026-05-21 06:03:39 [WARNING ] crawl_pipeline.comments | Rate-limited (429). Waiting 6s (attempt 3/5)
2026-05-21 06:03:43 [WARNING ] crawl_pipeline.comments | Rate-limited (429). Waiting 8s (attempt 4/5)
2026-05-21 06:03:43 [WARNING ] crawl_pipeline.comments | Rate-limited (429). Waiting 8s (attempt 4/5)
2026-05-21 06:03:45 [WARNING ] crawl_pipeline.comments | Rate-limited (429). Waiting 8s (attempt 4/5)
2026-05-21 06:03:46 [WARNING ] crawl_pipeline.comments | Rate-limited (429). Waiting 8s (attempt 4/5)
2026-05-21 06:03:51 [WARNING ] crawl_pipeline.comments | Rate-limited (429). Waiting 10s (attempt 5/5)
2026-05-21 06:03:51 [WARNING ] crawl_pipeline.comments | Rate-limited (429). Waiting 10s (attempt 5/5)
2026-05-21 06:03:53 [WARNING ] crawl_pipeline.comments | Rate-limited (429). Waiting 10s (attempt 5/5)
2026-05-21 06:03:54 [WARNING ] crawl_pipeline.comments | Rate-limited (429). Waiting 10s (attempt 5/5)
2026-05-21 06:04:01 [ERROR   ] crawl_pipeline.comments | Could not fetch comments for post 1tic74b: Failed after 5 retries: https://www.reddit.com/r/indonesiabebas/comments/1tic74b.json
2026-05-21 06:04:01 [INFO    ] crawl_pipeline.worker-3 | [Worker 3] 1tic74b done — 0 thread(s)
2026-05-21 06:04:01 [ERROR   ] crawl_pipeline.comments | Could not fetch comments for post 1tigrpp: Failed after 5 retries: https://www.reddit.com/r/indowibu/comments/1tigrpp.json
2026-05-21 06:04:01 [INFO    ] crawl_pipeline.worker-2 | [Worker 2] 1tigrpp done — 0 thread(s)
2026-05-21 06:04:03 [INFO    ] crawl_pipeline.worker-3 | [Worker 3] Processing 1tiv149 (WkwkwkLand) — "Maling apa yang bisa terbang?..."
2026-05-21 06:04:03 [ERROR   ] crawl_pipeline.comments | Could not fetch comments for post 1tii5wh: Failed after 5 retries: https://www.reddit.com/r/indotech/comments/1tii5wh.json
2026-05-21 06:04:03 [INFO    ] crawl_pipeline.worker-1 | [Worker 1] 1tii5wh done — 0 thread(s)
2026-05-21 06:04:03 [WARNING ] crawl_pipeline.comments | Rate-limited (429). Waiting 2s (attempt 1/5)
2026-05-21 06:04:03 [INFO    ] crawl_pipeline.worker-2 | [Worker 2] Processing 1thq6ld (indocartalk) — "Seputar Ganti Plat 5 Tahunan..."
2026-05-21 06:04:03 [WARNING ] crawl_pipeline.comments | Rate-limited (429). Waiting 2s (attempt 1/5)
2026-05-21 06:04:04 [ERROR   ] crawl_pipeline.comments | Could not fetch comments for post 1tic2qd: Failed after 5 retries: https://www.reddit.com/r/WkwkwkLand/comments/1tic2qd.json
2026-05-21 06:04:04 [INFO    ] crawl_pipeline.worker-0 | [Worker 0] 1tic2qd done — 0 thread(s)
2026-05-21 06:04:05 [INFO    ] crawl_pipeline.worker-1 | [Worker 1] Processing 1ticb5s (indowibu) — "Oh that's why i feel nostalgic..."
2026-05-21 06:04:05 [WARNING ] crawl_pipeline.comments | Rate-limited (429). Waiting 2s (attempt 1/5)
2026-05-21 06:04:05 [WARNING ] crawl_pipeline.comments | Rate-limited (429). Waiting 4s (attempt 2/5)
2026-05-21 06:04:05 [WARNING ] crawl_pipeline.comments | Rate-limited (429). Waiting 4s (attempt 2/5)
2026-05-21 06:04:06 [INFO    ] crawl_pipeline.worker-0 | [Worker 0] Processing 1tj7ao7 (indonesia) — "Wanted man apprehended at hotel in Limbang..."
2026-05-21 06:04:06 [WARNING ] crawl_pipeline.comments | Rate-limited (429). Waiting 2s (attempt 1/5)
2026-05-21 06:04:07 [WARNING ] crawl_pipeline.comments | Rate-limited (429). Waiting 4s (attempt 2/5)
2026-05-21 06:04:08 [WARNING ] crawl_pipeline.comments | Rate-limited (429). Waiting 4s (attempt 2/5)
2026-05-21 06:04:09 [WARNING ] crawl_pipeline.comments | Rate-limited (429). Waiting 6s (attempt 3/5)
2026-05-21 06:04:10 [WARNING ] crawl_pipeline.comments | Rate-limited (429). Waiting 6s (attempt 3/5)
2026-05-21 06:04:12 [WARNING ] crawl_pipeline.comments | Rate-limited (429). Waiting 6s (attempt 3/5)
2026-05-21 06:04:12 [WARNING ] crawl_pipeline.comments | Rate-limited (429). Waiting 6s (attempt 3/5)
2026-05-21 06:04:16 [WARNING ] crawl_pipeline.comments | Rate-limited (429). Waiting 8s (attempt 4/5)
2026-05-21 06:04:16 [WARNING ] crawl_pipeline.comments | Rate-limited (429). Waiting 8s (attempt 4/5)
2026-05-21 06:04:18 [WARNING ] crawl_pipeline.comments | Rate-limited (429). Waiting 8s (attempt 4/5)
2026-05-21 06:04:19 [WARNING ] crawl_pipeline.comments | Rate-limited (429). Waiting 8s (attempt 4/5)
2026-05-21 06:04:24 [WARNING ] crawl_pipeline.comments | Rate-limited (429). Waiting 10s (attempt 5/5)
2026-05-21 06:04:24 [WARNING ] crawl_pipeline.comments | Rate-limited (429). Waiting 10s (attempt 5/5)
2026-05-21 06:04:26 [WARNING ] crawl_pipeline.comments | Rate-limited (429). Waiting 10s (attempt 5/5)
2026-05-21 06:04:27 [WARNING ] crawl_pipeline.comments | Rate-limited (429). Waiting 10s (attempt 5/5)
2026-05-21 06:04:34 [ERROR   ] crawl_pipeline.comments | Could not fetch comments for post 1tiv149: Failed after 5 retries: https://www.reddit.com/r/WkwkwkLand/comments/1tiv149.json
2026-05-21 06:04:34 [INFO    ] crawl_pipeline.worker-3 | [Worker 3] 1tiv149 done — 0 thread(s)
2026-05-21 06:04:34 [ERROR   ] crawl_pipeline.comments | Could not fetch comments for post 1thq6ld: Failed after 5 retries: https://www.reddit.com/r/indocartalk/comments/1thq6ld.json
2026-05-21 06:04:34 [INFO    ] crawl_pipeline.worker-2 | [Worker 2] 1thq6ld done — 0 thread(s)
2026-05-21 06:04:36 [INFO    ] crawl_pipeline.worker-3 | [Worker 3] Processing 1tikrsm (bali) — "Bali: Entering the country with an engagement ring..."
2026-05-21 06:04:36 [ERROR   ] crawl_pipeline.comments | Could not fetch comments for post 1ticb5s: Failed after 5 retries: https://www.reddit.com/r/indowibu/comments/1ticb5s.json
2026-05-21 06:04:36 [INFO    ] crawl_pipeline.worker-1 | [Worker 1] 1ticb5s done — 0 thread(s)
2026-05-21 06:04:36 [INFO    ] crawl_pipeline.worker-2 | [Worker 2] Processing 1tiiacm (indonesia) — "Jokes pos ronda..."
2026-05-21 06:04:36 [INFO    ] crawl_pipeline.posts |   [hot] page: 100 new, 0 skipped | listing total: 400
2026-05-21 06:04:36 [WARNING ] crawl_pipeline.comments | Rate-limited (429). Waiting 2s (attempt 1/5)
2026-05-21 06:04:36 [WARNING ] crawl_pipeline.comments | Rate-limited (429). Waiting 2s (attempt 1/5)
2026-05-21 06:04:37 [ERROR   ] crawl_pipeline.comments | Could not fetch comments for post 1tj7ao7: Failed after 5 retries: https://www.reddit.com/r/indonesia/comments/1tj7ao7.json
2026-05-21 06:04:37 [INFO    ] crawl_pipeline.worker-0 | [Worker 0] 1tj7ao7 done — 0 thread(s)
2026-05-21 06:04:37 [WARNING ] crawl_pipeline.posts | Rate-limited (429). Waiting 2s (attempt 1/5)
2026-05-21 06:04:38 [INFO    ] crawl_pipeline.worker-1 | [Worker 1] Processing 1thtbs4 (Cekrek) — "Simpang Cikapayang (jalan Dago) Bandung..."
2026-05-21 06:04:38 [WARNING ] crawl_pipeline.comments | Rate-limited (429). Waiting 2s (attempt 1/5)
2026-05-21 06:04:38 [WARNING ] crawl_pipeline.comments | Rate-limited (429). Waiting 4s (attempt 2/5)
2026-05-21 06:04:39 [WARNING ] crawl_pipeline.comments | Rate-limited (429). Waiting 4s (attempt 2/5)
2026-05-21 06:04:39 [INFO    ] crawl_pipeline.worker-0 | [Worker 0] Processing 1tj4bib (WkwkwkLand) — "Strategi yang bisa digunakan agar rupiah tidak lemah......"
2026-05-21 06:04:39 [WARNING ] crawl_pipeline.comments | Rate-limited (429). Waiting 2s (attempt 1/5)
2026-05-21 06:04:40 [WARNING ] crawl_pipeline.posts | Rate-limited (429). Waiting 4s (attempt 2/5)
2026-05-21 06:04:40 [WARNING ] crawl_pipeline.comments | Rate-limited (429). Waiting 4s (attempt 2/5)
2026-05-21 06:04:41 [WARNING ] crawl_pipeline.comments | Rate-limited (429). Waiting 4s (attempt 2/5)
2026-05-21 06:04:43 [WARNING ] crawl_pipeline.comments | Rate-limited (429). Waiting 6s (attempt 3/5)
2026-05-21 06:04:43 [WARNING ] crawl_pipeline.comments | Rate-limited (429). Waiting 6s (attempt 3/5)
2026-05-21 06:04:44 [WARNING ] crawl_pipeline.posts | Rate-limited (429). Waiting 6s (attempt 3/5)
2026-05-21 06:04:45 [WARNING ] crawl_pipeline.comments | Rate-limited (429). Waiting 6s (attempt 3/5)
2026-05-21 06:04:45 [WARNING ] crawl_pipeline.comments | Rate-limited (429). Waiting 6s (attempt 3/5)
2026-05-21 06:04:49 [WARNING ] crawl_pipeline.comments | Rate-limited (429). Waiting 8s (attempt 4/5)
2026-05-21 06:04:49 [WARNING ] crawl_pipeline.comments | Rate-limited (429). Waiting 8s (attempt 4/5)
2026-05-21 06:04:50 [WARNING ] crawl_pipeline.posts | Rate-limited (429). Waiting 8s (attempt 4/5)
2026-05-21 06:04:51 [WARNING ] crawl_pipeline.comments | Rate-limited (429). Waiting 8s (attempt 4/5)
2026-05-21 06:04:52 [WARNING ] crawl_pipeline.comments | Rate-limited (429). Waiting 8s (attempt 4/5)
2026-05-21 06:04:57 [WARNING ] crawl_pipeline.comments | Rate-limited (429). Waiting 10s (attempt 5/5)
2026-05-21 06:04:57 [WARNING ] crawl_pipeline.comments | Rate-limited (429). Waiting 10s (attempt 5/5)
2026-05-21 06:04:58 [WARNING ] crawl_pipeline.posts | Rate-limited (429). Waiting 10s (attempt 5/5)
2026-05-21 06:04:59 [WARNING ] crawl_pipeline.comments | Rate-limited (429). Waiting 10s (attempt 5/5)
2026-05-21 06:05:00 [WARNING ] crawl_pipeline.comments | Rate-limited (429). Waiting 10s (attempt 5/5)
2026-05-21 06:05:07 [ERROR   ] crawl_pipeline.comments | Could not fetch comments for post 1tikrsm: Failed after 5 retries: https://www.reddit.com/r/bali/comments/1tikrsm.json
2026-05-21 06:05:07 [INFO    ] crawl_pipeline.worker-3 | [Worker 3] 1tikrsm done — 0 thread(s)
2026-05-21 06:05:07 [ERROR   ] crawl_pipeline.comments | Could not fetch comments for post 1tiiacm: Failed after 5 retries: https://www.reddit.com/r/indonesia/comments/1tiiacm.json
2026-05-21 06:05:07 [INFO    ] crawl_pipeline.worker-2 | [Worker 2] 1tiiacm done — 0 thread(s)
2026-05-21 06:05:08 [ERROR   ] crawl_pipeline.posts |   [hot] Page fetch failed: Failed after 5 retries: https://www.reddit.com/user/chivalricsystems/m/indonesiasemua/hot/.json
2026-05-21 06:05:08 [INFO    ] crawl_pipeline.posts | [PostsCrawl] Listing: new
2026-05-21 06:05:08 [WARNING ] crawl_pipeline.posts | Rate-limited (429). Waiting 2s (attempt 1/5)
2026-05-21 06:05:09 [INFO    ] crawl_pipeline.worker-3 | [Worker 3] Processing 1tibg9z (WkwkwkLand) — "rontok wak..."
2026-05-21 06:05:09 [ERROR   ] crawl_pipeline.comments | Could not fetch comments for post 1thtbs4: Failed after 5 retries: https://www.reddit.com/r/Cekrek/comments/1thtbs4.json
2026-05-21 06:05:09 [INFO    ] crawl_pipeline.worker-1 | [Worker 1] 1thtbs4 done — 0 thread(s)
2026-05-21 06:05:09 [INFO    ] crawl_pipeline.worker-2 | [Worker 2] Processing 1ti6byg (indonesia) — "Cross-server blessings..."
2026-05-21 06:05:09 [WARNING ] crawl_pipeline.comments | Rate-limited (429). Waiting 2s (attempt 1/5)
2026-05-21 06:05:09 [WARNING ] crawl_pipeline.comments | Rate-limited (429). Waiting 2s (attempt 1/5)
2026-05-21 06:05:10 [ERROR   ] crawl_pipeline.comments | Could not fetch comments for post 1tj4bib: Failed after 5 retries: https://www.reddit.com/r/WkwkwkLand/comments/1tj4bib.json
2026-05-21 06:05:10 [INFO    ] crawl_pipeline.worker-0 | [Worker 0] 1tj4bib done — 0 thread(s)
2026-05-21 06:05:11 [WARNING ] crawl_pipeline.posts | Rate-limited (429). Waiting 4s (attempt 2/5)
2026-05-21 06:05:11 [INFO    ] crawl_pipeline.worker-1 | [Worker 1] Processing 1tib8x6 (indonesia) — "Prabowo Terbitkan PP, Ekspor Sawit hingga Batu Bara Har..."
2026-05-21 06:05:11 [WARNING ] crawl_pipeline.comments | Rate-limited (429). Waiting 2s (attempt 1/5)
2026-05-21 06:05:11 [WARNING ] crawl_pipeline.comments | Rate-limited (429). Waiting 4s (attempt 2/5)
2026-05-21 06:05:12 [WARNING ] crawl_pipeline.comments | Rate-limited (429). Waiting 4s (attempt 2/5)
2026-05-21 06:05:12 [INFO    ] crawl_pipeline.worker-0 | [Worker 0] Processing 1tifqlc (kulineria) — "Bagels, Solo..."
2026-05-21 06:05:12 [WARNING ] crawl_pipeline.comments | Rate-limited (429). Waiting 2s (attempt 1/5)
2026-05-21 06:05:13 [WARNING ] crawl_pipeline.comments | Rate-limited (429). Waiting 4s (attempt 2/5)
2026-05-21 06:05:14 [WARNING ] crawl_pipeline.comments | Rate-limited (429). Waiting 4s (attempt 2/5)
2026-05-21 06:05:15 [WARNING ] crawl_pipeline.posts | Rate-limited (429). Waiting 6s (attempt 3/5)
2026-05-21 06:05:16 [WARNING ] crawl_pipeline.comments | Rate-limited (429). Waiting 6s (attempt 3/5)
2026-05-21 06:05:16 [WARNING ] crawl_pipeline.comments | Rate-limited (429). Waiting 6s (attempt 3/5)
2026-05-21 06:05:18 [WARNING ] crawl_pipeline.comments | Rate-limited (429). Waiting 6s (attempt 3/5)
2026-05-21 06:05:18 [WARNING ] crawl_pipeline.comments | Rate-limited (429). Waiting 6s (attempt 3/5)
2026-05-21 06:05:21 [WARNING ] crawl_pipeline.posts | Rate-limited (429). Waiting 8s (attempt 4/5)
2026-05-21 06:05:22 [WARNING ] crawl_pipeline.comments | Rate-limited (429). Waiting 8s (attempt 4/5)
2026-05-21 06:05:22 [WARNING ] crawl_pipeline.comments | Rate-limited (429). Waiting 8s (attempt 4/5)
2026-05-21 06:05:24 [WARNING ] crawl_pipeline.comments | Rate-limited (429). Waiting 8s (attempt 4/5)
2026-05-21 06:05:25 [WARNING ] crawl_pipeline.comments | Rate-limited (429). Waiting 8s (attempt 4/5)
2026-05-21 06:05:30 [WARNING ] crawl_pipeline.posts | Rate-limited (429). Waiting 10s (attempt 5/5)
2026-05-21 06:05:30 [WARNING ] crawl_pipeline.comments | Rate-limited (429). Waiting 10s (attempt 5/5)
2026-05-21 06:05:30 [WARNING ] crawl_pipeline.comments | Rate-limited (429). Waiting 10s (attempt 5/5)
2026-05-21 06:05:32 [WARNING ] crawl_pipeline.comments | Rate-limited (429). Waiting 10s (attempt 5/5)
2026-05-21 06:05:33 [WARNING ] crawl_pipeline.comments | Rate-limited (429). Waiting 10s (attempt 5/5)
2026-05-21 06:05:40 [ERROR   ] crawl_pipeline.posts |   [new] Page fetch failed: Failed after 5 retries: https://www.reddit.com/user/chivalricsystems/m/indonesiasemua/new/.json
2026-05-21 06:05:40 [INFO    ] crawl_pipeline.posts | [PostsCrawl] Listing: top
2026-05-21 06:05:40 [WARNING ] crawl_pipeline.posts | Rate-limited (429). Waiting 2s (attempt 1/5)
2026-05-21 06:05:40 [ERROR   ] crawl_pipeline.comments | Could not fetch comments for post 1ti6byg: Failed after 5 retries: https://www.reddit.com/r/indonesia/comments/1ti6byg.json
2026-05-21 06:05:40 [INFO    ] crawl_pipeline.worker-2 | [Worker 2] 1ti6byg done — 0 thread(s)
2026-05-21 06:05:40 [ERROR   ] crawl_pipeline.comments | Could not fetch comments for post 1tibg9z: Failed after 5 retries: https://www.reddit.com/r/WkwkwkLand/comments/1tibg9z.json
2026-05-21 06:05:40 [INFO    ] crawl_pipeline.worker-3 | [Worker 3] 1tibg9z done — 0 thread(s)
2026-05-21 06:05:42 [WARNING ] crawl_pipeline.posts | Rate-limited (429). Waiting 4s (attempt 2/5)
2026-05-21 06:05:42 [INFO    ] crawl_pipeline.worker-2 | [Worker 2] Processing 1tic66t (indonesia) — "Aku cinta rupiah lagu yang lahir saat krismon 1998..."
2026-05-21 06:05:42 [INFO    ] crawl_pipeline.worker-3 | [Worker 3] Processing 1ti8b6m (indonesiabebas) — "Dibagi biar ga cemburu..."
2026-05-21 06:05:42 [ERROR   ] crawl_pipeline.comments | Could not fetch comments for post 1tib8x6: Failed after 5 retries: https://www.reddit.com/r/indonesia/comments/1tib8x6.json
2026-05-21 06:05:42 [WARNING ] crawl_pipeline.comments | Rate-limited (429). Waiting 2s (attempt 1/5)
2026-05-21 06:05:42 [INFO    ] crawl_pipeline.worker-1 | [Worker 1] 1tib8x6 done — 0 thread(s)
2026-05-21 06:05:43 [WARNING ] crawl_pipeline.comments | Rate-limited (429). Waiting 2s (attempt 1/5)
2026-05-21 06:05:43 [ERROR   ] crawl_pipeline.comments | Could not fetch comments for post 1tifqlc: Failed after 5 retries: https://www.reddit.com/r/kulineria/comments/1tifqlc.json
2026-05-21 06:05:43 [INFO    ] crawl_pipeline.worker-0 | [Worker 0] 1tifqlc done — 0 thread(s)
2026-05-21 06:05:44 [INFO    ] crawl_pipeline.worker-1 | [Worker 1] Processing 1tj9iko (finansial) — "Kartu selain Jenius/SMBC yang bisa VISA yg kursnya wara..."
2026-05-21 06:05:45 [WARNING ] crawl_pipeline.comments | Rate-limited (429). Waiting 4s (attempt 2/5)
2026-05-21 06:05:45 [WARNING ] crawl_pipeline.comments | Rate-limited (429). Waiting 4s (attempt 2/5)
2026-05-21 06:05:45 [INFO    ] crawl_pipeline.worker-0 | [Worker 0] Processing 1tio2nm (indonesia) — "Indonesia's new state capitalism shrinks its future - N..."
2026-05-21 06:05:45 [WARNING ] crawl_pipeline.comments | Rate-limited (429). Waiting 2s (attempt 1/5)
2026-05-21 06:05:45 [WARNING ] crawl_pipeline.comments | Rate-limited (429). Waiting 2s (attempt 1/5)
2026-05-21 06:05:46 [WARNING ] crawl_pipeline.posts | Rate-limited (429). Waiting 6s (attempt 3/5)
2026-05-21 06:05:47 [WARNING ] crawl_pipeline.comments | Rate-limited (429). Waiting 4s (attempt 2/5)
2026-05-21 06:05:48 [WARNING ] crawl_pipeline.comments | Rate-limited (429). Waiting 4s (attempt 2/5)
2026-05-21 06:05:49 [WARNING ] crawl_pipeline.comments | Rate-limited (429). Waiting 6s (attempt 3/5)
2026-05-21 06:05:49 [WARNING ] crawl_pipeline.comments | Rate-limited (429). Waiting 6s (attempt 3/5)
2026-05-21 06:05:51 [WARNING ] crawl_pipeline.comments | Rate-limited (429). Waiting 6s (attempt 3/5)
2026-05-21 06:05:52 [WARNING ] crawl_pipeline.comments | Rate-limited (429). Waiting 6s (attempt 3/5)
2026-05-21 06:05:52 [WARNING ] crawl_pipeline.posts | Rate-limited (429). Waiting 8s (attempt 4/5)
2026-05-21 06:05:55 [WARNING ] crawl_pipeline.comments | Rate-limited (429). Waiting 8s (attempt 4/5)
2026-05-21 06:05:55 [WARNING ] crawl_pipeline.comments | Rate-limited (429). Waiting 8s (attempt 4/5)
2026-05-21 06:05:58 [WARNING ] crawl_pipeline.comments | Rate-limited (429). Waiting 8s (attempt 4/5)
2026-05-21 06:05:58 [WARNING ] crawl_pipeline.comments | Rate-limited (429). Waiting 8s (attempt 4/5)
2026-05-21 06:06:01 [WARNING ] crawl_pipeline.posts | Rate-limited (429). Waiting 10s (attempt 5/5)
2026-05-21 06:06:03 [WARNING ] crawl_pipeline.comments | Rate-limited (429). Waiting 10s (attempt 5/5)
2026-05-21 06:06:04 [WARNING ] crawl_pipeline.comments | Rate-limited (429). Waiting 10s (attempt 5/5)
2026-05-21 06:06:06 [WARNING ] crawl_pipeline.comments | Rate-limited (429). Waiting 10s (attempt 5/5)
2026-05-21 06:06:07 [WARNING ] crawl_pipeline.comments | Rate-limited (429). Waiting 10s (attempt 5/5)
2026-05-21 06:06:11 [ERROR   ] crawl_pipeline.posts |   [top] Page fetch failed: Failed after 5 retries: https://www.reddit.com/user/chivalricsystems/m/indonesiasemua/top/.json
2026-05-21 06:06:11 [INFO    ] crawl_pipeline.posts | [PostsCrawl] Listing: rising
2026-05-21 06:06:11 [WARNING ] crawl_pipeline.posts | Rate-limited (429). Waiting 2s (attempt 1/5)
2026-05-21 06:06:13 [WARNING ] crawl_pipeline.posts | Rate-limited (429). Waiting 4s (attempt 2/5)
2026-05-21 06:06:13 [ERROR   ] crawl_pipeline.comments | Could not fetch comments for post 1ti8b6m: Failed after 5 retries: https://www.reddit.com/r/indonesiabebas/comments/1ti8b6m.json
2026-05-21 06:06:13 [INFO    ] crawl_pipeline.worker-3 | [Worker 3] 1ti8b6m done — 0 thread(s)
2026-05-21 06:06:14 [ERROR   ] crawl_pipeline.comments | Could not fetch comments for post 1tic66t: Failed after 5 retries: https://www.reddit.com/r/indonesia/comments/1tic66t.json
2026-05-21 06:06:14 [INFO    ] crawl_pipeline.worker-2 | [Worker 2] 1tic66t done — 0 thread(s)
2026-05-21 06:06:15 [INFO    ] crawl_pipeline.worker-3 | [Worker 3] Processing 1tijvdk (jualbeliindonesia) — "WTS WD My Passport 4TB External HDD..."
2026-05-21 06:06:16 [INFO    ] crawl_pipeline.worker-2 | [Worker 2] Processing 1tip34q (indowibu) — ""I am Reincarnated as Aeng-du and Somehow, Jun Falls in..."
2026-05-21 06:06:16 [WARNING ] crawl_pipeline.comments | Rate-limited (429). Waiting 2s (attempt 1/5)
2026-05-21 06:06:16 [WARNING ] crawl_pipeline.comments | Rate-limited (429). Waiting 2s (attempt 1/5)
2026-05-21 06:06:16 [ERROR   ] crawl_pipeline.comments | Could not fetch comments for post 1tj9iko: Failed after 5 retries: https://www.reddit.com/r/finansial/comments/1tj9iko.json
2026-05-21 06:06:16 [INFO    ] crawl_pipeline.worker-1 | [Worker 1] 1tj9iko done — 0 thread(s)
2026-05-21 06:06:17 [ERROR   ] crawl_pipeline.comments | Could not fetch comments for post 1tio2nm: Failed after 5 retries: https://www.reddit.com/r/indonesia/comments/1tio2nm.json
2026-05-21 06:06:17 [INFO    ] crawl_pipeline.worker-0 | [Worker 0] 1tio2nm done — 0 thread(s)
2026-05-21 06:06:18 [WARNING ] crawl_pipeline.posts | Rate-limited (429). Waiting 6s (attempt 3/5)
2026-05-21 06:06:18 [WARNING ] crawl_pipeline.comments | Rate-limited (429). Waiting 4s (attempt 2/5)
2026-05-21 06:06:18 [WARNING ] crawl_pipeline.comments | Rate-limited (429). Waiting 4s (attempt 2/5)
2026-05-21 06:06:18 [INFO    ] crawl_pipeline.worker-1 | [Worker 1] Processing 1tigty2 (AdaIndonesiaCoy) — "Go Internasyenel in a good way!..."
2026-05-21 06:06:18 [WARNING ] crawl_pipeline.comments | Rate-limited (429). Waiting 2s (attempt 1/5)
2026-05-21 06:06:19 [INFO    ] crawl_pipeline.worker-0 | [Worker 0] Processing 1tieur8 (jualbeliindonesia) — "WTS Nothing ear (a)..."
2026-05-21 06:06:19 [WARNING ] crawl_pipeline.comments | Rate-limited (429). Waiting 2s (attempt 1/5)
2026-05-21 06:06:21 [WARNING ] crawl_pipeline.comments | Rate-limited (429). Waiting 4s (attempt 2/5)
2026-05-21 06:06:21 [WARNING ] crawl_pipeline.comments | Rate-limited (429). Waiting 4s (attempt 2/5)
2026-05-21 06:06:22 [WARNING ] crawl_pipeline.comments | Rate-limited (429). Waiting 6s (attempt 3/5)
2026-05-21 06:06:22 [WARNING ] crawl_pipeline.comments | Rate-limited (429). Waiting 6s (attempt 3/5)
2026-05-21 06:06:24 [WARNING ] crawl_pipeline.posts | Rate-limited (429). Waiting 8s (attempt 4/5)
2026-05-21 06:06:25 [WARNING ] crawl_pipeline.comments | Rate-limited (429). Waiting 6s (attempt 3/5)
2026-05-21 06:06:25 [WARNING ] crawl_pipeline.comments | Rate-limited (429). Waiting 6s (attempt 3/5)
2026-05-21 06:06:28 [WARNING ] crawl_pipeline.comments | Rate-limited (429). Waiting 8s (attempt 4/5)
2026-05-21 06:06:28 [WARNING ] crawl_pipeline.comments | Rate-limited (429). Waiting 8s (attempt 4/5)
2026-05-21 06:06:31 [WARNING ] crawl_pipeline.comments | Rate-limited (429). Waiting 8s (attempt 4/5)
2026-05-21 06:06:32 [WARNING ] crawl_pipeline.comments | Rate-limited (429). Waiting 8s (attempt 4/5)
2026-05-21 06:06:32 [WARNING ] crawl_pipeline.posts | Rate-limited (429). Waiting 10s (attempt 5/5)
2026-05-21 06:06:36 [WARNING ] crawl_pipeline.comments | Rate-limited (429). Waiting 10s (attempt 5/5)
2026-05-21 06:06:37 [WARNING ] crawl_pipeline.comments | Rate-limited (429). Waiting 10s (attempt 5/5)
2026-05-21 06:06:40 [WARNING ] crawl_pipeline.comments | Rate-limited (429). Waiting 10s (attempt 5/5)
2026-05-21 06:06:40 [WARNING ] crawl_pipeline.comments | Rate-limited (429). Waiting 10s (attempt 5/5)
2026-05-21 06:06:42 [ERROR   ] crawl_pipeline.posts |   [rising] Page fetch failed: Failed after 5 retries: https://www.reddit.com/user/chivalricsystems/m/indonesiasemua/rising/.json
2026-05-21 06:06:42 [INFO    ] crawl_pipeline.posts | [PostsCrawl] Cycle complete. New this cycle: 400
2026-05-21 06:06:42 [INFO    ] crawl_pipeline.posts | [PostsCrawl] Done. Grand total new posts: 400
2026-05-21 06:06:42 [INFO    ] crawl_pipeline | [Pipeline] Producer finished. 400 new posts discovered.
2026-05-21 06:06:42 [INFO    ] crawl_pipeline | [Pipeline] Sending 4 sentinel(s) to workers...
2026-05-21 06:06:42 [INFO    ] crawl_pipeline | [Pipeline] Waiting for workers to finish...
2026-05-21 06:06:46 [ERROR   ] crawl_pipeline.comments | Could not fetch comments for post 1tijvdk: Failed after 5 retries: https://www.reddit.com/r/jualbeliindonesia/comments/1tijvdk.json
2026-05-21 06:06:46 [INFO    ] crawl_pipeline.worker-3 | [Worker 3] 1tijvdk done — 0 thread(s)
2026-05-21 06:06:47 [ERROR   ] crawl_pipeline.comments | Could not fetch comments for post 1tip34q: Failed after 5 retries: https://www.reddit.com/r/indowibu/comments/1tip34q.json
2026-05-21 06:06:47 [INFO    ] crawl_pipeline.worker-2 | [Worker 2] 1tip34q done — 0 thread(s)
2026-05-21 06:06:48 [INFO    ] crawl_pipeline.worker-3 | [Worker 3] Processing 1tir7fo (indowibu) — "German boy trapped between british and french men (chn1..."
2026-05-21 06:06:49 [INFO    ] crawl_pipeline.worker-2 | [Worker 2] Processing 1tianvh (indonesiabebas) — "Seabank Pinjam, tidak tersedia di Aceh..."
2026-05-21 06:06:49 [WARNING ] crawl_pipeline.comments | Rate-limited (429). Waiting 2s (attempt 1/5)
2026-05-21 06:06:49 [WARNING ] crawl_pipeline.comments | Rate-limited (429). Waiting 2s (attempt 1/5)
2026-05-21 06:06:50 [ERROR   ] crawl_pipeline.comments | Could not fetch comments for post 1tigty2: Failed after 5 retries: https://www.reddit.com/r/AdaIndonesiaCoy/comments/1tigty2.json
2026-05-21 06:06:50 [INFO    ] crawl_pipeline.worker-1 | [Worker 1] 1tigty2 done — 0 thread(s)
2026-05-21 06:06:50 [ERROR   ] crawl_pipeline.comments | Could not fetch comments for post 1tieur8: Failed after 5 retries: https://www.reddit.com/r/jualbeliindonesia/comments/1tieur8.json
2026-05-21 06:06:50 [INFO    ] crawl_pipeline.worker-0 | [Worker 0] 1tieur8 done — 0 thread(s)
2026-05-21 06:06:51 [WARNING ] crawl_pipeline.comments | Rate-limited (429). Waiting 4s (attempt 2/5)
2026-05-21 06:06:51 [WARNING ] crawl_pipeline.comments | Rate-limited (429). Waiting 4s (attempt 2/5)
2026-05-21 06:06:52 [INFO    ] crawl_pipeline.worker-1 | [Worker 1] Processing 1tigax5 (WkwkwkLand) — "😂😂..."
2026-05-21 06:06:52 [INFO    ] crawl_pipeline.worker-0 | [Worker 0] Processing 1tid9yq (indowibu) — "Rabu Rabun #18 : Sumika Fujimiya (Isekai Ojisan)..."
2026-05-21 06:06:52 [WARNING ] crawl_pipeline.comments | Rate-limited (429). Waiting 2s (attempt 1/5)
2026-05-21 06:06:52 [WARNING ] crawl_pipeline.comments | Rate-limited (429). Waiting 2s (attempt 1/5)
2026-05-21 06:06:54 [WARNING ] crawl_pipeline.comments | Rate-limited (429). Waiting 4s (attempt 2/5)
2026-05-21 06:06:54 [WARNING ] crawl_pipeline.comments | Rate-limited (429). Waiting 4s (attempt 2/5)
2026-05-21 06:06:55 [WARNING ] crawl_pipeline.comments | Rate-limited (429). Waiting 6s (attempt 3/5)
2026-05-21 06:06:55 [WARNING ] crawl_pipeline.comments | Rate-limited (429). Waiting 6s (attempt 3/5)
2026-05-21 06:06:58 [WARNING ] crawl_pipeline.comments | Rate-limited (429). Waiting 6s (attempt 3/5)
2026-05-21 06:06:58 [WARNING ] crawl_pipeline.comments | Rate-limited (429). Waiting 6s (attempt 3/5)
2026-05-21 06:07:01 [WARNING ] crawl_pipeline.comments | Rate-limited (429). Waiting 8s (attempt 4/5)
2026-05-21 06:07:02 [WARNING ] crawl_pipeline.comments | Rate-limited (429). Waiting 8s (attempt 4/5)
2026-05-21 06:07:05 [WARNING ] crawl_pipeline.comments | Rate-limited (429). Waiting 8s (attempt 4/5)
2026-05-21 06:07:05 [WARNING ] crawl_pipeline.comments | Rate-limited (429). Waiting 8s (attempt 4/5)
2026-05-21 06:07:10 [WARNING ] crawl_pipeline.comments | Rate-limited (429). Waiting 10s (attempt 5/5)
2026-05-21 06:07:10 [WARNING ] crawl_pipeline.comments | Rate-limited (429). Waiting 10s (attempt 5/5)
2026-05-21 06:07:13 [WARNING ] crawl_pipeline.comments | Rate-limited (429). Waiting 10s (attempt 5/5)
2026-05-21 06:07:13 [WARNING ] crawl_pipeline.comments | Rate-limited (429). Waiting 10s (attempt 5/5)
2026-05-21 06:07:20 [ERROR   ] crawl_pipeline.comments | Could not fetch comments for post 1tir7fo: Failed after 5 retries: https://www.reddit.com/r/indowibu/comments/1tir7fo.json
2026-05-21 06:07:20 [INFO    ] crawl_pipeline.worker-3 | [Worker 3] 1tir7fo done — 0 thread(s)
2026-05-21 06:07:20 [ERROR   ] crawl_pipeline.comments | Could not fetch comments for post 1tianvh: Failed after 5 retries: https://www.reddit.com/r/indonesiabebas/comments/1tianvh.json
2026-05-21 06:07:20 [INFO    ] crawl_pipeline.worker-2 | [Worker 2] 1tianvh done — 0 thread(s)
2026-05-21 06:07:22 [INFO    ] crawl_pipeline.worker-3 | [Worker 3] Processing 1ti5c9z (kulineria) — "Bakmi niaga cabang sunter, jakarta..."
2026-05-21 06:07:22 [INFO    ] crawl_pipeline.worker-2 | [Worker 2] Processing 1ti906j (AdaIndonesiaCoy) — "Average Age People Lose Their Virginity..."
2026-05-21 06:07:22 [WARNING ] crawl_pipeline.comments | Rate-limited (429). Waiting 2s (attempt 1/5)
2026-05-21 06:07:22 [WARNING ] crawl_pipeline.comments | Rate-limited (429). Waiting 2s (attempt 1/5)
2026-05-21 06:07:23 [ERROR   ] crawl_pipeline.comments | Could not fetch comments for post 1tid9yq: Failed after 5 retries: https://www.reddit.com/r/indowibu/comments/1tid9yq.json
2026-05-21 06:07:23 [INFO    ] crawl_pipeline.worker-0 | [Worker 0] 1tid9yq done — 0 thread(s)
2026-05-21 06:07:23 [ERROR   ] crawl_pipeline.comments | Could not fetch comments for post 1tigax5: Failed after 5 retries: https://www.reddit.com/r/WkwkwkLand/comments/1tigax5.json
2026-05-21 06:07:23 [INFO    ] crawl_pipeline.worker-1 | [Worker 1] 1tigax5 done — 0 thread(s)
2026-05-21 06:07:24 [WARNING ] crawl_pipeline.comments | Rate-limited (429). Waiting 4s (attempt 2/5)
2026-05-21 06:07:24 [WARNING ] crawl_pipeline.comments | Rate-limited (429). Waiting 4s (attempt 2/5)
2026-05-21 06:07:25 [INFO    ] crawl_pipeline.worker-0 | [Worker 0] Processing 1tiiljn (indonesiabebas) — "Indonesia unveils plan to centralise control of commodi..."
2026-05-21 06:07:25 [WARNING ] crawl_pipeline.comments | Rate-limited (429). Waiting 2s (attempt 1/5)
2026-05-21 06:07:25 [INFO    ] crawl_pipeline.worker-1 | [Worker 1] Processing 1tila69 (indonesia) — "Manusia Silver di Bali Todong Pengendara Pakai Pisau, P..."
2026-05-21 06:07:26 [WARNING ] crawl_pipeline.comments | Rate-limited (429). Waiting 2s (attempt 1/5)
2026-05-21 06:07:27 [WARNING ] crawl_pipeline.comments | Rate-limited (429). Waiting 4s (attempt 2/5)
2026-05-21 06:07:28 [WARNING ] crawl_pipeline.comments | Rate-limited (429). Waiting 4s (attempt 2/5)
2026-05-21 06:07:28 [WARNING ] crawl_pipeline.comments | Rate-limited (429). Waiting 6s (attempt 3/5)
2026-05-21 06:07:28 [WARNING ] crawl_pipeline.comments | Rate-limited (429). Waiting 6s (attempt 3/5)
2026-05-21 06:07:31 [WARNING ] crawl_pipeline.comments | Rate-limited (429). Waiting 6s (attempt 3/5)
2026-05-21 06:07:32 [WARNING ] crawl_pipeline.comments | Rate-limited (429). Waiting 6s (attempt 3/5)
2026-05-21 06:07:34 [WARNING ] crawl_pipeline.comments | Rate-limited (429). Waiting 8s (attempt 4/5)
2026-05-21 06:07:35 [WARNING ] crawl_pipeline.comments | Rate-limited (429). Waiting 8s (attempt 4/5)
2026-05-21 06:07:38 [WARNING ] crawl_pipeline.comments | Rate-limited (429). Waiting 8s (attempt 4/5)
2026-05-21 06:07:39 [WARNING ] crawl_pipeline.comments | Rate-limited (429). Waiting 8s (attempt 4/5)
2026-05-21 06:07:43 [WARNING ] crawl_pipeline.comments | Rate-limited (429). Waiting 10s (attempt 5/5)
2026-05-21 06:07:43 [WARNING ] crawl_pipeline.comments | Rate-limited (429). Waiting 10s (attempt 5/5)
2026-05-21 06:07:46 [WARNING ] crawl_pipeline.comments | Rate-limited (429). Waiting 10s (attempt 5/5)
2026-05-21 06:07:47 [WARNING ] crawl_pipeline.comments | Rate-limited (429). Waiting 10s (attempt 5/5)
2026-05-21 06:07:53 [ERROR   ] crawl_pipeline.comments | Could not fetch comments for post 1ti5c9z: Failed after 5 retries: https://www.reddit.com/r/kulineria/comments/1ti5c9z.json
2026-05-21 06:07:53 [INFO    ] crawl_pipeline.worker-3 | [Worker 3] 1ti5c9z done — 0 thread(s)
2026-05-21 06:07:53 [ERROR   ] crawl_pipeline.comments | Could not fetch comments for post 1ti906j: Failed after 5 retries: https://www.reddit.com/r/AdaIndonesiaCoy/comments/1ti906j.json
2026-05-21 06:07:53 [INFO    ] crawl_pipeline.worker-2 | [Worker 2] 1ti906j done — 0 thread(s)
2026-05-21 06:07:55 [INFO    ] crawl_pipeline.worker-3 | [Worker 3] Processing 1tilkir (indonesiabebas) — "Manusia Silver di Bali Todong Pengendara Pakai Pisau, P..."
2026-05-21 06:07:55 [INFO    ] crawl_pipeline.worker-2 | [Worker 2] Processing 1ti838n (AdaIndonesiaCoy) — "Kena?..."
2026-05-21 06:07:55 [WARNING ] crawl_pipeline.comments | Rate-limited (429). Waiting 2s (attempt 1/5)
2026-05-21 06:07:55 [WARNING ] crawl_pipeline.comments | Rate-limited (429). Waiting 2s (attempt 1/5)
2026-05-21 06:07:56 [ERROR   ] crawl_pipeline.comments | Could not fetch comments for post 1tiiljn: Failed after 5 retries: https://www.reddit.com/r/indonesiabebas/comments/1tiiljn.json
2026-05-21 06:07:56 [INFO    ] crawl_pipeline.worker-0 | [Worker 0] 1tiiljn done — 0 thread(s)
2026-05-21 06:07:57 [ERROR   ] crawl_pipeline.comments | Could not fetch comments for post 1tila69: Failed after 5 retries: https://www.reddit.com/r/indonesia/comments/1tila69.json
2026-05-21 06:07:57 [INFO    ] crawl_pipeline.worker-1 | [Worker 1] 1tila69 done — 0 thread(s)
2026-05-21 06:07:57 [WARNING ] crawl_pipeline.comments | Rate-limited (429). Waiting 4s (attempt 2/5)
2026-05-21 06:07:58 [WARNING ] crawl_pipeline.comments | Rate-limited (429). Waiting 4s (attempt 2/5)
2026-05-21 06:07:58 [INFO    ] crawl_pipeline.worker-0 | [Worker 0] Processing 1qf7pub (aku_ddn) — "aku📳ddn..."
2026-05-21 06:07:58 [WARNING ] crawl_pipeline.comments | Rate-limited (429). Waiting 2s (attempt 1/5)
2026-05-21 06:07:59 [INFO    ] crawl_pipeline.worker-1 | [Worker 1] Processing 1ti7fkp (indonesiabebas) — "D. benar semua..."
2026-05-21 06:07:59 [WARNING ] crawl_pipeline.comments | Rate-limited (429). Waiting 2s (attempt 1/5)
2026-05-21 06:08:00 [WARNING ] crawl_pipeline.comments | Rate-limited (429). Waiting 4s (attempt 2/5)
2026-05-21 06:08:01 [WARNING ] crawl_pipeline.comments | Rate-limited (429). Waiting 4s (attempt 2/5)
2026-05-21 06:08:01 [WARNING ] crawl_pipeline.comments | Rate-limited (429). Waiting 6s (attempt 3/5)
2026-05-21 06:08:02 [WARNING ] crawl_pipeline.comments | Rate-limited (429). Waiting 6s (attempt 3/5)
2026-05-21 06:08:05 [WARNING ] crawl_pipeline.comments | Rate-limited (429). Waiting 6s (attempt 3/5)
2026-05-21 06:08:05 [WARNING ] crawl_pipeline.comments | Rate-limited (429). Waiting 6s (attempt 3/5)
2026-05-21 06:08:07 [WARNING ] crawl_pipeline.comments | Rate-limited (429). Waiting 8s (attempt 4/5)
2026-05-21 06:08:08 [WARNING ] crawl_pipeline.comments | Rate-limited (429). Waiting 8s (attempt 4/5)
2026-05-21 06:08:11 [WARNING ] crawl_pipeline.comments | Rate-limited (429). Waiting 8s (attempt 4/5)
2026-05-21 06:08:12 [WARNING ] crawl_pipeline.comments | Rate-limited (429). Waiting 8s (attempt 4/5)
2026-05-21 06:08:16 [WARNING ] crawl_pipeline.comments | Rate-limited (429). Waiting 10s (attempt 5/5)
2026-05-21 06:08:17 [WARNING ] crawl_pipeline.comments | Rate-limited (429). Waiting 10s (attempt 5/5)
2026-05-21 06:08:19 [WARNING ] crawl_pipeline.comments | Rate-limited (429). Waiting 10s (attempt 5/5)
2026-05-21 06:08:20 [WARNING ] crawl_pipeline.comments | Rate-limited (429). Waiting 10s (attempt 5/5)
2026-05-21 06:08:26 [ERROR   ] crawl_pipeline.comments | Could not fetch comments for post 1tilkir: Failed after 5 retries: https://www.reddit.com/r/indonesiabebas/comments/1tilkir.json
2026-05-21 06:08:26 [INFO    ] crawl_pipeline.worker-3 | [Worker 3] 1tilkir done — 0 thread(s)
2026-05-21 06:08:27 [ERROR   ] crawl_pipeline.comments | Could not fetch comments for post 1ti838n: Failed after 5 retries: https://www.reddit.com/r/AdaIndonesiaCoy/comments/1ti838n.json
2026-05-21 06:08:27 [INFO    ] crawl_pipeline.worker-2 | [Worker 2] 1ti838n done — 0 thread(s)
2026-05-21 06:08:28 [INFO    ] crawl_pipeline.worker-3 | [Worker 3] Processing 1tidzi1 (BaliTravelTips) — "Bali Visa Payment unsuccessful but debited from my acco..."
2026-05-21 06:08:28 [WARNING ] crawl_pipeline.comments | Rate-limited (429). Waiting 2s (attempt 1/5)
2026-05-21 06:08:29 [INFO    ] crawl_pipeline.worker-2 | [Worker 2] Processing 1tirt9a (indotech) — "OpenAI Is Preparing to File for an IPO Very Soon..."
2026-05-21 06:08:29 [WARNING ] crawl_pipeline.comments | Rate-limited (429). Waiting 2s (attempt 1/5)
2026-05-21 06:08:29 [ERROR   ] crawl_pipeline.comments | Could not fetch comments for post 1qf7pub: Failed after 5 retries: https://www.reddit.com/r/aku_ddn/comments/1qf7pub.json
2026-05-21 06:08:29 [INFO    ] crawl_pipeline.worker-0 | [Worker 0] 1qf7pub done — 0 thread(s)
2026-05-21 06:08:30 [ERROR   ] crawl_pipeline.comments | Could not fetch comments for post 1ti7fkp: Failed after 5 retries: https://www.reddit.com/r/indonesiabebas/comments/1ti7fkp.json
2026-05-21 06:08:30 [INFO    ] crawl_pipeline.worker-1 | [Worker 1] 1ti7fkp done — 0 thread(s)
2026-05-21 06:08:30 [WARNING ] crawl_pipeline.comments | Rate-limited (429). Waiting 4s (attempt 2/5)
2026-05-21 06:08:31 [INFO    ] crawl_pipeline.worker-0 | [Worker 0] Processing 1ti4q9w (indonesia) — "Must have been the wind...."
2026-05-21 06:08:31 [WARNING ] crawl_pipeline.comments | Rate-limited (429). Waiting 4s (attempt 2/5)
2026-05-21 06:08:31 [WARNING ] crawl_pipeline.comments | Rate-limited (429). Waiting 2s (attempt 1/5)
2026-05-21 06:08:32 [INFO    ] crawl_pipeline.worker-1 | [Worker 1] Processing 1tij0rt (indotech) — "Rekomendasi Service SMD/Micro-solder di Jakarta..."
2026-05-21 06:08:32 [WARNING ] crawl_pipeline.comments | Rate-limited (429). Waiting 2s (attempt 1/5)
2026-05-21 06:08:33 [WARNING ] crawl_pipeline.comments | Rate-limited (429). Waiting 4s (attempt 2/5)
2026-05-21 06:08:34 [WARNING ] crawl_pipeline.comments | Rate-limited (429). Waiting 4s (attempt 2/5)
2026-05-21 06:08:35 [WARNING ] crawl_pipeline.comments | Rate-limited (429). Waiting 6s (attempt 3/5)
2026-05-21 06:08:35 [WARNING ] crawl_pipeline.comments | Rate-limited (429). Waiting 6s (attempt 3/5)
2026-05-21 06:08:38 [WARNING ] crawl_pipeline.comments | Rate-limited (429). Waiting 6s (attempt 3/5)
2026-05-21 06:08:38 [WARNING ] crawl_pipeline.comments | Rate-limited (429). Waiting 6s (attempt 3/5)
2026-05-21 06:08:41 [WARNING ] crawl_pipeline.comments | Rate-limited (429). Waiting 8s (attempt 4/5)
2026-05-21 06:08:41 [WARNING ] crawl_pipeline.comments | Rate-limited (429). Waiting 8s (attempt 4/5)
2026-05-21 06:08:44 [WARNING ] crawl_pipeline.comments | Rate-limited (429). Waiting 8s (attempt 4/5)
2026-05-21 06:08:45 [WARNING ] crawl_pipeline.comments | Rate-limited (429). Waiting 8s (attempt 4/5)
2026-05-21 06:08:49 [WARNING ] crawl_pipeline.comments | Rate-limited (429). Waiting 10s (attempt 5/5)
2026-05-21 06:08:50 [WARNING ] crawl_pipeline.comments | Rate-limited (429). Waiting 10s (attempt 5/5)
2026-05-21 06:08:52 [WARNING ] crawl_pipeline.comments | Rate-limited (429). Waiting 10s (attempt 5/5)
2026-05-21 06:08:53 [WARNING ] crawl_pipeline.comments | Rate-limited (429). Waiting 10s (attempt 5/5)
2026-05-21 06:08:59 [ERROR   ] crawl_pipeline.comments | Could not fetch comments for post 1tidzi1: Failed after 5 retries: https://www.reddit.com/r/BaliTravelTips/comments/1tidzi1.json
2026-05-21 06:08:59 [INFO    ] crawl_pipeline.worker-3 | [Worker 3] 1tidzi1 done — 0 thread(s)
2026-05-21 06:09:00 [ERROR   ] crawl_pipeline.comments | Could not fetch comments for post 1tirt9a: Failed after 5 retries: https://www.reddit.com/r/indotech/comments/1tirt9a.json
2026-05-21 06:09:00 [INFO    ] crawl_pipeline.worker-2 | [Worker 2] 1tirt9a done — 0 thread(s)
2026-05-21 06:09:01 [INFO    ] crawl_pipeline.worker-3 | [Worker 3] Processing 1thjuef (JudiSaham) — "Broksum KETR May 19th - Tembok 20k lot 585..."
2026-05-21 06:09:01 [WARNING ] crawl_pipeline.comments | Rate-limited (429). Waiting 2s (attempt 1/5)
2026-05-21 06:09:02 [INFO    ] crawl_pipeline.worker-2 | [Worker 2] Processing 1tift9f (AdaIndonesiaCoy) — "If Only..."
2026-05-21 06:09:02 [ERROR   ] crawl_pipeline.comments | Could not fetch comments for post 1ti4q9w: Failed after 5 retries: https://www.reddit.com/r/indonesia/comments/1ti4q9w.json
2026-05-21 06:09:02 [INFO    ] crawl_pipeline.worker-0 | [Worker 0] 1ti4q9w done — 0 thread(s)
2026-05-21 06:09:02 [WARNING ] crawl_pipeline.comments | Rate-limited (429). Waiting 2s (attempt 1/5)
2026-05-21 06:09:03 [ERROR   ] crawl_pipeline.comments | Could not fetch comments for post 1tij0rt: Failed after 5 retries: https://www.reddit.com/r/indotech/comments/1tij0rt.json
2026-05-21 06:09:03 [INFO    ] crawl_pipeline.worker-1 | [Worker 1] 1tij0rt done — 0 thread(s)
2026-05-21 06:09:04 [WARNING ] crawl_pipeline.comments | Rate-limited (429). Waiting 4s (attempt 2/5)
2026-05-21 06:09:04 [INFO    ] crawl_pipeline.worker-0 | [Worker 0] Processing 1tigy6p (kulineria) — "Brillo Pizza, Pangandaran..."
2026-05-21 06:09:04 [WARNING ] crawl_pipeline.comments | Rate-limited (429). Waiting 2s (attempt 1/5)
2026-05-21 06:09:04 [WARNING ] crawl_pipeline.comments | Rate-limited (429). Waiting 4s (attempt 2/5)
2026-05-21 06:09:05 [INFO    ] crawl_pipeline.worker-1 | [Worker 1] Processing 1tif8e6 (Jakarta) — "TheWeeknd Jakarta Tickets for sale..."
2026-05-21 06:09:05 [WARNING ] crawl_pipeline.comments | Rate-limited (429). Waiting 2s (attempt 1/5)
2026-05-21 06:09:07 [WARNING ] crawl_pipeline.comments | Rate-limited (429). Waiting 4s (attempt 2/5)
2026-05-21 06:09:08 [WARNING ] crawl_pipeline.comments | Rate-limited (429). Waiting 4s (attempt 2/5)
2026-05-21 06:09:08 [WARNING ] crawl_pipeline.comments | Rate-limited (429). Waiting 6s (attempt 3/5)
2026-05-21 06:09:09 [WARNING ] crawl_pipeline.comments | Rate-limited (429). Waiting 6s (attempt 3/5)
2026-05-21 06:09:11 [WARNING ] crawl_pipeline.comments | Rate-limited (429). Waiting 6s (attempt 3/5)
2026-05-21 06:09:12 [WARNING ] crawl_pipeline.comments | Rate-limited (429). Waiting 6s (attempt 3/5)
2026-05-21 06:09:14 [WARNING ] crawl_pipeline.comments | Rate-limited (429). Waiting 8s (attempt 4/5)
2026-05-21 06:09:15 [WARNING ] crawl_pipeline.comments | Rate-limited (429). Waiting 8s (attempt 4/5)
2026-05-21 06:09:17 [WARNING ] crawl_pipeline.comments | Rate-limited (429). Waiting 8s (attempt 4/5)
2026-05-21 06:09:18 [WARNING ] crawl_pipeline.comments | Rate-limited (429). Waiting 8s (attempt 4/5)
2026-05-21 06:09:22 [WARNING ] crawl_pipeline.comments | Rate-limited (429). Waiting 10s (attempt 5/5)
2026-05-21 06:09:23 [WARNING ] crawl_pipeline.comments | Rate-limited (429). Waiting 10s (attempt 5/5)
2026-05-21 06:09:25 [WARNING ] crawl_pipeline.comments | Rate-limited (429). Waiting 10s (attempt 5/5)
2026-05-21 06:09:26 [WARNING ] crawl_pipeline.comments | Rate-limited (429). Waiting 10s (attempt 5/5)
2026-05-21 06:09:32 [ERROR   ] crawl_pipeline.comments | Could not fetch comments for post 1thjuef: Failed after 5 retries: https://www.reddit.com/r/JudiSaham/comments/1thjuef.json
2026-05-21 06:09:32 [INFO    ] crawl_pipeline.worker-3 | [Worker 3] 1thjuef done — 0 thread(s)
2026-05-21 06:09:33 [ERROR   ] crawl_pipeline.comments | Could not fetch comments for post 1tift9f: Failed after 5 retries: https://www.reddit.com/r/AdaIndonesiaCoy/comments/1tift9f.json
2026-05-21 06:09:33 [INFO    ] crawl_pipeline.worker-2 | [Worker 2] 1tift9f done — 0 thread(s)
2026-05-21 06:09:34 [INFO    ] crawl_pipeline.worker-3 | [Worker 3] Processing 1ti51ke (IndoGamer) — "Single-player enjoyer pengen coba game multiplayer..."
2026-05-21 06:09:35 [WARNING ] crawl_pipeline.comments | Rate-limited (429). Waiting 2s (attempt 1/5)
2026-05-21 06:09:35 [ERROR   ] crawl_pipeline.comments | Could not fetch comments for post 1tigy6p: Failed after 5 retries: https://www.reddit.com/r/kulineria/comments/1tigy6p.json
2026-05-21 06:09:35 [INFO    ] crawl_pipeline.worker-0 | [Worker 0] 1tigy6p done — 0 thread(s)
2026-05-21 06:09:35 [INFO    ] crawl_pipeline.worker-2 | [Worker 2] Processing 1tic8qr (WkwkwkLand) — "Ngeri kali..."
2026-05-21 06:09:36 [WARNING ] crawl_pipeline.comments | Rate-limited (429). Waiting 2s (attempt 1/5)
2026-05-21 06:09:36 [ERROR   ] crawl_pipeline.comments | Could not fetch comments for post 1tif8e6: Failed after 5 retries: https://www.reddit.com/r/Jakarta/comments/1tif8e6.json
2026-05-21 06:09:36 [INFO    ] crawl_pipeline.worker-1 | [Worker 1] 1tif8e6 done — 0 thread(s)
2026-05-21 06:09:37 [WARNING ] crawl_pipeline.comments | Rate-limited (429). Waiting 4s (attempt 2/5)
2026-05-21 06:09:37 [INFO    ] crawl_pipeline.worker-0 | [Worker 0] Processing 1tj0m38 (WkwkwkLand) — "Yok pada kumpul yok..."
2026-05-21 06:09:37 [WARNING ] crawl_pipeline.comments | Rate-limited (429). Waiting 2s (attempt 1/5)
2026-05-21 06:09:38 [WARNING ] crawl_pipeline.comments | Rate-limited (429). Waiting 4s (attempt 2/5)
2026-05-21 06:09:38 [INFO    ] crawl_pipeline.worker-1 | [Worker 1] Processing 1tigzzr (jualbeliindonesia) — "WTS Apple Watch 11 (BNIB)..."
2026-05-21 06:09:39 [WARNING ] crawl_pipeline.comments | Rate-limited (429). Waiting 2s (attempt 1/5)
2026-05-21 06:09:40 [WARNING ] crawl_pipeline.comments | Rate-limited (429). Waiting 4s (attempt 2/5)
2026-05-21 06:09:41 [WARNING ] crawl_pipeline.comments | Rate-limited (429). Waiting 4s (attempt 2/5)
2026-05-21 06:09:41 [WARNING ] crawl_pipeline.comments | Rate-limited (429). Waiting 6s (attempt 3/5)
2026-05-21 06:09:42 [WARNING ] crawl_pipeline.comments | Rate-limited (429). Waiting 6s (attempt 3/5)
2026-05-21 06:09:44 [WARNING ] crawl_pipeline.comments | Rate-limited (429). Waiting 6s (attempt 3/5)
2026-05-21 06:09:45 [WARNING ] crawl_pipeline.comments | Rate-limited (429). Waiting 6s (attempt 3/5)
2026-05-21 06:09:47 [WARNING ] crawl_pipeline.comments | Rate-limited (429). Waiting 8s (attempt 4/5)
2026-05-21 06:09:48 [WARNING ] crawl_pipeline.comments | Rate-limited (429). Waiting 8s (attempt 4/5)
2026-05-21 06:09:50 [WARNING ] crawl_pipeline.comments | Rate-limited (429). Waiting 8s (attempt 4/5)
2026-05-21 06:09:51 [WARNING ] crawl_pipeline.comments | Rate-limited (429). Waiting 8s (attempt 4/5)
2026-05-21 06:09:55 [WARNING ] crawl_pipeline.comments | Rate-limited (429). Waiting 10s (attempt 5/5)
2026-05-21 06:09:57 [WARNING ] crawl_pipeline.comments | Rate-limited (429). Waiting 10s (attempt 5/5)
2026-05-21 06:09:58 [WARNING ] crawl_pipeline.comments | Rate-limited (429). Waiting 10s (attempt 5/5)
2026-05-21 06:10:00 [WARNING ] crawl_pipeline.comments | Rate-limited (429). Waiting 10s (attempt 5/5)
2026-05-21 06:10:05 [ERROR   ] crawl_pipeline.comments | Could not fetch comments for post 1ti51ke: Failed after 5 retries: https://www.reddit.com/r/IndoGamer/comments/1ti51ke.json
2026-05-21 06:10:05 [INFO    ] crawl_pipeline.worker-3 | [Worker 3] 1ti51ke done — 0 thread(s)
2026-05-21 06:10:07 [ERROR   ] crawl_pipeline.comments | Could not fetch comments for post 1tic8qr: Failed after 5 retries: https://www.reddit.com/r/WkwkwkLand/comments/1tic8qr.json
2026-05-21 06:10:07 [INFO    ] crawl_pipeline.worker-2 | [Worker 2] 1tic8qr done — 0 thread(s)
2026-05-21 06:10:07 [INFO    ] crawl_pipeline.worker-3 | [Worker 3] Processing 1ti9490 (indonesia) — "Purbaya Pangkas Anggaran MBG Rp67 Triliun..."
2026-05-21 06:10:08 [INFO    ] crawl_pipeline.worker-3 | [Worker 3] 1ti9490 done — 0 thread(s)
2026-05-21 06:10:08 [ERROR   ] crawl_pipeline.comments | Could not fetch comments for post 1tj0m38: Failed after 5 retries: https://www.reddit.com/r/WkwkwkLand/comments/1tj0m38.json
2026-05-21 06:10:08 [INFO    ] crawl_pipeline.worker-0 | [Worker 0] 1tj0m38 done — 0 thread(s)
2026-05-21 06:10:09 [INFO    ] crawl_pipeline.worker-2 | [Worker 2] Processing 1ti8b9h (finansial) — "Ferry Latuhihin: Prediksi Saya Dollar Menuju Rp22,000–2..."
2026-05-21 06:10:09 [INFO    ] crawl_pipeline.worker-2 | [Worker 2] 1ti8b9h done — 0 thread(s)
2026-05-21 06:10:10 [ERROR   ] crawl_pipeline.comments | Could not fetch comments for post 1tigzzr: Failed after 5 retries: https://www.reddit.com/r/jualbeliindonesia/comments/1tigzzr.json
2026-05-21 06:10:10 [INFO    ] crawl_pipeline.worker-1 | [Worker 1] 1tigzzr done — 0 thread(s)
2026-05-21 06:10:10 [INFO    ] crawl_pipeline.worker-3 | [Worker 3] Processing 1tijhqt (indowibu) — ""Omae, Tanuki ni Naranee ka?" (Would you like to be a T..."
2026-05-21 06:10:10 [INFO    ] crawl_pipeline.worker-0 | [Worker 0] Processing 1tiehjk (indonesia) — "Bank Sentral Naikkan BI Rate 50 Bps Jadi 5,25%..."
2026-05-21 06:10:10 [INFO    ] crawl_pipeline.worker-3 | [Worker 3] 1tijhqt done — 0 thread(s)
2026-05-21 06:10:11 [INFO    ] crawl_pipeline.worker-0 | [Worker 0] 1tiehjk done — 0 thread(s)
2026-05-21 06:10:11 [INFO    ] crawl_pipeline.worker-2 | [Worker 2] Processing 1tic8aj (Perempuan) — "Asking Indonesian queer couple..."
2026-05-21 06:10:12 [INFO    ] crawl_pipeline.worker-1 | [Worker 1] Processing 1iuoy23 (Pisang) — "Pisang..."
2026-05-21 06:10:12 [INFO    ] crawl_pipeline.worker-2 | [Worker 2] 1tic8aj done — 0 thread(s)
2026-05-21 06:10:12 [INFO    ] crawl_pipeline.worker-1 | [Worker 1] 1iuoy23 done — 0 thread(s)
2026-05-21 06:10:12 [INFO    ] crawl_pipeline.worker-3 | [Worker 3] Processing 1tiph1t (WkwkwkLand) — "we always have our "kecebur got" story..."
2026-05-21 06:10:13 [INFO    ] crawl_pipeline.worker-3 | [Worker 3] 1tiph1t done — 0 thread(s)
2026-05-21 06:10:13 [INFO    ] crawl_pipeline.worker-0 | [Worker 0] Processing 1ti58dq (WkwkwkLand) — "meroket..."
2026-05-21 06:10:14 [INFO    ] crawl_pipeline.worker-2 | [Worker 2] Processing 1ti7668 (WkwkwkLand) — "Orang yang gak berani ngomongin soal judol dan data lea..."
2026-05-21 06:10:14 [INFO    ] crawl_pipeline.worker-0 | [Worker 0] 1ti58dq done — 0 thread(s)
2026-05-21 06:10:14 [INFO    ] crawl_pipeline.worker-1 | [Worker 1] Processing 1tiby2f (WkwkwkLand) — "Prabowo: Banyak pemenang tender proyek yang di belakang..."
2026-05-21 06:10:14 [INFO    ] crawl_pipeline.worker-1 | [Worker 1] 1tiby2f done — 0 thread(s)
2026-05-21 06:10:14 [INFO    ] crawl_pipeline.worker-2 | [Worker 2] 1ti7668 done — 0 thread(s)
2026-05-21 06:10:15 [INFO    ] crawl_pipeline.worker-3 | [Worker 3] Processing 1ticwuf (indonesia) — "Prabowo Terima Tawaran AS, Bandara Kertajati Akan Jadi ..."
2026-05-21 06:10:16 [INFO    ] crawl_pipeline.worker-3 | [Worker 3] 1ticwuf done — 0 thread(s)
2026-05-21 06:10:16 [INFO    ] crawl_pipeline.worker-0 | [Worker 0] Processing 1tint8e (IndoGamer) — "Haha, buat yang berpengalaman main Dokapon Kingdom, gim..."
2026-05-21 06:10:16 [INFO    ] crawl_pipeline.worker-0 | [Worker 0] 1tint8e done — 0 thread(s)
2026-05-21 06:10:16 [INFO    ] crawl_pipeline.worker-1 | [Worker 1] Processing 1thbb2h (indocartalk) — "WDYT mobil listrik as "genset rumah" is not widely know..."
2026-05-21 06:10:16 [INFO    ] crawl_pipeline.worker-2 | [Worker 2] Processing 1tinbvm (indonesia) — "Ikuti Arahan Prabowo, TNI Gembleng 400 Karyawan BUMN al..."
2026-05-21 06:10:17 [INFO    ] crawl_pipeline.worker-1 | [Worker 1] 1thbb2h done — 7 thread(s)
2026-05-21 06:10:17 [INFO    ] crawl_pipeline.worker-2 | [Worker 2] 1tinbvm done — 0 thread(s)
2026-05-21 06:10:18 [INFO    ] crawl_pipeline.worker-3 | [Worker 3] Processing 1tifgob (finansial) — "USD tops out this year at?..."
2026-05-21 06:10:18 [INFO    ] crawl_pipeline.worker-3 | [Worker 3] 1tifgob done — 4 thread(s)
2026-05-21 06:10:18 [INFO    ] crawl_pipeline.worker-0 | [Worker 0] Processing 1tid0og (indowibu) — "Apakah mengabaikan manga/anime kanokari adalah keputusa..."
2026-05-21 06:10:18 [INFO    ] crawl_pipeline.worker-0 | [Worker 0] 1tid0og done — 10 thread(s)
2026-05-21 06:10:19 [INFO    ] crawl_pipeline.worker-1 | [Worker 1] Processing 1tifq6t (indonesia) — "Prabowo: Kita Butuh Investasi dari Luar, tapi Tak Boleh..."
2026-05-21 06:10:19 [INFO    ] crawl_pipeline.worker-2 | [Worker 2] Processing 1ti9d9e (jualbeliindonesia) — "WTS Kemeja, celana, tas, etc...."
2026-05-21 06:10:19 [INFO    ] crawl_pipeline.worker-2 | [Worker 2] 1ti9d9e done — 0 thread(s)
2026-05-21 06:10:19 [INFO    ] crawl_pipeline.worker-1 | [Worker 1] 1tifq6t done — 0 thread(s)
2026-05-21 06:10:20 [INFO    ] crawl_pipeline.worker-3 | [Worker 3] Processing 1tijl8l (indowibu) — "Tying some loose end I guess..."
2026-05-21 06:10:20 [INFO    ] crawl_pipeline.worker-3 | [Worker 3] 1tijl8l done — 0 thread(s)
2026-05-21 06:10:20 [INFO    ] crawl_pipeline.worker-0 | [Worker 0] Processing 1tid27l (indonesia) — "Prabowo Bentuk BUMN Khusus Ekspor Batubara &amp; Sawit ..."
2026-05-21 06:10:21 [INFO    ] crawl_pipeline.worker-2 | [Worker 2] Processing 1thvv13 (indotech) — "Ah hell nah kena lightsaber juga dong 😭 (Samsung A71)..."
2026-05-21 06:10:21 [INFO    ] crawl_pipeline.worker-0 | [Worker 0] 1tid27l done — 0 thread(s)
2026-05-21 06:10:21 [INFO    ] crawl_pipeline.worker-2 | [Worker 2] 1thvv13 done — 0 thread(s)
2026-05-21 06:10:21 [INFO    ] crawl_pipeline.worker-1 | [Worker 1] Processing 1tisptt (indonesia) — "Tim Pemburu Begal Tangkap 8 Tersangka..."
2026-05-21 06:10:22 [INFO    ] crawl_pipeline.worker-1 | [Worker 1] 1tisptt done — 0 thread(s)
2026-05-21 06:10:22 [INFO    ] crawl_pipeline.worker-3 | [Worker 3] Processing 1tierdb (WkwkwkLand) — "Bocor lagi?..."
2026-05-21 06:10:23 [INFO    ] crawl_pipeline.worker-3 | [Worker 3] 1tierdb done — 0 thread(s)
2026-05-21 06:10:23 [INFO    ] crawl_pipeline.worker-0 | [Worker 0] Processing 1tie41f (WkwkwkLand) — "Oalah gitu toh alasannya..."
2026-05-21 06:10:23 [INFO    ] crawl_pipeline.worker-0 | [Worker 0] 1tie41f done — 0 thread(s)
2026-05-21 06:10:23 [INFO    ] crawl_pipeline.worker-2 | [Worker 2] Processing 1tie4o2 (jualbeliindonesia) — "WTS CPU Cooler Deepcool AK400 Digital..."
2026-05-21 06:10:24 [INFO    ] crawl_pipeline.worker-2 | [Worker 2] 1tie4o2 done — 0 thread(s)
2026-05-21 06:10:24 [INFO    ] crawl_pipeline.worker-1 | [Worker 1] Processing 1tieg4r (indotech) — "Kartu SIM tanpa masa aktif..."
2026-05-21 06:10:24 [INFO    ] crawl_pipeline.worker-1 | [Worker 1] 1tieg4r done — 3 thread(s)
2026-05-21 06:10:25 [INFO    ] crawl_pipeline.worker-3 | [Worker 3] Processing 1tijqnf (finansial) — "Big 4 potential?..."
2026-05-21 06:10:25 [INFO    ] crawl_pipeline.worker-3 | [Worker 3] 1tijqnf done — 3 thread(s)
2026-05-21 06:10:25 [INFO    ] crawl_pipeline.worker-0 | [Worker 0] Processing 1tib5lu (AdaIndonesiaCoy) — "Kucing siapa woy…..."
2026-05-21 06:10:26 [INFO    ] crawl_pipeline.worker-0 | [Worker 0] 1tib5lu done — 0 thread(s)
2026-05-21 06:10:26 [INFO    ] crawl_pipeline.worker-2 | [Worker 2] Processing 1ti3oi8 (Cekrek) — "Day &amp; Nite at Stadium..."
2026-05-21 06:10:26 [INFO    ] crawl_pipeline.worker-2 | [Worker 2] 1ti3oi8 done — 0 thread(s)
2026-05-21 06:10:26 [INFO    ] crawl_pipeline.worker-1 | [Worker 1] Processing 1tiq31g (WkwkwkLand) — "Yang gue kasian adalah, generasi muda pas gue udah tua...."
2026-05-21 06:10:27 [INFO    ] crawl_pipeline.worker-1 | [Worker 1] 1tiq31g done — 0 thread(s)
2026-05-21 06:10:27 [INFO    ] crawl_pipeline.worker-3 | [Worker 3] Processing 1ti8n9v (kulineria) — "Soto Dalbe, Pangeran kuah medok. 📍Jogja..."
2026-05-21 06:10:28 [INFO    ] crawl_pipeline.worker-0 | [Worker 0] Processing 1tieezc (indowibu) — "Kalian punya ketertarikan buat cerita/jadi author fanfi..."
2026-05-21 06:10:28 [INFO    ] crawl_pipeline.worker-3 | [Worker 3] 1ti8n9v done — 0 thread(s)
2026-05-21 06:10:28 [INFO    ] crawl_pipeline.worker-0 | [Worker 0] 1tieezc done — 4 thread(s)
2026-05-21 06:10:28 [INFO    ] crawl_pipeline.worker-2 | [Worker 2] Processing 1tg58hq (IndonesiaPics) — "Pink Perfection in the Garden 💖..."
2026-05-21 06:10:29 [INFO    ] crawl_pipeline.worker-1 | [Worker 1] Processing 1tia4un (BaliTravelTips) — "Suggestions for candle light dinner at uluwatu or kuta..."
2026-05-21 06:10:29 [INFO    ] crawl_pipeline.worker-1 | [Worker 1] 1tia4un done — 1 thread(s)
2026-05-21 06:10:29 [INFO    ] crawl_pipeline.worker-2 | [Worker 2] 1tg58hq done — 0 thread(s)
2026-05-21 06:10:30 [INFO    ] crawl_pipeline.worker-3 | [Worker 3] Processing 1tie6u0 (WkwkwkLand) — "tuh liat yg lain merah kita ijo sendiri 🥰..."
2026-05-21 06:10:30 [INFO    ] crawl_pipeline.worker-0 | [Worker 0] Processing 1ti5nvy (indotech) — "[Ask] Bagaimana pengalam kerja dengan India?..."
2026-05-21 06:10:30 [INFO    ] crawl_pipeline.worker-3 | [Worker 3] 1tie6u0 done — 0 thread(s)
2026-05-21 06:10:30 [INFO    ] crawl_pipeline.worker-0 | [Worker 0] 1ti5nvy done — 8 thread(s)
2026-05-21 06:10:31 [INFO    ] crawl_pipeline.worker-1 | [Worker 1] Processing 1tj8iah (indonesia) — "Buat SIM legally or calo?..."
2026-05-21 06:10:31 [INFO    ] crawl_pipeline.worker-1 | [Worker 1] 1tj8iah done — 4 thread(s)
2026-05-21 06:10:31 [INFO    ] crawl_pipeline.worker-2 | [Worker 2] Processing 1tiny21 (jualbeliindonesia) — "WTB PC Mid Range..."
2026-05-21 06:10:32 [INFO    ] crawl_pipeline.worker-2 | [Worker 2] 1tiny21 done — 0 thread(s)
2026-05-21 06:10:32 [INFO    ] crawl_pipeline.worker-3 | [Worker 3] Processing 1tja8wz (WkwkwkLand) — "Perkara nama mirip artis bokep viral, jadi diblock sene..."
2026-05-21 06:10:32 [INFO    ] crawl_pipeline.worker-0 | [Worker 0] Processing 1thepsr (Cekrek) — "Mendung..."
2026-05-21 06:10:33 [INFO    ] crawl_pipeline.worker-3 | [Worker 3] 1tja8wz done — 0 thread(s)
2026-05-21 06:10:33 [INFO    ] crawl_pipeline.worker-0 | [Worker 0] 1thepsr done — 0 thread(s)
2026-05-21 06:10:33 [INFO    ] crawl_pipeline.worker-1 | [Worker 1] Processing 1tinrr4 (jualbeliindonesia) — "WTB 3090, tidak pakai mining..."
2026-05-21 06:10:33 [INFO    ] crawl_pipeline.worker-1 | [Worker 1] 1tinrr4 done — 0 thread(s)
2026-05-21 06:10:34 [INFO    ] crawl_pipeline.worker-2 | [Worker 2] Processing 1thgz72 (bali) — "Chemical on Bali airport gate chair destroyed my clothe..."
2026-05-21 06:10:34 [INFO    ] crawl_pipeline.worker-2 | [Worker 2] 1thgz72 done — 0 thread(s)
2026-05-21 06:10:35 [INFO    ] crawl_pipeline.worker-3 | [Worker 3] Processing 1tibdoz (AdaIndonesiaCoy) — "Having a weak currency as a komodo be like..."
2026-05-21 06:10:35 [INFO    ] crawl_pipeline.worker-0 | [Worker 0] Processing 1tink0y (jualbeliindonesia) — "WTS Google Nest Mini..."
2026-05-21 06:10:35 [INFO    ] crawl_pipeline.worker-3 | [Worker 3] 1tibdoz done — 0 thread(s)
2026-05-21 06:10:35 [INFO    ] crawl_pipeline.worker-0 | [Worker 0] 1tink0y done — 0 thread(s)
2026-05-21 06:10:35 [INFO    ] crawl_pipeline.worker-1 | [Worker 1] Processing 1tiilja (WkwkwkLand) — "Ngeri sangat..."
2026-05-21 06:10:36 [INFO    ] crawl_pipeline.worker-1 | [Worker 1] 1tiilja done — 0 thread(s)
2026-05-21 06:10:36 [INFO    ] crawl_pipeline.worker-2 | [Worker 2] Processing 1ti5m00 (indonesiabebas) — "Kasian sapi saya pak..."
2026-05-21 06:10:36 [INFO    ] crawl_pipeline.worker-2 | [Worker 2] 1ti5m00 done — 0 thread(s)
2026-05-21 06:10:37 [INFO    ] crawl_pipeline.worker-3 | [Worker 3] Processing 1tixlvv (indonesiabebas) — "What I would suggest to make our economic slightly bett..."
2026-05-21 06:10:37 [INFO    ] crawl_pipeline.worker-0 | [Worker 0] Processing 1ti5hrt (AdaIndonesiaCoy) — "Chickens crossing the road..."
2026-05-21 06:10:37 [INFO    ] crawl_pipeline.worker-3 | [Worker 3] 1tixlvv done — 0 thread(s)
2026-05-21 06:10:37 [INFO    ] crawl_pipeline.worker-0 | [Worker 0] 1ti5hrt done — 0 thread(s)
2026-05-21 06:10:38 [INFO    ] crawl_pipeline.worker-1 | [Worker 1] Processing 1tiah1q (WkwkwkLand) — "Ingat pacaran itu propaganda mossad..."
2026-05-21 06:10:38 [INFO    ] crawl_pipeline.worker-1 | [Worker 1] 1tiah1q done — 0 thread(s)
2026-05-21 06:10:38 [INFO    ] crawl_pipeline.worker-2 | [Worker 2] Processing 1ti7q2d (WkwkwkLand) — "Ga juga..."
2026-05-21 06:10:39 [INFO    ] crawl_pipeline.worker-2 | [Worker 2] 1ti7q2d done — 0 thread(s)
2026-05-21 06:10:39 [INFO    ] crawl_pipeline.worker-3 | [Worker 3] Processing 1ti8dl4 (BaliTravelTips) — "Book flight to Bali with points (HELP) I’m looking to t..."
2026-05-21 06:10:39 [INFO    ] crawl_pipeline.worker-0 | [Worker 0] Processing 1tihpq1 (AdaIndonesiaCoy) — "Kids Magazine..."
2026-05-21 06:10:40 [INFO    ] crawl_pipeline.worker-3 | [Worker 3] 1ti8dl4 done — 0 thread(s)
2026-05-21 06:10:40 [INFO    ] crawl_pipeline.worker-0 | [Worker 0] 1tihpq1 done — 0 thread(s)
2026-05-21 06:10:40 [INFO    ] crawl_pipeline.worker-1 | [Worker 1] Processing 1tid0ir (indotech) — "Pc stuck di POST no display no BIOS..."
2026-05-21 06:10:41 [INFO    ] crawl_pipeline.worker-1 | [Worker 1] 1tid0ir done — 0 thread(s)
2026-05-21 06:10:41 [INFO    ] crawl_pipeline.worker-2 | [Worker 2] Processing 1tikmbx (indonesia) — "Tanggapan Fadli Zon mengenai artikel dari The Economics..."
2026-05-21 06:10:42 [INFO    ] crawl_pipeline.worker-3 | [Worker 3] Processing 1tijdop (indonesia) — "Masuk BJB, Susi Pudjiastuti Langsung Bidik Pasar Pinjol..."
2026-05-21 06:10:42 [INFO    ] crawl_pipeline.worker-2 | [Worker 2] 1tikmbx done — 0 thread(s)
2026-05-21 06:10:42 [INFO    ] crawl_pipeline.worker-0 | [Worker 0] Processing 1tib7pj (jualbeliindonesia) — "WTS Specialized Sirrus Elite..."
2026-05-21 06:10:42 [INFO    ] crawl_pipeline.worker-3 | [Worker 3] 1tijdop done — 0 thread(s)
2026-05-21 06:10:42 [INFO    ] crawl_pipeline.worker-0 | [Worker 0] 1tib7pj done — 0 thread(s)
2026-05-21 06:10:43 [INFO    ] crawl_pipeline.worker-1 | [Worker 1] Processing 1thqkds (indotech) — "temenku keracunan vibe coding gara gara kebanyakan buka..."
2026-05-21 06:10:43 [INFO    ] crawl_pipeline.worker-1 | [Worker 1] 1thqkds done — 12 thread(s)
2026-05-21 06:10:44 [INFO    ] crawl_pipeline.worker-2 | [Worker 2] Processing 1tilphd (indonesiabebas) — "Is This Organization Legit?..."
2026-05-21 06:10:44 [INFO    ] crawl_pipeline.worker-2 | [Worker 2] 1tilphd done — 0 thread(s)
2026-05-21 06:10:44 [INFO    ] crawl_pipeline.worker-3 | [Worker 3] Processing 1tileg8 (WkwkwkLand) — "rupiah juga ikutan bangkit..."
2026-05-21 06:10:44 [INFO    ] crawl_pipeline.worker-0 | [Worker 0] Processing 1tigjo0 (WkwkwkLand) — "Panti Jompo Terbuka Buat Orang Ngelantur Kyk Lu Pak..."
2026-05-21 06:10:44 [INFO    ] crawl_pipeline.worker-3 | [Worker 3] 1tileg8 done — 0 thread(s)
2026-05-21 06:10:44 [INFO    ] crawl_pipeline.worker-0 | [Worker 0] 1tigjo0 done — 0 thread(s)
2026-05-21 06:10:45 [INFO    ] crawl_pipeline.worker-1 | [Worker 1] Processing 1ti8040 (indonesiabebas) — "Goto apa kabar?..."
2026-05-21 06:10:46 [INFO    ] crawl_pipeline.worker-1 | [Worker 1] 1ti8040 done — 0 thread(s)
2026-05-21 06:10:46 [INFO    ] crawl_pipeline.worker-2 | [Worker 2] Processing 1ti85zc (indonesia) — "Purbaya Minta Publik Setop Salahkan MBG, Ungkap Upaya P..."
2026-05-21 06:10:46 [INFO    ] crawl_pipeline.worker-3 | [Worker 3] Processing 1ti6jwx (indonesia) — "Amnesty: Kritik Pemerintah Dibungkam Lewat Kampanye Dis..."
2026-05-21 06:10:46 [INFO    ] crawl_pipeline.worker-0 | [Worker 0] Processing 1tj7wno (WkwkwkLand) — "Prabowo pernah jadi cover boy majalah Matra edisi 213 A..."
2026-05-21 06:10:46 [INFO    ] crawl_pipeline.worker-3 | [Worker 3] 1ti6jwx done — 0 thread(s)
2026-05-21 06:10:47 [INFO    ] crawl_pipeline.worker-2 | [Worker 2] 1ti85zc done — 0 thread(s)
2026-05-21 06:10:47 [INFO    ] crawl_pipeline.worker-0 | [Worker 0] 1tj7wno done — 0 thread(s)
2026-05-21 06:10:48 [INFO    ] crawl_pipeline.worker-1 | [Worker 1] Processing 1tilsnv (WkwkwkLand) — "cemas kau deek..."
2026-05-21 06:10:48 [INFO    ] crawl_pipeline.worker-1 | [Worker 1] 1tilsnv done — 0 thread(s)
2026-05-21 06:10:48 [INFO    ] crawl_pipeline.worker-3 | [Worker 3] Processing 1tih0px (indonesia) — "Pemerintah Impor 100 Ribu Tabung CNG 3 Kg dari China..."
2026-05-21 06:10:49 [INFO    ] crawl_pipeline.worker-2 | [Worker 2] Processing 1tjab3r (indonesia) — "Bagaimana Indonesia?..."
2026-05-21 06:10:49 [INFO    ] crawl_pipeline.worker-0 | [Worker 0] Processing 1ti8sv5 (WkwkwkLand) — "Lol .. lmao even..."
2026-05-21 06:10:49 [INFO    ] crawl_pipeline.worker-3 | [Worker 3] 1tih0px done — 0 thread(s)
2026-05-21 06:10:49 [INFO    ] crawl_pipeline.worker-2 | [Worker 2] 1tjab3r done — 6 thread(s)
2026-05-21 06:10:49 [INFO    ] crawl_pipeline.worker-0 | [Worker 0] 1ti8sv5 done — 0 thread(s)
2026-05-21 06:10:50 [INFO    ] crawl_pipeline.worker-1 | [Worker 1] Processing 1ti7lrk (indotech) — "Whatsapp username reservation - Apakah penghuni sini ud..."
2026-05-21 06:10:51 [INFO    ] crawl_pipeline.worker-1 | [Worker 1] 1ti7lrk done — 0 thread(s)
2026-05-21 06:10:51 [INFO    ] crawl_pipeline.worker-3 | [Worker 3] Processing 1tilf83 (indotech) — "Sekedar pemikiran random, rasanya lebih bagus kalo prov..."
2026-05-21 06:10:51 [INFO    ] crawl_pipeline.worker-2 | [Worker 2] Processing 1ti9v72 (jualbeliindonesia) — "WTB Motor Second daerah palembang..."
2026-05-21 06:10:51 [INFO    ] crawl_pipeline.worker-0 | [Worker 0] Processing 1ti3012 (finansial) — "Apa dampak pelemahan rupiah terhadap kehidupan sehari-h..."
2026-05-21 06:10:51 [INFO    ] crawl_pipeline.worker-2 | [Worker 2] 1ti9v72 done — 1 thread(s)
2026-05-21 06:10:51 [INFO    ] crawl_pipeline.worker-3 | [Worker 3] 1tilf83 done — 3 thread(s)
2026-05-21 06:10:52 [INFO    ] crawl_pipeline.worker-0 | [Worker 0] 1ti3012 done — 10 thread(s)
2026-05-21 06:10:53 [INFO    ] crawl_pipeline.worker-1 | [Worker 1] Processing 1tho50j (indonesiabebas) — "Militer lebih baik fokus dengan satu hal saja: pertahan..."
2026-05-21 06:10:53 [INFO    ] crawl_pipeline.worker-2 | [Worker 2] Processing 1ti9u6y (indowibu) — "Kuda Harian #654 (@Marghe_Bita)..."
2026-05-21 06:10:53 [INFO    ] crawl_pipeline.worker-3 | [Worker 3] Processing 1tiim8o (indonesia) — "TVRI Gandeng Fola Play, Perkuat Layanan Digital Siaran ..."
2026-05-21 06:10:53 [INFO    ] crawl_pipeline.worker-1 | [Worker 1] 1tho50j done — 0 thread(s)
2026-05-21 06:10:54 [INFO    ] crawl_pipeline.worker-3 | [Worker 3] 1tiim8o done — 0 thread(s)
2026-05-21 06:10:54 [INFO    ] crawl_pipeline.worker-2 | [Worker 2] 1ti9u6y done — 0 thread(s)
2026-05-21 06:10:54 [INFO    ] crawl_pipeline.worker-0 | [Worker 0] Processing 1ti3c1n (indonesiabebas) — "Permisi warga r/indonesiabebas, gw izin ngumumin dibuat..."
2026-05-21 06:10:54 [INFO    ] crawl_pipeline.worker-0 | [Worker 0] 1ti3c1n done — 4 thread(s)
2026-05-21 06:10:55 [INFO    ] crawl_pipeline.worker-1 | [Worker 1] Processing 1tigcgs (WkwkwkLand) — "🙃🙂..."
2026-05-21 06:10:56 [INFO    ] crawl_pipeline.worker-3 | [Worker 3] Processing 1thqgu6 (finansial) — "$146 Miliar, Tujuh Langkah: Di Balik Angka yang Cukup..."
2026-05-21 06:10:56 [INFO    ] crawl_pipeline.worker-1 | [Worker 1] 1tigcgs done — 0 thread(s)
2026-05-21 06:10:56 [INFO    ] crawl_pipeline.worker-2 | [Worker 2] Processing 1ti1bfc (indonesiabebas) — "Wok stok beras menipis..."
2026-05-21 06:10:56 [INFO    ] crawl_pipeline.worker-2 | [Worker 2] 1ti1bfc done — 0 thread(s)
2026-05-21 06:10:56 [INFO    ] crawl_pipeline.worker-3 | [Worker 3] 1thqgu6 done — 0 thread(s)
2026-05-21 06:10:56 [INFO    ] crawl_pipeline.worker-0 | [Worker 0] Processing 1tif12d (AdaIndonesiaCoy) — "Damn that's terrifying..."
2026-05-21 06:10:57 [INFO    ] crawl_pipeline.worker-0 | [Worker 0] 1tif12d done — 0 thread(s)
2026-05-21 06:10:58 [INFO    ] crawl_pipeline.worker-1 | [Worker 1] Processing 1tia1hv (indotech) — "Wait wut? nanti bakal ada laptop intel lunar lake di le..."
2026-05-21 06:10:58 [INFO    ] crawl_pipeline.worker-2 | [Worker 2] Processing 1thzio6 (BaliTravelTips) — "Getyourguide or Klook or private driver for day trips..."
2026-05-21 06:10:58 [INFO    ] crawl_pipeline.worker-1 | [Worker 1] 1tia1hv done — 0 thread(s)
2026-05-21 06:10:58 [INFO    ] crawl_pipeline.worker-3 | [Worker 3] Processing 1tiqhcj (indotech) — "AMD Ryzen 7 5800X3D 10th anniversary edition appears in..."
2026-05-21 06:10:58 [INFO    ] crawl_pipeline.worker-2 | [Worker 2] 1thzio6 done — 3 thread(s)
2026-05-21 06:10:58 [INFO    ] crawl_pipeline.worker-3 | [Worker 3] 1tiqhcj done — 0 thread(s)
2026-05-21 06:10:59 [INFO    ] crawl_pipeline.worker-0 | [Worker 0] Processing 1tiizi1 (indonesiabebas) — "Withdraw Paypal ke Gopay..."
2026-05-21 06:10:59 [INFO    ] crawl_pipeline.worker-0 | [Worker 0] 1tiizi1 done — 0 thread(s)
2026-05-21 06:11:00 [INFO    ] crawl_pipeline.worker-1 | [Worker 1] Processing 1tj3xo0 (indonesia) — "21 May 2026 - Daily Chat Thread..."
2026-05-21 06:11:00 [INFO    ] crawl_pipeline.worker-2 | [Worker 2] Processing 1tiezg0 (WkwkwkLand) — "DASAR ASENG..."
2026-05-21 06:11:00 [INFO    ] crawl_pipeline.worker-3 | [Worker 3] Processing 1tiip1x (WkwkwkLand) — "Pusing dengan semua ini......."
2026-05-21 06:11:01 [INFO    ] crawl_pipeline.worker-2 | [Worker 2] 1tiezg0 done — 0 thread(s)
2026-05-21 06:11:01 [INFO    ] crawl_pipeline.worker-3 | [Worker 3] 1tiip1x done — 0 thread(s)
2026-05-21 06:11:01 [INFO    ] crawl_pipeline.worker-0 | [Worker 0] Processing 1timyvm (indonesia) — "Blak-Blakan! Ekonom Ferry Latuhihin &amp; Politisi Geri..."
2026-05-21 06:11:01 [INFO    ] crawl_pipeline.worker-1 | [Worker 1] 1tj3xo0 done — 23 thread(s)
2026-05-21 06:11:01 [INFO    ] crawl_pipeline.worker-0 | [Worker 0] 1timyvm done — 0 thread(s)
2026-05-21 06:11:03 [INFO    ] crawl_pipeline.worker-2 | [Worker 2] Processing 1tifmkq (indonesia) — "Apakah banyaknya perokok di Indonesia disebabkan oleh t..."
2026-05-21 06:11:03 [INFO    ] crawl_pipeline.worker-3 | [Worker 3] Processing 1tiewyo (indotech) — "Apakah router sim card 5g itu sama aja?..."
2026-05-21 06:11:03 [INFO    ] crawl_pipeline.worker-2 | [Worker 2] 1tifmkq done — 0 thread(s)
2026-05-21 06:11:03 [INFO    ] crawl_pipeline.worker-1 | [Worker 1] Processing 1ti1cbs (indowibu) — "Come watch fate..."
2026-05-21 06:11:03 [INFO    ] crawl_pipeline.worker-3 | [Worker 3] 1tiewyo done — 2 thread(s)
2026-05-21 06:11:03 [INFO    ] crawl_pipeline.worker-0 | [Worker 0] Processing 1tig5si (indonesiabebas) — "apakah ada peraturan hukum yang melarang praktek sim c ..."
2026-05-21 06:11:03 [INFO    ] crawl_pipeline.worker-1 | [Worker 1] 1ti1cbs done — 0 thread(s)
2026-05-21 06:11:03 [INFO    ] crawl_pipeline.worker-0 | [Worker 0] 1tig5si done — 0 thread(s)
2026-05-21 06:11:05 [INFO    ] crawl_pipeline.worker-2 | [Worker 2] Processing 1tis7hg (IndoGamer) — "“My son will understand”..."
2026-05-21 06:11:05 [INFO    ] crawl_pipeline.worker-3 | [Worker 3] Processing 1ti57it (indotech) — "Login Whatsapp web redirect to Facebook..."
2026-05-21 06:11:05 [INFO    ] crawl_pipeline.worker-2 | [Worker 2] 1tis7hg done — 0 thread(s)
2026-05-21 06:11:05 [INFO    ] crawl_pipeline.worker-1 | [Worker 1] Processing 1thao89 (indotech) — "jiwa gratisannya kuat banget..."
2026-05-21 06:11:05 [INFO    ] crawl_pipeline.worker-3 | [Worker 3] 1ti57it done — 0 thread(s)
2026-05-21 06:11:05 [INFO    ] crawl_pipeline.worker-0 | [Worker 0] Processing 1thief0 (IndoGamer) — "Jalan malam-malam di NTE..."
2026-05-21 06:11:06 [INFO    ] crawl_pipeline.worker-0 | [Worker 0] 1thief0 done — 0 thread(s)
2026-05-21 06:11:06 [INFO    ] crawl_pipeline.worker-1 | [Worker 1] 1thao89 done — 0 thread(s)
2026-05-21 06:11:07 [INFO    ] crawl_pipeline.worker-2 | [Worker 2] Processing 1ti14wa (indonesia) — "Lihat dia masih tersenyum..."
2026-05-21 06:11:07 [INFO    ] crawl_pipeline.worker-3 | [Worker 3] Processing 1tigyrs (jualbeliindonesia) — "WTS Original Goodsfun Wuthering Waves Cube Blindbox - C..."
2026-05-21 06:11:08 [INFO    ] crawl_pipeline.worker-2 | [Worker 2] 1ti14wa done — 0 thread(s)
2026-05-21 06:11:08 [INFO    ] crawl_pipeline.worker-3 | [Worker 3] 1tigyrs done — 0 thread(s)
2026-05-21 06:11:08 [INFO    ] crawl_pipeline.worker-0 | [Worker 0] Processing 1tgk0v3 (indocartalk) — "Tag lane hogger itu..."
2026-05-21 06:11:08 [INFO    ] crawl_pipeline.worker-1 | [Worker 1] Processing 1thij13 (Cekrek) — "Air Terjun Cilik..."
2026-05-21 06:11:08 [INFO    ] crawl_pipeline.worker-1 | [Worker 1] 1thij13 done — 0 thread(s)
2026-05-21 06:11:09 [INFO    ] crawl_pipeline.worker-0 | [Worker 0] 1tgk0v3 done — 0 thread(s)
2026-05-21 06:11:10 [INFO    ] crawl_pipeline.worker-2 | [Worker 2] Processing 1thuhuq (AdaIndonesiaCoy) — "This guy assaulting the woman did not account for flyin..."
2026-05-21 06:11:10 [INFO    ] crawl_pipeline.worker-3 | [Worker 3] Processing 1thj49g (WkwkwkLand) — "Dont breed if u cant feed..."
2026-05-21 06:11:10 [WARNING ] crawl_pipeline.comments | Rate-limited (429). Waiting 2s (attempt 1/5)
2026-05-21 06:11:10 [WARNING ] crawl_pipeline.comments | Rate-limited (429). Waiting 2s (attempt 1/5)
2026-05-21 06:11:10 [INFO    ] crawl_pipeline.worker-1 | [Worker 1] Processing 1thszp0 (IndoGamer) — "Komodos lebih pilih eastern atau western game untuk kon..."
2026-05-21 06:11:11 [INFO    ] crawl_pipeline.worker-0 | [Worker 0] Processing 1ths6mx (Cekrek) — "Dairyland Theme Park Prigen..."
2026-05-21 06:11:11 [WARNING ] crawl_pipeline.comments | Rate-limited (429). Waiting 2s (attempt 1/5)
2026-05-21 06:11:11 [WARNING ] crawl_pipeline.comments | Rate-limited (429). Waiting 2s (attempt 1/5)
2026-05-21 06:11:12 [WARNING ] crawl_pipeline.comments | Rate-limited (429). Waiting 4s (attempt 2/5)
2026-05-21 06:11:12 [WARNING ] crawl_pipeline.comments | Rate-limited (429). Waiting 4s (attempt 2/5)
2026-05-21 06:11:13 [WARNING ] crawl_pipeline.comments | Rate-limited (429). Waiting 4s (attempt 2/5)
2026-05-21 06:11:13 [WARNING ] crawl_pipeline.comments | Rate-limited (429). Waiting 4s (attempt 2/5)
2026-05-21 06:11:16 [WARNING ] crawl_pipeline.comments | Rate-limited (429). Waiting 6s (attempt 3/5)
2026-05-21 06:11:17 [WARNING ] crawl_pipeline.comments | Rate-limited (429). Waiting 6s (attempt 3/5)
2026-05-21 06:11:17 [WARNING ] crawl_pipeline.comments | Rate-limited (429). Waiting 6s (attempt 3/5)
2026-05-21 06:11:17 [WARNING ] crawl_pipeline.comments | Rate-limited (429). Waiting 6s (attempt 3/5)
2026-05-21 06:11:23 [WARNING ] crawl_pipeline.comments | Rate-limited (429). Waiting 8s (attempt 4/5)
2026-05-21 06:11:23 [WARNING ] crawl_pipeline.comments | Rate-limited (429). Waiting 8s (attempt 4/5)
2026-05-21 06:11:23 [WARNING ] crawl_pipeline.comments | Rate-limited (429). Waiting 8s (attempt 4/5)
2026-05-21 06:11:23 [WARNING ] crawl_pipeline.comments | Rate-limited (429). Waiting 8s (attempt 4/5)
2026-05-21 06:11:31 [WARNING ] crawl_pipeline.comments | Rate-limited (429). Waiting 10s (attempt 5/5)
2026-05-21 06:11:31 [WARNING ] crawl_pipeline.comments | Rate-limited (429). Waiting 10s (attempt 5/5)
2026-05-21 06:11:32 [WARNING ] crawl_pipeline.comments | Rate-limited (429). Waiting 10s (attempt 5/5)
2026-05-21 06:11:32 [WARNING ] crawl_pipeline.comments | Rate-limited (429). Waiting 10s (attempt 5/5)
2026-05-21 06:11:41 [ERROR   ] crawl_pipeline.comments | Could not fetch comments for post 1thj49g: Failed after 5 retries: https://www.reddit.com/r/WkwkwkLand/comments/1thj49g.json
2026-05-21 06:11:41 [INFO    ] crawl_pipeline.worker-3 | [Worker 3] 1thj49g done — 0 thread(s)
2026-05-21 06:11:41 [ERROR   ] crawl_pipeline.comments | Could not fetch comments for post 1thuhuq: Failed after 5 retries: https://www.reddit.com/r/AdaIndonesiaCoy/comments/1thuhuq.json
2026-05-21 06:11:41 [INFO    ] crawl_pipeline.worker-2 | [Worker 2] 1thuhuq done — 0 thread(s)
2026-05-21 06:11:42 [ERROR   ] crawl_pipeline.comments | Could not fetch comments for post 1ths6mx: Failed after 5 retries: https://www.reddit.com/r/Cekrek/comments/1ths6mx.json
2026-05-21 06:11:42 [INFO    ] crawl_pipeline.worker-0 | [Worker 0] 1ths6mx done — 0 thread(s)
2026-05-21 06:11:42 [ERROR   ] crawl_pipeline.comments | Could not fetch comments for post 1thszp0: Failed after 5 retries: https://www.reddit.com/r/IndoGamer/comments/1thszp0.json
2026-05-21 06:11:42 [INFO    ] crawl_pipeline.worker-1 | [Worker 1] 1thszp0 done — 0 thread(s)
2026-05-21 06:11:43 [INFO    ] crawl_pipeline.worker-3 | [Worker 3] Processing 1ti3dmg (indotech) — "A New Cheapo Intel Laptop Outperforms the MacBook Neo. ..."
2026-05-21 06:11:43 [WARNING ] crawl_pipeline.comments | Rate-limited (429). Waiting 2s (attempt 1/5)
2026-05-21 06:11:43 [INFO    ] crawl_pipeline.worker-2 | [Worker 2] Processing 1tj5rcg (indonesia) — "Hello there Indonesian going to ask..."
2026-05-21 06:11:43 [WARNING ] crawl_pipeline.comments | Rate-limited (429). Waiting 2s (attempt 1/5)
2026-05-21 06:11:44 [INFO    ] crawl_pipeline.worker-0 | [Worker 0] Processing 1ti1gyu (BaliTravelTips) — "Itinerary Review + Suggestions..."
2026-05-21 06:11:44 [WARNING ] crawl_pipeline.comments | Rate-limited (429). Waiting 2s (attempt 1/5)
2026-05-21 06:11:44 [INFO    ] crawl_pipeline.worker-1 | [Worker 1] Processing 1tgomfe (indocartalk) — "Yang model begini disebutnya apa ya? Nutupin jalur moto..."
2026-05-21 06:11:44 [WARNING ] crawl_pipeline.comments | Rate-limited (429). Waiting 2s (attempt 1/5)
2026-05-21 06:11:45 [WARNING ] crawl_pipeline.comments | Rate-limited (429). Waiting 4s (attempt 2/5)
2026-05-21 06:11:45 [WARNING ] crawl_pipeline.comments | Rate-limited (429). Waiting 4s (attempt 2/5)
2026-05-21 06:11:46 [WARNING ] crawl_pipeline.comments | Rate-limited (429). Waiting 4s (attempt 2/5)
2026-05-21 06:11:46 [WARNING ] crawl_pipeline.comments | Rate-limited (429). Waiting 4s (attempt 2/5)
2026-05-21 06:11:49 [WARNING ] crawl_pipeline.comments | Rate-limited (429). Waiting 6s (attempt 3/5)
2026-05-21 06:11:50 [WARNING ] crawl_pipeline.comments | Rate-limited (429). Waiting 6s (attempt 3/5)
2026-05-21 06:11:50 [WARNING ] crawl_pipeline.comments | Rate-limited (429). Waiting 6s (attempt 3/5)
2026-05-21 06:11:51 [WARNING ] crawl_pipeline.comments | Rate-limited (429). Waiting 6s (attempt 3/5)
2026-05-21 06:11:56 [WARNING ] crawl_pipeline.comments | Rate-limited (429). Waiting 8s (attempt 4/5)
2026-05-21 06:11:56 [WARNING ] crawl_pipeline.comments | Rate-limited (429). Waiting 8s (attempt 4/5)
2026-05-21 06:11:56 [WARNING ] crawl_pipeline.comments | Rate-limited (429). Waiting 8s (attempt 4/5)
2026-05-21 06:11:57 [WARNING ] crawl_pipeline.comments | Rate-limited (429). Waiting 8s (attempt 4/5)
2026-05-21 06:12:04 [WARNING ] crawl_pipeline.comments | Rate-limited (429). Waiting 10s (attempt 5/5)
2026-05-21 06:12:05 [WARNING ] crawl_pipeline.comments | Rate-limited (429). Waiting 10s (attempt 5/5)
2026-05-21 06:12:05 [WARNING ] crawl_pipeline.comments | Rate-limited (429). Waiting 10s (attempt 5/5)
2026-05-21 06:12:05 [WARNING ] crawl_pipeline.comments | Rate-limited (429). Waiting 10s (attempt 5/5)
2026-05-21 06:12:14 [ERROR   ] crawl_pipeline.comments | Could not fetch comments for post 1ti3dmg: Failed after 5 retries: https://www.reddit.com/r/indotech/comments/1ti3dmg.json
2026-05-21 06:12:14 [INFO    ] crawl_pipeline.worker-3 | [Worker 3] 1ti3dmg done — 0 thread(s)
2026-05-21 06:12:15 [ERROR   ] crawl_pipeline.comments | Could not fetch comments for post 1ti1gyu: Failed after 5 retries: https://www.reddit.com/r/BaliTravelTips/comments/1ti1gyu.json
2026-05-21 06:12:15 [INFO    ] crawl_pipeline.worker-0 | [Worker 0] 1ti1gyu done — 0 thread(s)
2026-05-21 06:12:15 [ERROR   ] crawl_pipeline.comments | Could not fetch comments for post 1tj5rcg: Failed after 5 retries: https://www.reddit.com/r/indonesia/comments/1tj5rcg.json
2026-05-21 06:12:15 [INFO    ] crawl_pipeline.worker-2 | [Worker 2] 1tj5rcg done — 0 thread(s)
2026-05-21 06:12:15 [ERROR   ] crawl_pipeline.comments | Could not fetch comments for post 1tgomfe: Failed after 5 retries: https://www.reddit.com/r/indocartalk/comments/1tgomfe.json
2026-05-21 06:12:15 [INFO    ] crawl_pipeline.worker-1 | [Worker 1] 1tgomfe done — 0 thread(s)
2026-05-21 06:12:16 [INFO    ] crawl_pipeline.worker-3 | [Worker 3] Processing 1ti199d (BaliTravelTips) — "Gluten free in Bali..."
2026-05-21 06:12:16 [WARNING ] crawl_pipeline.comments | Rate-limited (429). Waiting 2s (attempt 1/5)
2026-05-21 06:12:17 [INFO    ] crawl_pipeline.worker-0 | [Worker 0] Processing 1ti186x (BaliTravelTips) — "Seminyak or Jimbaran...."
2026-05-21 06:12:17 [INFO    ] crawl_pipeline.worker-2 | [Worker 2] Processing 1thds4l (kulineria) — "Mie Babi Tepi Sawah, Sukoharjo..."
2026-05-21 06:12:17 [WARNING ] crawl_pipeline.comments | Rate-limited (429). Waiting 2s (attempt 1/5)
2026-05-21 06:12:17 [WARNING ] crawl_pipeline.comments | Rate-limited (429). Waiting 2s (attempt 1/5)
2026-05-21 06:12:17 [INFO    ] crawl_pipeline.worker-1 | [Worker 1] Processing 1ti68kz (AdaIndonesiaCoy) — "main prosotan coy..."
2026-05-21 06:12:18 [WARNING ] crawl_pipeline.comments | Rate-limited (429). Waiting 2s (attempt 1/5)
2026-05-21 06:12:18 [WARNING ] crawl_pipeline.comments | Rate-limited (429). Waiting 4s (attempt 2/5)
2026-05-21 06:12:19 [WARNING ] crawl_pipeline.comments | Rate-limited (429). Waiting 4s (attempt 2/5)
2026-05-21 06:12:19 [WARNING ] crawl_pipeline.comments | Rate-limited (429). Waiting 4s (attempt 2/5)
2026-05-21 06:12:20 [WARNING ] crawl_pipeline.comments | Rate-limited (429). Waiting 4s (attempt 2/5)
2026-05-21 06:12:23 [WARNING ] crawl_pipeline.comments | Rate-limited (429). Waiting 6s (attempt 3/5)
2026-05-21 06:12:23 [WARNING ] crawl_pipeline.comments | Rate-limited (429). Waiting 6s (attempt 3/5)
2026-05-21 06:12:24 [WARNING ] crawl_pipeline.comments | Rate-limited (429). Waiting 6s (attempt 3/5)
2026-05-21 06:12:24 [WARNING ] crawl_pipeline.comments | Rate-limited (429). Waiting 6s (attempt 3/5)
2026-05-21 06:12:29 [WARNING ] crawl_pipeline.comments | Rate-limited (429). Waiting 8s (attempt 4/5)
2026-05-21 06:12:30 [WARNING ] crawl_pipeline.comments | Rate-limited (429). Waiting 8s (attempt 4/5)
2026-05-21 06:12:30 [WARNING ] crawl_pipeline.comments | Rate-limited (429). Waiting 8s (attempt 4/5)
2026-05-21 06:12:30 [WARNING ] crawl_pipeline.comments | Rate-limited (429). Waiting 8s (attempt 4/5)
2026-05-21 06:12:37 [WARNING ] crawl_pipeline.comments | Rate-limited (429). Waiting 10s (attempt 5/5)
2026-05-21 06:12:38 [WARNING ] crawl_pipeline.comments | Rate-limited (429). Waiting 10s (attempt 5/5)
2026-05-21 06:12:38 [WARNING ] crawl_pipeline.comments | Rate-limited (429). Waiting 10s (attempt 5/5)
2026-05-21 06:12:38 [WARNING ] crawl_pipeline.comments | Rate-limited (429). Waiting 10s (attempt 5/5)
2026-05-21 06:12:47 [ERROR   ] crawl_pipeline.comments | Could not fetch comments for post 1ti199d: Failed after 5 retries: https://www.reddit.com/r/BaliTravelTips/comments/1ti199d.json
2026-05-21 06:12:47 [INFO    ] crawl_pipeline.worker-3 | [Worker 3] 1ti199d done — 0 thread(s)
2026-05-21 06:12:48 [ERROR   ] crawl_pipeline.comments | Could not fetch comments for post 1thds4l: Failed after 5 retries: https://www.reddit.com/r/kulineria/comments/1thds4l.json
2026-05-21 06:12:48 [INFO    ] crawl_pipeline.worker-2 | [Worker 2] 1thds4l done — 0 thread(s)
2026-05-21 06:12:48 [ERROR   ] crawl_pipeline.comments | Could not fetch comments for post 1ti68kz: Failed after 5 retries: https://www.reddit.com/r/AdaIndonesiaCoy/comments/1ti68kz.json
2026-05-21 06:12:48 [INFO    ] crawl_pipeline.worker-1 | [Worker 1] 1ti68kz done — 0 thread(s)
2026-05-21 06:12:48 [ERROR   ] crawl_pipeline.comments | Could not fetch comments for post 1ti186x: Failed after 5 retries: https://www.reddit.com/r/BaliTravelTips/comments/1ti186x.json
2026-05-21 06:12:48 [INFO    ] crawl_pipeline.worker-0 | [Worker 0] 1ti186x done — 0 thread(s)
2026-05-21 06:12:49 [INFO    ] crawl_pipeline.worker-3 | [Worker 3] Processing 1ti6hqn (indonesia) — "Media Asing Sorot Kebijakan Prabowo soal Rupiah Melemah..."
2026-05-21 06:12:49 [WARNING ] crawl_pipeline.comments | Rate-limited (429). Waiting 2s (attempt 1/5)
2026-05-21 06:12:50 [INFO    ] crawl_pipeline.worker-2 | [Worker 2] Processing 1tidpvz (indonesia) — "Eps 1014 | PELECEHAN DI PESANTREN BERLANJUT. BENARKAH T..."
2026-05-21 06:12:50 [WARNING ] crawl_pipeline.comments | Rate-limited (429). Waiting 2s (attempt 1/5)
2026-05-21 06:12:50 [INFO    ] crawl_pipeline.worker-1 | [Worker 1] Processing 1tilk2z (WkwkwkLand) — "one for all core..."
2026-05-21 06:12:50 [INFO    ] crawl_pipeline.worker-0 | [Worker 0] Processing 1thit2e (indowibu) — "Permisi warga r/indowibu, berhubung sekarang ada kontro..."
2026-05-21 06:12:51 [WARNING ] crawl_pipeline.comments | Rate-limited (429). Waiting 2s (attempt 1/5)
2026-05-21 06:12:51 [WARNING ] crawl_pipeline.comments | Rate-limited (429). Waiting 2s (attempt 1/5)
2026-05-21 06:12:52 [WARNING ] crawl_pipeline.comments | Rate-limited (429). Waiting 4s (attempt 2/5)
2026-05-21 06:12:52 [WARNING ] crawl_pipeline.comments | Rate-limited (429). Waiting 4s (attempt 2/5)
2026-05-21 06:12:53 [WARNING ] crawl_pipeline.comments | Rate-limited (429). Waiting 4s (attempt 2/5)
2026-05-21 06:12:53 [WARNING ] crawl_pipeline.comments | Rate-limited (429). Waiting 4s (attempt 2/5)
2026-05-21 06:12:56 [WARNING ] crawl_pipeline.comments | Rate-limited (429). Waiting 6s (attempt 3/5)
2026-05-21 06:12:57 [WARNING ] crawl_pipeline.comments | Rate-limited (429). Waiting 6s (attempt 3/5)
2026-05-21 06:12:57 [WARNING ] crawl_pipeline.comments | Rate-limited (429). Waiting 6s (attempt 3/5)
2026-05-21 06:12:57 [WARNING ] crawl_pipeline.comments | Rate-limited (429). Waiting 6s (attempt 3/5)
2026-05-21 06:13:02 [WARNING ] crawl_pipeline.comments | Rate-limited (429). Waiting 8s (attempt 4/5)
2026-05-21 06:13:03 [WARNING ] crawl_pipeline.comments | Rate-limited (429). Waiting 8s (attempt 4/5)
2026-05-21 06:13:03 [WARNING ] crawl_pipeline.comments | Rate-limited (429). Waiting 8s (attempt 4/5)
2026-05-21 06:13:04 [WARNING ] crawl_pipeline.comments | Rate-limited (429). Waiting 8s (attempt 4/5)
2026-05-21 06:13:10 [WARNING ] crawl_pipeline.comments | Rate-limited (429). Waiting 10s (attempt 5/5)
2026-05-21 06:13:11 [WARNING ] crawl_pipeline.comments | Rate-limited (429). Waiting 10s (attempt 5/5)
2026-05-21 06:13:11 [WARNING ] crawl_pipeline.comments | Rate-limited (429). Waiting 10s (attempt 5/5)
2026-05-21 06:13:12 [WARNING ] crawl_pipeline.comments | Rate-limited (429). Waiting 10s (attempt 5/5)
2026-05-21 06:13:20 [ERROR   ] crawl_pipeline.comments | Could not fetch comments for post 1ti6hqn: Failed after 5 retries: https://www.reddit.com/r/indonesia/comments/1ti6hqn.json
2026-05-21 06:13:20 [INFO    ] crawl_pipeline.worker-3 | [Worker 3] 1ti6hqn done — 0 thread(s)
2026-05-21 06:13:21 [ERROR   ] crawl_pipeline.comments | Could not fetch comments for post 1tidpvz: Failed after 5 retries: https://www.reddit.com/r/indonesia/comments/1tidpvz.json
2026-05-21 06:13:21 [INFO    ] crawl_pipeline.worker-2 | [Worker 2] 1tidpvz done — 0 thread(s)
2026-05-21 06:13:21 [ERROR   ] crawl_pipeline.comments | Could not fetch comments for post 1tilk2z: Failed after 5 retries: https://www.reddit.com/r/WkwkwkLand/comments/1tilk2z.json
2026-05-21 06:13:21 [INFO    ] crawl_pipeline.worker-1 | [Worker 1] 1tilk2z done — 0 thread(s)
2026-05-21 06:13:22 [ERROR   ] crawl_pipeline.comments | Could not fetch comments for post 1thit2e: Failed after 5 retries: https://www.reddit.com/r/indowibu/comments/1thit2e.json
2026-05-21 06:13:22 [INFO    ] crawl_pipeline.worker-0 | [Worker 0] 1thit2e done — 0 thread(s)
2026-05-21 06:13:22 [INFO    ] crawl_pipeline.worker-3 | [Worker 3] Processing 1tifn3s (jualbeliindonesia) — "WTS Rexus Daxa Air IV (minus box dan kabel)..."
2026-05-21 06:13:23 [WARNING ] crawl_pipeline.comments | Rate-limited (429). Waiting 2s (attempt 1/5)
2026-05-21 06:13:23 [INFO    ] crawl_pipeline.worker-2 | [Worker 2] Processing 1thn7lp (WkwkwkLand) — "ga join brics btw..."
2026-05-21 06:13:23 [WARNING ] crawl_pipeline.comments | Rate-limited (429). Waiting 2s (attempt 1/5)
2026-05-21 06:13:23 [INFO    ] crawl_pipeline.worker-1 | [Worker 1] Processing 1ti0r3l (BaliTravelTips) — "Retreat or private lessons in Bali?..."
2026-05-21 06:13:24 [WARNING ] crawl_pipeline.comments | Rate-limited (429). Waiting 2s (attempt 1/5)
2026-05-21 06:13:24 [INFO    ] crawl_pipeline.worker-0 | [Worker 0] Processing 1ti4kcj (indonesia) — "FULL! Menkeu Purbaya Klaim Ekonomi RI Tetap Kuat: Kalau..."
2026-05-21 06:13:24 [WARNING ] crawl_pipeline.comments | Rate-limited (429). Waiting 2s (attempt 1/5)
2026-05-21 06:13:25 [WARNING ] crawl_pipeline.comments | Rate-limited (429). Waiting 4s (attempt 2/5)
2026-05-21 06:13:25 [WARNING ] crawl_pipeline.comments | Rate-limited (429). Waiting 4s (attempt 2/5)
2026-05-21 06:13:26 [WARNING ] crawl_pipeline.comments | Rate-limited (429). Waiting 4s (attempt 2/5)
2026-05-21 06:13:26 [WARNING ] crawl_pipeline.comments | Rate-limited (429). Waiting 4s (attempt 2/5)
2026-05-21 06:13:29 [WARNING ] crawl_pipeline.comments | Rate-limited (429). Waiting 6s (attempt 3/5)
2026-05-21 06:13:30 [WARNING ] crawl_pipeline.comments | Rate-limited (429). Waiting 6s (attempt 3/5)
2026-05-21 06:13:30 [WARNING ] crawl_pipeline.comments | Rate-limited (429). Waiting 6s (attempt 3/5)
2026-05-21 06:13:30 [WARNING ] crawl_pipeline.comments | Rate-limited (429). Waiting 6s (attempt 3/5)
2026-05-21 06:13:35 [WARNING ] crawl_pipeline.comments | Rate-limited (429). Waiting 8s (attempt 4/5)
2026-05-21 06:13:36 [WARNING ] crawl_pipeline.comments | Rate-limited (429). Waiting 8s (attempt 4/5)
2026-05-21 06:13:36 [WARNING ] crawl_pipeline.comments | Rate-limited (429). Waiting 8s (attempt 4/5)
2026-05-21 06:13:37 [WARNING ] crawl_pipeline.comments | Rate-limited (429). Waiting 8s (attempt 4/5)
2026-05-21 06:13:43 [WARNING ] crawl_pipeline.comments | Rate-limited (429). Waiting 10s (attempt 5/5)
2026-05-21 06:13:44 [WARNING ] crawl_pipeline.comments | Rate-limited (429). Waiting 10s (attempt 5/5)
2026-05-21 06:13:45 [WARNING ] crawl_pipeline.comments | Rate-limited (429). Waiting 10s (attempt 5/5)
2026-05-21 06:13:45 [WARNING ] crawl_pipeline.comments | Rate-limited (429). Waiting 10s (attempt 5/5)
2026-05-21 06:13:53 [ERROR   ] crawl_pipeline.comments | Could not fetch comments for post 1tifn3s: Failed after 5 retries: https://www.reddit.com/r/jualbeliindonesia/comments/1tifn3s.json
2026-05-21 06:13:53 [INFO    ] crawl_pipeline.worker-3 | [Worker 3] 1tifn3s done — 0 thread(s)
2026-05-21 06:13:54 [ERROR   ] crawl_pipeline.comments | Could not fetch comments for post 1thn7lp: Failed after 5 retries: https://www.reddit.com/r/WkwkwkLand/comments/1thn7lp.json
2026-05-21 06:13:54 [INFO    ] crawl_pipeline.worker-2 | [Worker 2] 1thn7lp done — 0 thread(s)
2026-05-21 06:13:55 [ERROR   ] crawl_pipeline.comments | Could not fetch comments for post 1ti0r3l: Failed after 5 retries: https://www.reddit.com/r/BaliTravelTips/comments/1ti0r3l.json
2026-05-21 06:13:55 [INFO    ] crawl_pipeline.worker-1 | [Worker 1] 1ti0r3l done — 0 thread(s)
2026-05-21 06:13:55 [ERROR   ] crawl_pipeline.comments | Could not fetch comments for post 1ti4kcj: Failed after 5 retries: https://www.reddit.com/r/indonesia/comments/1ti4kcj.json
2026-05-21 06:13:55 [INFO    ] crawl_pipeline.worker-0 | [Worker 0] 1ti4kcj done — 0 thread(s)
2026-05-21 06:13:55 [INFO    ] crawl_pipeline.worker-3 | [Worker 3] Processing 1thk5a7 (indowibu) — "Waduh kok mirip..."
2026-05-21 06:13:56 [WARNING ] crawl_pipeline.comments | Rate-limited (429). Waiting 2s (attempt 1/5)
2026-05-21 06:13:56 [INFO    ] crawl_pipeline.worker-2 | [Worker 2] Processing 1tighow (WkwkwkLand) — "Terlalu frontal Pak 😹..."
2026-05-21 06:13:56 [WARNING ] crawl_pipeline.comments | Rate-limited (429). Waiting 2s (attempt 1/5)
2026-05-21 06:13:57 [INFO    ] crawl_pipeline.worker-1 | [Worker 1] Processing 1tifzx3 (indotech) — "Redmi 4 Prime Nganggur, dibuat apa?..."
2026-05-21 06:13:57 [INFO    ] crawl_pipeline.worker-0 | [Worker 0] Processing 1ticukp (IndoGamer) — "Flydigi direwolf 4 vs vader 5 pro..."
2026-05-21 06:13:57 [WARNING ] crawl_pipeline.comments | Rate-limited (429). Waiting 2s (attempt 1/5)
2026-05-21 06:13:57 [WARNING ] crawl_pipeline.comments | Rate-limited (429). Waiting 2s (attempt 1/5)
2026-05-21 06:13:58 [WARNING ] crawl_pipeline.comments | Rate-limited (429). Waiting 4s (attempt 2/5)
2026-05-21 06:13:58 [WARNING ] crawl_pipeline.comments | Rate-limited (429). Waiting 4s (attempt 2/5)
2026-05-21 06:13:59 [WARNING ] crawl_pipeline.comments | Rate-limited (429). Waiting 4s (attempt 2/5)
2026-05-21 06:13:59 [WARNING ] crawl_pipeline.comments | Rate-limited (429). Waiting 4s (attempt 2/5)
2026-05-21 06:14:02 [WARNING ] crawl_pipeline.comments | Rate-limited (429). Waiting 6s (attempt 3/5)
2026-05-21 06:14:03 [WARNING ] crawl_pipeline.comments | Rate-limited (429). Waiting 6s (attempt 3/5)
2026-05-21 06:14:03 [WARNING ] crawl_pipeline.comments | Rate-limited (429). Waiting 6s (attempt 3/5)
2026-05-21 06:14:04 [WARNING ] crawl_pipeline.comments | Rate-limited (429). Waiting 6s (attempt 3/5)
2026-05-21 06:14:08 [WARNING ] crawl_pipeline.comments | Rate-limited (429). Waiting 8s (attempt 4/5)
2026-05-21 06:14:09 [WARNING ] crawl_pipeline.comments | Rate-limited (429). Waiting 8s (attempt 4/5)
2026-05-21 06:14:10 [WARNING ] crawl_pipeline.comments | Rate-limited (429). Waiting 8s (attempt 4/5)
2026-05-21 06:14:10 [WARNING ] crawl_pipeline.comments | Rate-limited (429). Waiting 8s (attempt 4/5)
2026-05-21 06:14:17 [WARNING ] crawl_pipeline.comments | Rate-limited (429). Waiting 10s (attempt 5/5)
2026-05-21 06:14:17 [WARNING ] crawl_pipeline.comments | Rate-limited (429). Waiting 10s (attempt 5/5)
2026-05-21 06:14:18 [WARNING ] crawl_pipeline.comments | Rate-limited (429). Waiting 10s (attempt 5/5)
2026-05-21 06:14:18 [WARNING ] crawl_pipeline.comments | Rate-limited (429). Waiting 10s (attempt 5/5)
2026-05-21 06:14:27 [ERROR   ] crawl_pipeline.comments | Could not fetch comments for post 1thk5a7: Failed after 5 retries: https://www.reddit.com/r/indowibu/comments/1thk5a7.json
2026-05-21 06:14:27 [INFO    ] crawl_pipeline.worker-3 | [Worker 3] 1thk5a7 done — 0 thread(s)
2026-05-21 06:14:27 [ERROR   ] crawl_pipeline.comments | Could not fetch comments for post 1tighow: Failed after 5 retries: https://www.reddit.com/r/WkwkwkLand/comments/1tighow.json
2026-05-21 06:14:27 [INFO    ] crawl_pipeline.worker-2 | [Worker 2] 1tighow done — 0 thread(s)
2026-05-21 06:14:28 [ERROR   ] crawl_pipeline.comments | Could not fetch comments for post 1tifzx3: Failed after 5 retries: https://www.reddit.com/r/indotech/comments/1tifzx3.json
2026-05-21 06:14:28 [INFO    ] crawl_pipeline.worker-1 | [Worker 1] 1tifzx3 done — 0 thread(s)
2026-05-21 06:14:28 [ERROR   ] crawl_pipeline.comments | Could not fetch comments for post 1ticukp: Failed after 5 retries: https://www.reddit.com/r/IndoGamer/comments/1ticukp.json
2026-05-21 06:14:28 [INFO    ] crawl_pipeline.worker-0 | [Worker 0] 1ticukp done — 0 thread(s)
2026-05-21 06:14:29 [INFO    ] crawl_pipeline.worker-3 | [Worker 3] Processing 1th6ptd (indocartalk) — "Nanya perihal asuransi mobil all-risk..."
2026-05-21 06:14:29 [WARNING ] crawl_pipeline.comments | Rate-limited (429). Waiting 2s (attempt 1/5)
2026-05-21 06:14:29 [INFO    ] crawl_pipeline.worker-2 | [Worker 2] Processing 1ti575f (BaliTravelTips) — "Moving to Bali - Neighborhoods &amp; Rentals?..."
2026-05-21 06:14:29 [WARNING ] crawl_pipeline.comments | Rate-limited (429). Waiting 2s (attempt 1/5)
2026-05-21 06:14:30 [INFO    ] crawl_pipeline.worker-1 | [Worker 1] Processing 1thrcfg (Cekrek) — "Mobil Gus Akira Nakai..."
2026-05-21 06:14:30 [INFO    ] crawl_pipeline.worker-0 | [Worker 0] Processing 1ti9wc5 (finansial) — "Seberapa Aman USDT..."
2026-05-21 06:14:30 [WARNING ] crawl_pipeline.comments | Rate-limited (429). Waiting 2s (attempt 1/5)
2026-05-21 06:14:30 [WARNING ] crawl_pipeline.comments | Rate-limited (429). Waiting 2s (attempt 1/5)
2026-05-21 06:14:31 [WARNING ] crawl_pipeline.comments | Rate-limited (429). Waiting 4s (attempt 2/5)
2026-05-21 06:14:31 [WARNING ] crawl_pipeline.comments | Rate-limited (429). Waiting 4s (attempt 2/5)
2026-05-21 06:14:32 [WARNING ] crawl_pipeline.comments | Rate-limited (429). Waiting 4s (attempt 2/5)
2026-05-21 06:14:32 [WARNING ] crawl_pipeline.comments | Rate-limited (429). Waiting 4s (attempt 2/5)
2026-05-21 06:14:35 [WARNING ] crawl_pipeline.comments | Rate-limited (429). Waiting 6s (attempt 3/5)
2026-05-21 06:14:36 [WARNING ] crawl_pipeline.comments | Rate-limited (429). Waiting 6s (attempt 3/5)
2026-05-21 06:14:37 [WARNING ] crawl_pipeline.comments | Rate-limited (429). Waiting 6s (attempt 3/5)
2026-05-21 06:14:37 [WARNING ] crawl_pipeline.comments | Rate-limited (429). Waiting 6s (attempt 3/5)
2026-05-21 06:14:41 [WARNING ] crawl_pipeline.comments | Rate-limited (429). Waiting 8s (attempt 4/5)
2026-05-21 06:14:42 [WARNING ] crawl_pipeline.comments | Rate-limited (429). Waiting 8s (attempt 4/5)
2026-05-21 06:14:43 [WARNING ] crawl_pipeline.comments | Rate-limited (429). Waiting 8s (attempt 4/5)
2026-05-21 06:14:43 [WARNING ] crawl_pipeline.comments | Rate-limited (429). Waiting 8s (attempt 4/5)
2026-05-21 06:14:50 [WARNING ] crawl_pipeline.comments | Rate-limited (429). Waiting 10s (attempt 5/5)
2026-05-21 06:14:50 [WARNING ] crawl_pipeline.comments | Rate-limited (429). Waiting 10s (attempt 5/5)
2026-05-21 06:14:51 [WARNING ] crawl_pipeline.comments | Rate-limited (429). Waiting 10s (attempt 5/5)
2026-05-21 06:14:51 [WARNING ] crawl_pipeline.comments | Rate-limited (429). Waiting 10s (attempt 5/5)
2026-05-21 06:15:00 [ERROR   ] crawl_pipeline.comments | Could not fetch comments for post 1th6ptd: Failed after 5 retries: https://www.reddit.com/r/indocartalk/comments/1th6ptd.json
2026-05-21 06:15:00 [INFO    ] crawl_pipeline.worker-3 | [Worker 3] 1th6ptd done — 0 thread(s)
2026-05-21 06:15:00 [ERROR   ] crawl_pipeline.comments | Could not fetch comments for post 1ti575f: Failed after 5 retries: https://www.reddit.com/r/BaliTravelTips/comments/1ti575f.json
2026-05-21 06:15:00 [INFO    ] crawl_pipeline.worker-2 | [Worker 2] 1ti575f done — 0 thread(s)
2026-05-21 06:15:01 [ERROR   ] crawl_pipeline.comments | Could not fetch comments for post 1thrcfg: Failed after 5 retries: https://www.reddit.com/r/Cekrek/comments/1thrcfg.json
2026-05-21 06:15:01 [INFO    ] crawl_pipeline.worker-1 | [Worker 1] 1thrcfg done — 0 thread(s)
2026-05-21 06:15:01 [ERROR   ] crawl_pipeline.comments | Could not fetch comments for post 1ti9wc5: Failed after 5 retries: https://www.reddit.com/r/finansial/comments/1ti9wc5.json
2026-05-21 06:15:01 [INFO    ] crawl_pipeline.worker-0 | [Worker 0] 1ti9wc5 done — 0 thread(s)
2026-05-21 06:15:02 [INFO    ] crawl_pipeline.worker-3 | [Worker 3] Processing 1tib9b2 (indonesia) — "The Guardian view on domestic workers: Indonesia shows ..."
2026-05-21 06:15:02 [WARNING ] crawl_pipeline.comments | Rate-limited (429). Waiting 2s (attempt 1/5)
2026-05-21 06:15:02 [INFO    ] crawl_pipeline.worker-2 | [Worker 2] Processing 1thuy2w (indowibu) — ""Nikkei reports on a survey finding that 90% of foreign..."
2026-05-21 06:15:02 [WARNING ] crawl_pipeline.comments | Rate-limited (429). Waiting 2s (attempt 1/5)
2026-05-21 06:15:03 [INFO    ] crawl_pipeline.worker-1 | [Worker 1] Processing 1thdnwm (Perempuan) — "Sepatu custom satuan?..."
2026-05-21 06:15:03 [INFO    ] crawl_pipeline.worker-0 | [Worker 0] Processing 1ticepg (bali) — "are snake bites common..."
2026-05-21 06:15:04 [WARNING ] crawl_pipeline.comments | Rate-limited (429). Waiting 2s (attempt 1/5)
2026-05-21 06:15:04 [WARNING ] crawl_pipeline.comments | Rate-limited (429). Waiting 2s (attempt 1/5)
2026-05-21 06:15:04 [WARNING ] crawl_pipeline.comments | Rate-limited (429). Waiting 4s (attempt 2/5)
2026-05-21 06:15:05 [WARNING ] crawl_pipeline.comments | Rate-limited (429). Waiting 4s (attempt 2/5)
2026-05-21 06:15:06 [WARNING ] crawl_pipeline.comments | Rate-limited (429). Waiting 4s (attempt 2/5)
2026-05-21 06:15:06 [WARNING ] crawl_pipeline.comments | Rate-limited (429). Waiting 4s (attempt 2/5)
2026-05-21 06:15:08 [WARNING ] crawl_pipeline.comments | Rate-limited (429). Waiting 6s (attempt 3/5)
2026-05-21 06:15:09 [WARNING ] crawl_pipeline.comments | Rate-limited (429). Waiting 6s (attempt 3/5)
2026-05-21 06:15:10 [WARNING ] crawl_pipeline.comments | Rate-limited (429). Waiting 6s (attempt 3/5)
2026-05-21 06:15:10 [WARNING ] crawl_pipeline.comments | Rate-limited (429). Waiting 6s (attempt 3/5)
2026-05-21 06:15:14 [WARNING ] crawl_pipeline.comments | Rate-limited (429). Waiting 8s (attempt 4/5)
2026-05-21 06:15:15 [WARNING ] crawl_pipeline.comments | Rate-limited (429). Waiting 8s (attempt 4/5)
2026-05-21 06:15:16 [WARNING ] crawl_pipeline.comments | Rate-limited (429). Waiting 8s (attempt 4/5)
2026-05-21 06:15:16 [WARNING ] crawl_pipeline.comments | Rate-limited (429). Waiting 8s (attempt 4/5)
2026-05-21 06:15:23 [WARNING ] crawl_pipeline.comments | Rate-limited (429). Waiting 10s (attempt 5/5)
2026-05-21 06:15:23 [WARNING ] crawl_pipeline.comments | Rate-limited (429). Waiting 10s (attempt 5/5)
2026-05-21 06:15:24 [WARNING ] crawl_pipeline.comments | Rate-limited (429). Waiting 10s (attempt 5/5)
2026-05-21 06:15:24 [WARNING ] crawl_pipeline.comments | Rate-limited (429). Waiting 10s (attempt 5/5)
2026-05-21 06:15:33 [ERROR   ] crawl_pipeline.comments | Could not fetch comments for post 1tib9b2: Failed after 5 retries: https://www.reddit.com/r/indonesia/comments/1tib9b2.json
2026-05-21 06:15:33 [INFO    ] crawl_pipeline.worker-3 | [Worker 3] 1tib9b2 done — 0 thread(s)
2026-05-21 06:15:33 [ERROR   ] crawl_pipeline.comments | Could not fetch comments for post 1thuy2w: Failed after 5 retries: https://www.reddit.com/r/indowibu/comments/1thuy2w.json
2026-05-21 06:15:33 [INFO    ] crawl_pipeline.worker-2 | [Worker 2] 1thuy2w done — 0 thread(s)
2026-05-21 06:15:34 [ERROR   ] crawl_pipeline.comments | Could not fetch comments for post 1thdnwm: Failed after 5 retries: https://www.reddit.com/r/Perempuan/comments/1thdnwm.json
2026-05-21 06:15:34 [INFO    ] crawl_pipeline.worker-1 | [Worker 1] 1thdnwm done — 0 thread(s)
2026-05-21 06:15:34 [ERROR   ] crawl_pipeline.comments | Could not fetch comments for post 1ticepg: Failed after 5 retries: https://www.reddit.com/r/bali/comments/1ticepg.json
2026-05-21 06:15:34 [INFO    ] crawl_pipeline.worker-0 | [Worker 0] 1ticepg done — 0 thread(s)
2026-05-21 06:15:35 [INFO    ] crawl_pipeline.worker-3 | [Worker 3] Processing 1tio31k (finansial) — "Form Asuransi Jiwa..."
2026-05-21 06:15:35 [INFO    ] crawl_pipeline.worker-2 | [Worker 2] Processing 1ti39rv (indonesia) — "KSAD: Tak Ada Instruksi Membubarkan Nobar Film Pesta Ba..."
2026-05-21 06:15:35 [WARNING ] crawl_pipeline.comments | Rate-limited (429). Waiting 2s (attempt 1/5)
2026-05-21 06:15:35 [WARNING ] crawl_pipeline.comments | Rate-limited (429). Waiting 2s (attempt 1/5)
2026-05-21 06:15:36 [INFO    ] crawl_pipeline.worker-1 | [Worker 1] Processing 1thk0k5 (indonesia) — "Sedang meratapi nasib @Cutelight comic..."
2026-05-21 06:15:36 [INFO    ] crawl_pipeline.worker-0 | [Worker 0] Processing 1ti6yoa (AdaIndonesiaCoy) — "Ada Indonesia Coy..."
2026-05-21 06:15:37 [WARNING ] crawl_pipeline.comments | Rate-limited (429). Waiting 2s (attempt 1/5)
2026-05-21 06:15:37 [WARNING ] crawl_pipeline.comments | Rate-limited (429). Waiting 2s (attempt 1/5)
2026-05-21 06:15:37 [WARNING ] crawl_pipeline.comments | Rate-limited (429). Waiting 4s (attempt 2/5)
2026-05-21 06:15:38 [WARNING ] crawl_pipeline.comments | Rate-limited (429). Waiting 4s (attempt 2/5)
2026-05-21 06:15:39 [WARNING ] crawl_pipeline.comments | Rate-limited (429). Waiting 4s (attempt 2/5)
2026-05-21 06:15:39 [WARNING ] crawl_pipeline.comments | Rate-limited (429). Waiting 4s (attempt 2/5)
2026-05-21 06:15:42 [WARNING ] crawl_pipeline.comments | Rate-limited (429). Waiting 6s (attempt 3/5)
2026-05-21 06:15:42 [WARNING ] crawl_pipeline.comments | Rate-limited (429). Waiting 6s (attempt 3/5)
2026-05-21 06:15:43 [WARNING ] crawl_pipeline.comments | Rate-limited (429). Waiting 6s (attempt 3/5)
2026-05-21 06:15:43 [WARNING ] crawl_pipeline.comments | Rate-limited (429). Waiting 6s (attempt 3/5)
2026-05-21 06:15:48 [WARNING ] crawl_pipeline.comments | Rate-limited (429). Waiting 8s (attempt 4/5)
2026-05-21 06:15:48 [WARNING ] crawl_pipeline.comments | Rate-limited (429). Waiting 8s (attempt 4/5)
2026-05-21 06:15:49 [WARNING ] crawl_pipeline.comments | Rate-limited (429). Waiting 8s (attempt 4/5)
2026-05-21 06:15:49 [WARNING ] crawl_pipeline.comments | Rate-limited (429). Waiting 8s (attempt 4/5)
2026-05-21 06:15:56 [WARNING ] crawl_pipeline.comments | Rate-limited (429). Waiting 10s (attempt 5/5)
2026-05-21 06:15:56 [WARNING ] crawl_pipeline.comments | Rate-limited (429). Waiting 10s (attempt 5/5)
2026-05-21 06:15:57 [WARNING ] crawl_pipeline.comments | Rate-limited (429). Waiting 10s (attempt 5/5)
2026-05-21 06:15:57 [WARNING ] crawl_pipeline.comments | Rate-limited (429). Waiting 10s (attempt 5/5)
2026-05-21 06:16:06 [ERROR   ] crawl_pipeline.comments | Could not fetch comments for post 1tio31k: Failed after 5 retries: https://www.reddit.com/r/finansial/comments/1tio31k.json
2026-05-21 06:16:06 [INFO    ] crawl_pipeline.worker-3 | [Worker 3] 1tio31k done — 0 thread(s)
2026-05-21 06:16:06 [ERROR   ] crawl_pipeline.comments | Could not fetch comments for post 1ti39rv: Failed after 5 retries: https://www.reddit.com/r/indonesia/comments/1ti39rv.json
2026-05-21 06:16:06 [INFO    ] crawl_pipeline.worker-2 | [Worker 2] 1ti39rv done — 0 thread(s)
2026-05-21 06:16:07 [ERROR   ] crawl_pipeline.comments | Could not fetch comments for post 1ti6yoa: Failed after 5 retries: https://www.reddit.com/r/AdaIndonesiaCoy/comments/1ti6yoa.json
2026-05-21 06:16:07 [ERROR   ] crawl_pipeline.comments | Could not fetch comments for post 1thk0k5: Failed after 5 retries: https://www.reddit.com/r/indonesia/comments/1thk0k5.json
2026-05-21 06:16:07 [INFO    ] crawl_pipeline.worker-0 | [Worker 0] 1ti6yoa done — 0 thread(s)
2026-05-21 06:16:07 [INFO    ] crawl_pipeline.worker-1 | [Worker 1] 1thk0k5 done — 0 thread(s)
2026-05-21 06:16:08 [INFO    ] crawl_pipeline.worker-3 | [Worker 3] Processing 1ti70vl (WkwkwkLand) — "Bang apakah si Dr. Ambatukam lebih bagus untuk presiden..."
2026-05-21 06:16:08 [INFO    ] crawl_pipeline.worker-2 | [Worker 2] Processing 1thftb8 (indonesiabebas) — "I'm tired with this guy, man. He is stuck in the cold-w..."
2026-05-21 06:16:08 [WARNING ] crawl_pipeline.comments | Rate-limited (429). Waiting 2s (attempt 1/5)
2026-05-21 06:16:08 [WARNING ] crawl_pipeline.comments | Rate-limited (429). Waiting 2s (attempt 1/5)
2026-05-21 06:16:09 [INFO    ] crawl_pipeline.worker-0 | [Worker 0] Processing 1ti4ne2 (Bandung) — "A Blossom in Waiting 🤍🌿..."
2026-05-21 06:16:09 [INFO    ] crawl_pipeline.worker-1 | [Worker 1] Processing 1tgskmq (indocartalk) — "Beli Wall charger sekarang ‘ribet’?: “Beli EV Makin Mab..."
2026-05-21 06:16:10 [WARNING ] crawl_pipeline.comments | Rate-limited (429). Waiting 2s (attempt 1/5)
2026-05-21 06:16:10 [WARNING ] crawl_pipeline.comments | Rate-limited (429). Waiting 2s (attempt 1/5)
2026-05-21 06:16:10 [WARNING ] crawl_pipeline.comments | Rate-limited (429). Waiting 4s (attempt 2/5)
2026-05-21 06:16:11 [WARNING ] crawl_pipeline.comments | Rate-limited (429). Waiting 4s (attempt 2/5)
2026-05-21 06:16:12 [WARNING ] crawl_pipeline.comments | Rate-limited (429). Waiting 4s (attempt 2/5)
2026-05-21 06:16:12 [WARNING ] crawl_pipeline.comments | Rate-limited (429). Waiting 4s (attempt 2/5)
2026-05-21 06:16:15 [WARNING ] crawl_pipeline.comments | Rate-limited (429). Waiting 6s (attempt 3/5)
2026-05-21 06:16:15 [WARNING ] crawl_pipeline.comments | Rate-limited (429). Waiting 6s (attempt 3/5)
2026-05-21 06:16:16 [WARNING ] crawl_pipeline.comments | Rate-limited (429). Waiting 6s (attempt 3/5)
2026-05-21 06:16:16 [WARNING ] crawl_pipeline.comments | Rate-limited (429). Waiting 6s (attempt 3/5)
2026-05-21 06:16:21 [WARNING ] crawl_pipeline.comments | Rate-limited (429). Waiting 8s (attempt 4/5)
2026-05-21 06:16:21 [WARNING ] crawl_pipeline.comments | Rate-limited (429). Waiting 8s (attempt 4/5)
2026-05-21 06:16:22 [WARNING ] crawl_pipeline.comments | Rate-limited (429). Waiting 8s (attempt 4/5)
2026-05-21 06:16:22 [WARNING ] crawl_pipeline.comments | Rate-limited (429). Waiting 8s (attempt 4/5)
2026-05-21 06:16:29 [WARNING ] crawl_pipeline.comments | Rate-limited (429). Waiting 10s (attempt 5/5)
2026-05-21 06:16:29 [WARNING ] crawl_pipeline.comments | Rate-limited (429). Waiting 10s (attempt 5/5)
2026-05-21 06:16:31 [WARNING ] crawl_pipeline.comments | Rate-limited (429). Waiting 10s (attempt 5/5)
2026-05-21 06:16:31 [WARNING ] crawl_pipeline.comments | Rate-limited (429). Waiting 10s (attempt 5/5)
2026-05-21 06:16:39 [ERROR   ] crawl_pipeline.comments | Could not fetch comments for post 1ti70vl: Failed after 5 retries: https://www.reddit.com/r/WkwkwkLand/comments/1ti70vl.json
2026-05-21 06:16:39 [INFO    ] crawl_pipeline.worker-3 | [Worker 3] 1ti70vl done — 0 thread(s)
2026-05-21 06:16:39 [ERROR   ] crawl_pipeline.comments | Could not fetch comments for post 1thftb8: Failed after 5 retries: https://www.reddit.com/r/indonesiabebas/comments/1thftb8.json
2026-05-21 06:16:39 [INFO    ] crawl_pipeline.worker-2 | [Worker 2] 1thftb8 done — 0 thread(s)
2026-05-21 06:16:41 [ERROR   ] crawl_pipeline.comments | Could not fetch comments for post 1ti4ne2: Failed after 5 retries: https://www.reddit.com/r/Bandung/comments/1ti4ne2.json
2026-05-21 06:16:41 [INFO    ] crawl_pipeline.worker-0 | [Worker 0] 1ti4ne2 done — 0 thread(s)
2026-05-21 06:16:41 [ERROR   ] crawl_pipeline.comments | Could not fetch comments for post 1tgskmq: Failed after 5 retries: https://www.reddit.com/r/indocartalk/comments/1tgskmq.json
2026-05-21 06:16:41 [INFO    ] crawl_pipeline.worker-1 | [Worker 1] 1tgskmq done — 0 thread(s)
2026-05-21 06:16:41 [INFO    ] crawl_pipeline.worker-3 | [Worker 3] Processing 1thmxcz (jualbeliindonesia) — "WTS Limited Slot Commission..."
2026-05-21 06:16:41 [INFO    ] crawl_pipeline.worker-2 | [Worker 2] Processing 1ti6abx (finansial) — "How to sell ruko..."
2026-05-21 06:16:41 [WARNING ] crawl_pipeline.comments | Rate-limited (429). Waiting 2s (attempt 1/5)
2026-05-21 06:16:41 [WARNING ] crawl_pipeline.comments | Rate-limited (429). Waiting 2s (attempt 1/5)
2026-05-21 06:16:43 [INFO    ] crawl_pipeline.worker-0 | [Worker 0] Processing 1ti95pq (indonesiabebas) — "Komdigi Godok Kewajiban Nomor Telepon untuk Akun Media ..."
2026-05-21 06:16:43 [INFO    ] crawl_pipeline.worker-1 | [Worker 1] Processing 1ticjqq (jualbeliindonesia) — "WTS Rice Cooker Tefal..."
2026-05-21 06:16:43 [WARNING ] crawl_pipeline.comments | Rate-limited (429). Waiting 2s (attempt 1/5)
2026-05-21 06:16:43 [WARNING ] crawl_pipeline.comments | Rate-limited (429). Waiting 2s (attempt 1/5)
2026-05-21 06:16:44 [WARNING ] crawl_pipeline.comments | Rate-limited (429). Waiting 4s (attempt 2/5)
2026-05-21 06:16:44 [WARNING ] crawl_pipeline.comments | Rate-limited (429). Waiting 4s (attempt 2/5)
2026-05-21 06:16:45 [WARNING ] crawl_pipeline.comments | Rate-limited (429). Waiting 4s (attempt 2/5)
2026-05-21 06:16:45 [WARNING ] crawl_pipeline.comments | Rate-limited (429). Waiting 4s (attempt 2/5)
2026-05-21 06:16:48 [WARNING ] crawl_pipeline.comments | Rate-limited (429). Waiting 6s (attempt 3/5)
2026-05-21 06:16:48 [WARNING ] crawl_pipeline.comments | Rate-limited (429). Waiting 6s (attempt 3/5)
2026-05-21 06:16:49 [WARNING ] crawl_pipeline.comments | Rate-limited (429). Waiting 6s (attempt 3/5)
2026-05-21 06:16:49 [WARNING ] crawl_pipeline.comments | Rate-limited (429). Waiting 6s (attempt 3/5)
2026-05-21 06:16:54 [WARNING ] crawl_pipeline.comments | Rate-limited (429). Waiting 8s (attempt 4/5)
2026-05-21 06:16:54 [WARNING ] crawl_pipeline.comments | Rate-limited (429). Waiting 8s (attempt 4/5)
2026-05-21 06:16:55 [WARNING ] crawl_pipeline.comments | Rate-limited (429). Waiting 8s (attempt 4/5)
2026-05-21 06:16:55 [WARNING ] crawl_pipeline.comments | Rate-limited (429). Waiting 8s (attempt 4/5)
2026-05-21 06:17:02 [WARNING ] crawl_pipeline.comments | Rate-limited (429). Waiting 10s (attempt 5/5)
2026-05-21 06:17:02 [WARNING ] crawl_pipeline.comments | Rate-limited (429). Waiting 10s (attempt 5/5)
2026-05-21 06:17:04 [WARNING ] crawl_pipeline.comments | Rate-limited (429). Waiting 10s (attempt 5/5)
2026-05-21 06:17:04 [WARNING ] crawl_pipeline.comments | Rate-limited (429). Waiting 10s (attempt 5/5)
2026-05-21 06:17:12 [ERROR   ] crawl_pipeline.comments | Could not fetch comments for post 1thmxcz: Failed after 5 retries: https://www.reddit.com/r/jualbeliindonesia/comments/1thmxcz.json
2026-05-21 06:17:12 [INFO    ] crawl_pipeline.worker-3 | [Worker 3] 1thmxcz done — 0 thread(s)
2026-05-21 06:17:12 [ERROR   ] crawl_pipeline.comments | Could not fetch comments for post 1ti6abx: Failed after 5 retries: https://www.reddit.com/r/finansial/comments/1ti6abx.json
2026-05-21 06:17:12 [INFO    ] crawl_pipeline.worker-2 | [Worker 2] 1ti6abx done — 0 thread(s)
2026-05-21 06:17:14 [ERROR   ] crawl_pipeline.comments | Could not fetch comments for post 1ticjqq: Failed after 5 retries: https://www.reddit.com/r/jualbeliindonesia/comments/1ticjqq.json
2026-05-21 06:17:14 [INFO    ] crawl_pipeline.worker-1 | [Worker 1] 1ticjqq done — 0 thread(s)
2026-05-21 06:17:14 [ERROR   ] crawl_pipeline.comments | Could not fetch comments for post 1ti95pq: Failed after 5 retries: https://www.reddit.com/r/indonesiabebas/comments/1ti95pq.json
2026-05-21 06:17:14 [INFO    ] crawl_pipeline.worker-0 | [Worker 0] 1ti95pq done — 0 thread(s)
2026-05-21 06:17:14 [INFO    ] crawl_pipeline.worker-3 | [Worker 3] Processing 1thk34y (indonesiabebas) — "Brace yourself tempe tipis..."
2026-05-21 06:17:14 [INFO    ] crawl_pipeline.worker-2 | [Worker 2] Processing 1ti66j8 (WkwkwkLand) — "Kiamat Maju Satu Hari..."
2026-05-21 06:17:14 [WARNING ] crawl_pipeline.comments | Rate-limited (429). Waiting 2s (attempt 1/5)
2026-05-21 06:17:15 [WARNING ] crawl_pipeline.comments | Rate-limited (429). Waiting 2s (attempt 1/5)
2026-05-21 06:17:16 [INFO    ] crawl_pipeline.worker-1 | [Worker 1] Processing 1tih0t0 (WkwkwkLand) — "Jangan salahin MBG lagi ya..."
2026-05-21 06:17:16 [INFO    ] crawl_pipeline.worker-0 | [Worker 0] Processing 1tgf9l7 (JudiSaham) — "Orang desa ga pake IHSG..."
2026-05-21 06:17:16 [WARNING ] crawl_pipeline.comments | Rate-limited (429). Waiting 2s (attempt 1/5)
2026-05-21 06:17:16 [WARNING ] crawl_pipeline.comments | Rate-limited (429). Waiting 2s (attempt 1/5)
2026-05-21 06:17:17 [WARNING ] crawl_pipeline.comments | Rate-limited (429). Waiting 4s (attempt 2/5)
2026-05-21 06:17:17 [WARNING ] crawl_pipeline.comments | Rate-limited (429). Waiting 4s (attempt 2/5)
2026-05-21 06:17:18 [WARNING ] crawl_pipeline.comments | Rate-limited (429). Waiting 4s (attempt 2/5)
2026-05-21 06:17:18 [WARNING ] crawl_pipeline.comments | Rate-limited (429). Waiting 4s (attempt 2/5)
2026-05-21 06:17:21 [WARNING ] crawl_pipeline.comments | Rate-limited (429). Waiting 6s (attempt 3/5)
2026-05-21 06:17:21 [WARNING ] crawl_pipeline.comments | Rate-limited (429). Waiting 6s (attempt 3/5)
2026-05-21 06:17:22 [WARNING ] crawl_pipeline.comments | Rate-limited (429). Waiting 6s (attempt 3/5)
2026-05-21 06:17:22 [WARNING ] crawl_pipeline.comments | Rate-limited (429). Waiting 6s (attempt 3/5)
2026-05-21 06:17:27 [WARNING ] crawl_pipeline.comments | Rate-limited (429). Waiting 8s (attempt 4/5)
2026-05-21 06:17:27 [WARNING ] crawl_pipeline.comments | Rate-limited (429). Waiting 8s (attempt 4/5)
2026-05-21 06:17:28 [WARNING ] crawl_pipeline.comments | Rate-limited (429). Waiting 8s (attempt 4/5)
2026-05-21 06:17:28 [WARNING ] crawl_pipeline.comments | Rate-limited (429). Waiting 8s (attempt 4/5)
2026-05-21 06:17:35 [WARNING ] crawl_pipeline.comments | Rate-limited (429). Waiting 10s (attempt 5/5)
2026-05-21 06:17:36 [WARNING ] crawl_pipeline.comments | Rate-limited (429). Waiting 10s (attempt 5/5)
2026-05-21 06:17:37 [WARNING ] crawl_pipeline.comments | Rate-limited (429). Waiting 10s (attempt 5/5)
2026-05-21 06:17:37 [WARNING ] crawl_pipeline.comments | Rate-limited (429). Waiting 10s (attempt 5/5)
2026-05-21 06:17:45 [ERROR   ] crawl_pipeline.comments | Could not fetch comments for post 1ti66j8: Failed after 5 retries: https://www.reddit.com/r/WkwkwkLand/comments/1ti66j8.json
2026-05-21 06:17:45 [INFO    ] crawl_pipeline.worker-2 | [Worker 2] 1ti66j8 done — 0 thread(s)
2026-05-21 06:17:46 [ERROR   ] crawl_pipeline.comments | Could not fetch comments for post 1thk34y: Failed after 5 retries: https://www.reddit.com/r/indonesiabebas/comments/1thk34y.json
2026-05-21 06:17:46 [INFO    ] crawl_pipeline.worker-3 | [Worker 3] 1thk34y done — 0 thread(s)
2026-05-21 06:17:47 [ERROR   ] crawl_pipeline.comments | Could not fetch comments for post 1tgf9l7: Failed after 5 retries: https://www.reddit.com/r/JudiSaham/comments/1tgf9l7.json
2026-05-21 06:17:47 [INFO    ] crawl_pipeline.worker-0 | [Worker 0] 1tgf9l7 done — 0 thread(s)
2026-05-21 06:17:47 [ERROR   ] crawl_pipeline.comments | Could not fetch comments for post 1tih0t0: Failed after 5 retries: https://www.reddit.com/r/WkwkwkLand/comments/1tih0t0.json
2026-05-21 06:17:47 [INFO    ] crawl_pipeline.worker-1 | [Worker 1] 1tih0t0 done — 0 thread(s)
2026-05-21 06:17:47 [INFO    ] crawl_pipeline.worker-2 | [Worker 2] Processing 1tge0md (indocartalk) — "Iceberg Otomotif Indonesia..."
2026-05-21 06:17:48 [INFO    ] crawl_pipeline.worker-3 | [Worker 3] Processing 1thk4ni (IndoGamer) — "Gimana kalian bagi waktu dan/atau uang untuk live servi..."
2026-05-21 06:17:48 [WARNING ] crawl_pipeline.comments | Rate-limited (429). Waiting 2s (attempt 1/5)
2026-05-21 06:17:48 [WARNING ] crawl_pipeline.comments | Rate-limited (429). Waiting 2s (attempt 1/5)
2026-05-21 06:17:49 [INFO    ] crawl_pipeline.worker-0 | [Worker 0] Processing 1tihlqf (WkwkwkLand) — "The Orba question 🤔..."
2026-05-21 06:17:49 [INFO    ] crawl_pipeline.worker-1 | [Worker 1] Processing 1thk4a2 (indonesia) — "Lengang. Hukum tabur tuai itu nyata...."
2026-05-21 06:17:49 [WARNING ] crawl_pipeline.comments | Rate-limited (429). Waiting 2s (attempt 1/5)
2026-05-21 06:17:49 [WARNING ] crawl_pipeline.comments | Rate-limited (429). Waiting 2s (attempt 1/5)
2026-05-21 06:17:50 [WARNING ] crawl_pipeline.comments | Rate-limited (429). Waiting 4s (attempt 2/5)
2026-05-21 06:17:50 [WARNING ] crawl_pipeline.comments | Rate-limited (429). Waiting 4s (attempt 2/5)
2026-05-21 06:17:51 [WARNING ] crawl_pipeline.comments | Rate-limited (429). Waiting 4s (attempt 2/5)
2026-05-21 06:17:51 [WARNING ] crawl_pipeline.comments | Rate-limited (429). Waiting 4s (attempt 2/5)
2026-05-21 06:17:54 [WARNING ] crawl_pipeline.comments | Rate-limited (429). Waiting 6s (attempt 3/5)
2026-05-21 06:17:54 [WARNING ] crawl_pipeline.comments | Rate-limited (429). Waiting 6s (attempt 3/5)
2026-05-21 06:17:55 [WARNING ] crawl_pipeline.comments | Rate-limited (429). Waiting 6s (attempt 3/5)
2026-05-21 06:17:55 [WARNING ] crawl_pipeline.comments | Rate-limited (429). Waiting 6s (attempt 3/5)
2026-05-21 06:18:00 [WARNING ] crawl_pipeline.comments | Rate-limited (429). Waiting 8s (attempt 4/5)
2026-05-21 06:18:00 [WARNING ] crawl_pipeline.comments | Rate-limited (429). Waiting 8s (attempt 4/5)
2026-05-21 06:18:01 [WARNING ] crawl_pipeline.comments | Rate-limited (429). Waiting 8s (attempt 4/5)
2026-05-21 06:18:01 [WARNING ] crawl_pipeline.comments | Rate-limited (429). Waiting 8s (attempt 4/5)
2026-05-21 06:18:08 [WARNING ] crawl_pipeline.comments | Rate-limited (429). Waiting 10s (attempt 5/5)
2026-05-21 06:18:09 [WARNING ] crawl_pipeline.comments | Rate-limited (429). Waiting 10s (attempt 5/5)
2026-05-21 06:18:10 [WARNING ] crawl_pipeline.comments | Rate-limited (429). Waiting 10s (attempt 5/5)
2026-05-21 06:18:10 [WARNING ] crawl_pipeline.comments | Rate-limited (429). Waiting 10s (attempt 5/5)
2026-05-21 06:18:18 [ERROR   ] crawl_pipeline.comments | Could not fetch comments for post 1tge0md: Failed after 5 retries: https://www.reddit.com/r/indocartalk/comments/1tge0md.json
2026-05-21 06:18:18 [INFO    ] crawl_pipeline.worker-2 | [Worker 2] 1tge0md done — 0 thread(s)
2026-05-21 06:18:19 [ERROR   ] crawl_pipeline.comments | Could not fetch comments for post 1thk4ni: Failed after 5 retries: https://www.reddit.com/r/IndoGamer/comments/1thk4ni.json
2026-05-21 06:18:19 [INFO    ] crawl_pipeline.worker-3 | [Worker 3] 1thk4ni done — 0 thread(s)
2026-05-21 06:18:20 [ERROR   ] crawl_pipeline.comments | Could not fetch comments for post 1thk4a2: Failed after 5 retries: https://www.reddit.com/r/indonesia/comments/1thk4a2.json
2026-05-21 06:18:20 [INFO    ] crawl_pipeline.worker-1 | [Worker 1] 1thk4a2 done — 0 thread(s)
2026-05-21 06:18:20 [ERROR   ] crawl_pipeline.comments | Could not fetch comments for post 1tihlqf: Failed after 5 retries: https://www.reddit.com/r/WkwkwkLand/comments/1tihlqf.json
2026-05-21 06:18:20 [INFO    ] crawl_pipeline.worker-0 | [Worker 0] 1tihlqf done — 0 thread(s)
2026-05-21 06:18:20 [INFO    ] crawl_pipeline.worker-2 | [Worker 2] Processing 1thhb9d (Cekrek) — "Perkutut..."
2026-05-21 06:18:21 [INFO    ] crawl_pipeline.worker-3 | [Worker 3] Processing 1tiay9v (jualbeliindonesia) — "WTS Kefine Klean SV like new..."
2026-05-21 06:18:21 [WARNING ] crawl_pipeline.comments | Rate-limited (429). Waiting 2s (attempt 1/5)
2026-05-21 06:18:21 [WARNING ] crawl_pipeline.comments | Rate-limited (429). Waiting 2s (attempt 1/5)
2026-05-21 06:18:22 [INFO    ] crawl_pipeline.worker-1 | [Worker 1] Processing 1ti96k4 (indotech) — "Komdigi Godok Kewajiban Nomor Telepon untuk Akun Media ..."
2026-05-21 06:18:22 [INFO    ] crawl_pipeline.worker-0 | [Worker 0] Processing 1thkc4f (Cekrek) — "Nissan GT-R Paul Walker..."
2026-05-21 06:18:22 [WARNING ] crawl_pipeline.comments | Rate-limited (429). Waiting 2s (attempt 1/5)
2026-05-21 06:18:22 [WARNING ] crawl_pipeline.comments | Rate-limited (429). Waiting 2s (attempt 1/5)
2026-05-21 06:18:23 [WARNING ] crawl_pipeline.comments | Rate-limited (429). Waiting 4s (attempt 2/5)
2026-05-21 06:18:23 [WARNING ] crawl_pipeline.comments | Rate-limited (429). Waiting 4s (attempt 2/5)
2026-05-21 06:18:24 [WARNING ] crawl_pipeline.comments | Rate-limited (429). Waiting 4s (attempt 2/5)
2026-05-21 06:18:24 [WARNING ] crawl_pipeline.comments | Rate-limited (429). Waiting 4s (attempt 2/5)
2026-05-21 06:18:27 [WARNING ] crawl_pipeline.comments | Rate-limited (429). Waiting 6s (attempt 3/5)
2026-05-21 06:18:27 [WARNING ] crawl_pipeline.comments | Rate-limited (429). Waiting 6s (attempt 3/5)
2026-05-21 06:18:28 [WARNING ] crawl_pipeline.comments | Rate-limited (429). Waiting 6s (attempt 3/5)
2026-05-21 06:18:28 [WARNING ] crawl_pipeline.comments | Rate-limited (429). Waiting 6s (attempt 3/5)
2026-05-21 06:18:33 [WARNING ] crawl_pipeline.comments | Rate-limited (429). Waiting 8s (attempt 4/5)
2026-05-21 06:18:34 [WARNING ] crawl_pipeline.comments | Rate-limited (429). Waiting 8s (attempt 4/5)
2026-05-21 06:18:34 [WARNING ] crawl_pipeline.comments | Rate-limited (429). Waiting 8s (attempt 4/5)
2026-05-21 06:18:35 [WARNING ] crawl_pipeline.comments | Rate-limited (429). Waiting 8s (attempt 4/5)
2026-05-21 06:18:42 [WARNING ] crawl_pipeline.comments | Rate-limited (429). Waiting 10s (attempt 5/5)
2026-05-21 06:18:42 [WARNING ] crawl_pipeline.comments | Rate-limited (429). Waiting 10s (attempt 5/5)
2026-05-21 06:18:43 [WARNING ] crawl_pipeline.comments | Rate-limited (429). Waiting 10s (attempt 5/5)
2026-05-21 06:18:43 [WARNING ] crawl_pipeline.comments | Rate-limited (429). Waiting 10s (attempt 5/5)
2026-05-21 06:18:52 [ERROR   ] crawl_pipeline.comments | Could not fetch comments for post 1tiay9v: Failed after 5 retries: https://www.reddit.com/r/jualbeliindonesia/comments/1tiay9v.json
2026-05-21 06:18:52 [INFO    ] crawl_pipeline.worker-3 | [Worker 3] 1tiay9v done — 0 thread(s)
2026-05-21 06:18:52 [ERROR   ] crawl_pipeline.comments | Could not fetch comments for post 1thhb9d: Failed after 5 retries: https://www.reddit.com/r/Cekrek/comments/1thhb9d.json
2026-05-21 06:18:52 [INFO    ] crawl_pipeline.worker-2 | [Worker 2] 1thhb9d done — 0 thread(s)
2026-05-21 06:18:53 [ERROR   ] crawl_pipeline.comments | Could not fetch comments for post 1ti96k4: Failed after 5 retries: https://www.reddit.com/r/indotech/comments/1ti96k4.json
2026-05-21 06:18:53 [INFO    ] crawl_pipeline.worker-1 | [Worker 1] 1ti96k4 done — 0 thread(s)
2026-05-21 06:18:53 [ERROR   ] crawl_pipeline.comments | Could not fetch comments for post 1thkc4f: Failed after 5 retries: https://www.reddit.com/r/Cekrek/comments/1thkc4f.json
2026-05-21 06:18:53 [INFO    ] crawl_pipeline.worker-0 | [Worker 0] 1thkc4f done — 0 thread(s)
2026-05-21 06:18:54 [INFO    ] crawl_pipeline.worker-3 | [Worker 3] Processing 1thmeiz (BaliTravelTips) — "Stay advice..."
2026-05-21 06:18:54 [WARNING ] crawl_pipeline.comments | Rate-limited (429). Waiting 2s (attempt 1/5)
2026-05-21 06:18:54 [INFO    ] crawl_pipeline.worker-2 | [Worker 2] Processing 1thecgs (kulineria) — "Burger Showdown..."
2026-05-21 06:18:54 [WARNING ] crawl_pipeline.comments | Rate-limited (429). Waiting 2s (attempt 1/5)
2026-05-21 06:18:55 [INFO    ] crawl_pipeline.worker-1 | [Worker 1] Processing 1thvrtw (WkwkwkLand) — "Rupiah according to our neighbor..."
2026-05-21 06:18:55 [INFO    ] crawl_pipeline.worker-0 | [Worker 0] Processing 1then50 (indonesiabebas) — "Nobar Pesta Babi di Masjid..."
2026-05-21 06:18:55 [WARNING ] crawl_pipeline.comments | Rate-limited (429). Waiting 2s (attempt 1/5)
2026-05-21 06:18:55 [WARNING ] crawl_pipeline.comments | Rate-limited (429). Waiting 2s (attempt 1/5)
2026-05-21 06:18:56 [WARNING ] crawl_pipeline.comments | Rate-limited (429). Waiting 4s (attempt 2/5)
2026-05-21 06:18:57 [WARNING ] crawl_pipeline.comments | Rate-limited (429). Waiting 4s (attempt 2/5)
2026-05-21 06:18:57 [WARNING ] crawl_pipeline.comments | Rate-limited (429). Waiting 4s (attempt 2/5)
2026-05-21 06:18:57 [WARNING ] crawl_pipeline.comments | Rate-limited (429). Waiting 4s (attempt 2/5)
2026-05-21 06:19:00 [WARNING ] crawl_pipeline.comments | Rate-limited (429). Waiting 6s (attempt 3/5)
2026-05-21 06:19:01 [WARNING ] crawl_pipeline.comments | Rate-limited (429). Waiting 6s (attempt 3/5)
2026-05-21 06:19:01 [WARNING ] crawl_pipeline.comments | Rate-limited (429). Waiting 6s (attempt 3/5)
2026-05-21 06:19:01 [WARNING ] crawl_pipeline.comments | Rate-limited (429). Waiting 6s (attempt 3/5)
2026-05-21 06:19:07 [WARNING ] crawl_pipeline.comments | Rate-limited (429). Waiting 8s (attempt 4/5)
2026-05-21 06:19:07 [WARNING ] crawl_pipeline.comments | Rate-limited (429). Waiting 8s (attempt 4/5)
2026-05-21 06:19:08 [WARNING ] crawl_pipeline.comments | Rate-limited (429). Waiting 8s (attempt 4/5)
2026-05-21 06:19:08 [WARNING ] crawl_pipeline.comments | Rate-limited (429). Waiting 8s (attempt 4/5)
2026-05-21 06:19:15 [WARNING ] crawl_pipeline.comments | Rate-limited (429). Waiting 10s (attempt 5/5)
2026-05-21 06:19:15 [WARNING ] crawl_pipeline.comments | Rate-limited (429). Waiting 10s (attempt 5/5)
2026-05-21 06:19:16 [WARNING ] crawl_pipeline.comments | Rate-limited (429). Waiting 10s (attempt 5/5)
2026-05-21 06:19:16 [WARNING ] crawl_pipeline.comments | Rate-limited (429). Waiting 10s (attempt 5/5)
2026-05-21 06:19:25 [ERROR   ] crawl_pipeline.comments | Could not fetch comments for post 1thmeiz: Failed after 5 retries: https://www.reddit.com/r/BaliTravelTips/comments/1thmeiz.json
2026-05-21 06:19:25 [INFO    ] crawl_pipeline.worker-3 | [Worker 3] 1thmeiz done — 0 thread(s)
2026-05-21 06:19:25 [ERROR   ] crawl_pipeline.comments | Could not fetch comments for post 1thecgs: Failed after 5 retries: https://www.reddit.com/r/kulineria/comments/1thecgs.json
2026-05-21 06:19:25 [INFO    ] crawl_pipeline.worker-2 | [Worker 2] 1thecgs done — 0 thread(s)
2026-05-21 06:19:26 [ERROR   ] crawl_pipeline.comments | Could not fetch comments for post 1thvrtw: Failed after 5 retries: https://www.reddit.com/r/WkwkwkLand/comments/1thvrtw.json
2026-05-21 06:19:26 [INFO    ] crawl_pipeline.worker-1 | [Worker 1] 1thvrtw done — 0 thread(s)
2026-05-21 06:19:26 [ERROR   ] crawl_pipeline.comments | Could not fetch comments for post 1then50: Failed after 5 retries: https://www.reddit.com/r/indonesiabebas/comments/1then50.json
2026-05-21 06:19:26 [INFO    ] crawl_pipeline.worker-0 | [Worker 0] 1then50 done — 0 thread(s)
2026-05-21 06:19:27 [INFO    ] crawl_pipeline.worker-3 | [Worker 3] Processing 1tgrq3r (Perempuan) — "jilbab itu cantik, tapi bikin capek..."
2026-05-21 06:19:27 [INFO    ] crawl_pipeline.worker-2 | [Worker 2] Processing 1thrd8v (jualbeliindonesia) — "WTS Barrbone Mechanical Keyboard Koodo Solar..."
2026-05-21 06:19:27 [WARNING ] crawl_pipeline.comments | Rate-limited (429). Waiting 2s (attempt 1/5)
2026-05-21 06:19:28 [WARNING ] crawl_pipeline.comments | Rate-limited (429). Waiting 2s (attempt 1/5)
2026-05-21 06:19:28 [INFO    ] crawl_pipeline.worker-1 | [Worker 1] Received sentinel. Exiting.
2026-05-21 06:19:28 [INFO    ] crawl_pipeline.worker-0 | [Worker 0] Received sentinel. Exiting.
2026-05-21 06:19:28 [INFO    ] crawl_pipeline |   Worker CommentWorker-0 exited (code=0)
2026-05-21 06:19:28 [INFO    ] crawl_pipeline |   Worker CommentWorker-1 exited (code=0)
2026-05-21 06:19:30 [WARNING ] crawl_pipeline.comments | Rate-limited (429). Waiting 4s (attempt 2/5)
2026-05-21 06:19:30 [WARNING ] crawl_pipeline.comments | Rate-limited (429). Waiting 4s (attempt 2/5)
2026-05-21 06:19:34 [WARNING ] crawl_pipeline.comments | Rate-limited (429). Waiting 6s (attempt 3/5)
2026-05-21 06:19:34 [WARNING ] crawl_pipeline.comments | Rate-limited (429). Waiting 6s (attempt 3/5)
2026-05-21 06:19:40 [WARNING ] crawl_pipeline.comments | Rate-limited (429). Waiting 8s (attempt 4/5)
2026-05-21 06:19:40 [WARNING ] crawl_pipeline.comments | Rate-limited (429). Waiting 8s (attempt 4/5)
2026-05-21 06:19:48 [WARNING ] crawl_pipeline.comments | Rate-limited (429). Waiting 10s (attempt 5/5)
2026-05-21 06:19:48 [WARNING ] crawl_pipeline.comments | Rate-limited (429). Waiting 10s (attempt 5/5)
2026-05-21 06:19:58 [ERROR   ] crawl_pipeline.comments | Could not fetch comments for post 1tgrq3r: Failed after 5 retries: https://www.reddit.com/r/Perempuan/comments/1tgrq3r.json
2026-05-21 06:19:58 [INFO    ] crawl_pipeline.worker-3 | [Worker 3] 1tgrq3r done — 0 thread(s)
2026-05-21 06:19:58 [ERROR   ] crawl_pipeline.comments | Could not fetch comments for post 1thrd8v: Failed after 5 retries: https://www.reddit.com/r/jualbeliindonesia/comments/1thrd8v.json
2026-05-21 06:19:58 [INFO    ] crawl_pipeline.worker-2 | [Worker 2] 1thrd8v done — 0 thread(s)
2026-05-21 06:20:00 [INFO    ] crawl_pipeline.worker-3 | [Worker 3] Received sentinel. Exiting.
2026-05-21 06:20:00 [INFO    ] crawl_pipeline.worker-2 | [Worker 2] Received sentinel. Exiting.
2026-05-21 06:20:00 [INFO    ] crawl_pipeline |   Worker CommentWorker-2 exited (code=0)
2026-05-21 06:20:00 [INFO    ] crawl_pipeline |   Worker CommentWorker-3 exited (code=0)
2026-05-21 06:20:00 [INFO    ] crawl_pipeline | [Pipeline] Steps 1+2 complete in 1245.9s
2026-05-21 06:20:00 [INFO    ] crawl_pipeline | 
         (waiting 3s before Step 3)
2026-05-21 06:20:03 [INFO    ] crawl_pipeline | [Step 3] Running DataProcessing (UltraChat format)...
2026-05-21 06:20:03 [ERROR   ] crawl_pipeline |   DataProcessing v1 failed: Extra data: line 2 column 1 (char 3271)
2026-05-21 06:20:03 [INFO    ] crawl_pipeline | [Pipeline] Step 3 complete in 0.1s
2026-05-21 06:20:03 [INFO    ] crawl_pipeline | 
============================================================
2026-05-21 06:20:03 [INFO    ] crawl_pipeline |   Pipeline complete
2026-05-21 06:20:03 [INFO    ] crawl_pipeline |   Posts discovered        : 400
2026-05-21 06:20:03 [INFO    ] crawl_pipeline |   DB status               : {'done': 400}
2026-05-21 06:20:03 [INFO    ] crawl_pipeline |   Dataset v1 size         : 0
2026-05-21 06:20:03 [INFO    ] crawl_pipeline |   Dataset v2 size         : 165
2026-05-21 06:20:03 [INFO    ] crawl_pipeline |   Total time              : 1249.0s
2026-05-21 06:20:03 [INFO    ] crawl_pipeline |   Summary saved to        : DataOutput/pipeline_summary.json
2026-05-21 06:20:03 [INFO    ] crawl_pipeline | ============================================================
2026-05-21 06:23:20 [INFO    ] crawl_pipeline | ============================================================
2026-05-21 06:23:20 [INFO    ] crawl_pipeline |   Reddit Crawl Pipeline (producer-consumer)
2026-05-21 06:23:20 [INFO    ] crawl_pipeline |   Started : 2026-05-21 06:23:20 UTC
2026-05-21 06:23:20 [INFO    ] crawl_pipeline |   Workers : 4
2026-05-21 06:23:20 [INFO    ] crawl_pipeline |   Listings: hot, new, top, rising
2026-05-21 06:23:20 [INFO    ] crawl_pipeline | ============================================================
2026-05-21 06:23:20 [INFO    ] crawl_pipeline | 
[Step 1] Starting 4 comment worker(s)...
2026-05-21 06:23:20 [INFO    ] crawl_pipeline | [Step 2] Starting post producer (crawl_posts)...
2026-05-21 06:23:20 [INFO    ] crawl_pipeline |   Worker 0 started (pid=1931354)
2026-05-21 06:23:20 [INFO    ] crawl_pipeline |   Worker 1 started (pid=1931355)
2026-05-21 06:23:20 [INFO    ] crawl_pipeline |   Worker 2 started (pid=1931356)
2026-05-21 06:23:20 [INFO    ] crawl_pipeline.worker-0 | [Worker 0] Started.
2026-05-21 06:23:20 [INFO    ] crawl_pipeline |   Worker 3 started (pid=1931357)
2026-05-21 06:23:20 [INFO    ] crawl_pipeline.worker-1 | [Worker 1] Started.
2026-05-21 06:23:20 [INFO    ] crawl_pipeline.posts | [PostsCrawl] Listing: hot
2026-05-21 06:23:20 [INFO    ] crawl_pipeline.posts |   Resuming hot from cursor: t3_1thrd8v
2026-05-21 06:23:20 [INFO    ] crawl_pipeline.worker-3 | [Worker 3] Started.
2026-05-21 06:23:20 [INFO    ] crawl_pipeline.worker-2 | [Worker 2] Started.
2026-05-21 06:23:22 [INFO    ] crawl_pipeline.worker-0 | [Worker 0] Processing 1ti56r8 (indotech) — "Asking Desktop WhatsApp and Web..."
2026-05-21 06:23:22 [INFO    ] crawl_pipeline.worker-1 | [Worker 1] Processing 1ti38ud (indonesiabebas) — "KSAD: Tak Ada Instruksi Membubarkan Nobar Film Pesta Ba..."
2026-05-21 06:23:22 [INFO    ] crawl_pipeline.worker-3 | [Worker 3] Processing 1thh8r5 (BaliTravelTips) — "Chemical on Bali airport gate chair destroyed my clothe..."
2026-05-21 06:23:22 [INFO    ] crawl_pipeline.worker-2 | [Worker 2] Processing 1ti6xxd (indotech) — "Mapping Out Indonesia Aerospace Tech Sector - Help!..."
2026-05-21 06:23:22 [INFO    ] crawl_pipeline.posts |   [hot] page: 99 new, 1 skipped | listing total: 99
2026-05-21 06:23:22 [INFO    ] crawl_pipeline.worker-2 | [Worker 2] 1ti6xxd done — 0 thread(s)
2026-05-21 06:23:22 [INFO    ] crawl_pipeline.worker-1 | [Worker 1] 1ti38ud done — 0 thread(s)
2026-05-21 06:23:22 [INFO    ] crawl_pipeline.worker-0 | [Worker 0] 1ti56r8 done — 6 thread(s)
2026-05-21 06:23:22 [INFO    ] crawl_pipeline.worker-3 | [Worker 3] 1thh8r5 done — 0 thread(s)
2026-05-21 06:23:24 [INFO    ] crawl_pipeline.worker-2 | [Worker 2] Processing 1thlbsk (AdaIndonesiaCoy) — "WCGW trying to intimidate shopkeeper..."
2026-05-21 06:23:24 [INFO    ] crawl_pipeline.worker-1 | [Worker 1] Processing 1ti6p2w (indotech) — "VPN paling ok di Indo buat secure connection ke North A..."
2026-05-21 06:23:24 [INFO    ] crawl_pipeline.worker-0 | [Worker 0] Processing 1thg5d8 (indowibu) — "Regarding previous JAV/Porn ban announcement..."
2026-05-21 06:23:24 [INFO    ] crawl_pipeline.worker-3 | [Worker 3] Processing 1ti69lw (indotech) — "Hp android yang awet menurut pengalaman apa?..."
2026-05-21 06:23:24 [INFO    ] crawl_pipeline.worker-2 | [Worker 2] 1thlbsk done — 0 thread(s)
2026-05-21 06:23:24 [INFO    ] crawl_pipeline.worker-1 | [Worker 1] 1ti6p2w done — 5 thread(s)
2026-05-21 06:23:25 [INFO    ] crawl_pipeline.worker-3 | [Worker 3] 1ti69lw done — 0 thread(s)
2026-05-21 06:23:25 [INFO    ] crawl_pipeline.worker-0 | [Worker 0] 1thg5d8 done — 9 thread(s)
2026-05-21 06:23:25 [INFO    ] crawl_pipeline.posts |   [hot] page: 100 new, 0 skipped | listing total: 199
2026-05-21 06:23:26 [INFO    ] crawl_pipeline.worker-2 | [Worker 2] Processing 1thamdl (IndoGamer) — "Ati-Ati Bang Kalo Ngomong, Ntar Kedenger Lord Gaben..."
2026-05-21 06:23:26 [INFO    ] crawl_pipeline.worker-1 | [Worker 1] Processing 1tiifl9 (AdaIndonesiaCoy) — "......"
2026-05-21 06:23:27 [INFO    ] crawl_pipeline.worker-3 | [Worker 3] Processing 1thl78l (indonesiabebas) — "Pesta Babi: Kolonialisme di Zaman Kita (Full Movie)..."
2026-05-21 06:23:27 [INFO    ] crawl_pipeline.worker-0 | [Worker 0] Processing 1thnqbs (BaliTravelTips) — "Electronic Store to buy DJI action cam..."
2026-05-21 06:23:27 [INFO    ] crawl_pipeline.worker-2 | [Worker 2] 1thamdl done — 0 thread(s)
2026-05-21 06:23:27 [INFO    ] crawl_pipeline.worker-1 | [Worker 1] 1tiifl9 done — 0 thread(s)
2026-05-21 06:23:27 [INFO    ] crawl_pipeline.worker-3 | [Worker 3] 1thl78l done — 0 thread(s)
2026-05-21 06:23:27 [INFO    ] crawl_pipeline.worker-0 | [Worker 0] 1thnqbs done — 1 thread(s)
2026-05-21 06:23:29 [INFO    ] crawl_pipeline.worker-2 | [Worker 2] Processing 1thkrza (IndoGamer) — "Last Origin R+ : Some region will be excluded or be get..."
2026-05-21 06:23:29 [INFO    ] crawl_pipeline.worker-1 | [Worker 1] Processing 1they4x (indonesiabebas) — "Indowibu has fallen, billion must not goon..."
2026-05-21 06:23:29 [INFO    ] crawl_pipeline.worker-3 | [Worker 3] Processing 1thdd46 (indotech) — "Provider internet yang paling takut ga dibayar..."
2026-05-21 06:23:29 [INFO    ] crawl_pipeline.worker-0 | [Worker 0] Processing 1tho2m8 (indonesia) — "Tekan Tawuran, Pramono Resmikan Ring Tinju Kolong Fly O..."
2026-05-21 06:23:29 [INFO    ] crawl_pipeline.worker-2 | [Worker 2] 1thkrza done — 0 thread(s)
2026-05-21 06:23:29 [INFO    ] crawl_pipeline.worker-1 | [Worker 1] 1they4x done — 0 thread(s)
2026-05-21 06:23:29 [INFO    ] crawl_pipeline.worker-3 | [Worker 3] 1thdd46 done — 0 thread(s)
2026-05-21 06:23:29 [INFO    ] crawl_pipeline.worker-0 | [Worker 0] 1tho2m8 done — 0 thread(s)
2026-05-21 06:23:31 [INFO    ] crawl_pipeline.worker-2 | [Worker 2] Processing 1thdjdx (Bandung) — "pretty much..."
2026-05-21 06:23:31 [INFO    ] crawl_pipeline.worker-1 | [Worker 1] Processing 1thdocy (indonesiabebas) — "Tni vs becuk..."
2026-05-21 06:23:31 [INFO    ] crawl_pipeline.worker-3 | [Worker 3] Processing 1thh6dn (WkwkwkLand) — "APAKAH INI AJAKAN UNTUK MENUJU INDONESIA YANG RAMAH LIN..."
2026-05-21 06:23:31 [INFO    ] crawl_pipeline.worker-0 | [Worker 0] Processing 1thlt9w (indonesia) — "Kecelakaan maut melibatkan dua dump truk angkutan batu ..."
2026-05-21 06:23:31 [INFO    ] crawl_pipeline.worker-1 | [Worker 1] 1thdocy done — 0 thread(s)
2026-05-21 06:23:32 [INFO    ] crawl_pipeline.worker-2 | [Worker 2] 1thdjdx done — 0 thread(s)
2026-05-21 06:23:32 [INFO    ] crawl_pipeline.worker-0 | [Worker 0] 1thlt9w done — 0 thread(s)
2026-05-21 06:23:32 [INFO    ] crawl_pipeline.worker-3 | [Worker 3] 1thh6dn done — 0 thread(s)
2026-05-21 06:23:33 [INFO    ] crawl_pipeline.worker-1 | [Worker 1] Processing 1thbozu (indonesia) — "CELIOS is doing a better job as opposition than the lit..."
2026-05-21 06:23:34 [INFO    ] crawl_pipeline.worker-2 | [Worker 2] Processing 1tigik4 (WkwkwkLand) — "What have I done..."
2026-05-21 06:23:34 [INFO    ] crawl_pipeline.worker-0 | [Worker 0] Processing 1tiajne (WkwkwkLand) — "Pengen banget main Road Rash ya..."
2026-05-21 06:23:34 [INFO    ] crawl_pipeline.worker-2 | [Worker 2] 1tigik4 done — 0 thread(s)
2026-05-21 06:23:34 [INFO    ] crawl_pipeline.worker-3 | [Worker 3] Processing 1thuq3a (indonesia) — "Defisit APBN Menyusut ke Rp164,4 Triliun hingga April 2..."
2026-05-21 06:23:34 [INFO    ] crawl_pipeline.worker-0 | [Worker 0] 1tiajne done — 0 thread(s)
2026-05-21 06:23:34 [INFO    ] crawl_pipeline.worker-1 | [Worker 1] 1thbozu done — 0 thread(s)
2026-05-21 06:23:34 [INFO    ] crawl_pipeline.worker-3 | [Worker 3] 1thuq3a done — 0 thread(s)
2026-05-21 06:23:36 [INFO    ] crawl_pipeline.worker-2 | [Worker 2] Processing 1thm3a8 (WkwkwkLand) — "Apakah akan menyentuh 18.000,00 Rupiah?..."
2026-05-21 06:23:36 [INFO    ] crawl_pipeline.worker-0 | [Worker 0] Processing 1thibar (indonesia) — "Amukan Dolar AS Sudah Terasa Sampai Pedagang dan Petani..."
2026-05-21 06:23:36 [INFO    ] crawl_pipeline.worker-1 | [Worker 1] Processing 1ti18k9 (WkwkwkLand) — "Orangnya sampai mau ke tanah suci..."
2026-05-21 06:23:36 [INFO    ] crawl_pipeline.worker-1 | [Worker 1] 1ti18k9 done — 0 thread(s)
2026-05-21 06:23:36 [INFO    ] crawl_pipeline.worker-3 | [Worker 3] Processing 1ti4vbg (jualbeliindonesia) — "WTB Steamdeck OLED / LEGION GO..."
2026-05-21 06:23:37 [INFO    ] crawl_pipeline.worker-2 | [Worker 2] 1thm3a8 done — 0 thread(s)
2026-05-21 06:23:37 [INFO    ] crawl_pipeline.worker-3 | [Worker 3] 1ti4vbg done — 1 thread(s)
2026-05-21 06:23:37 [INFO    ] crawl_pipeline.worker-0 | [Worker 0] 1thibar done — 0 thread(s)
2026-05-21 06:23:38 [INFO    ] crawl_pipeline.worker-1 | [Worker 1] Processing 1thl7jk (indowibu) — "Nagi-chan ( 🎨: @AANtapl0izZV1rh / 桃色幾何 )..."
2026-05-21 06:23:39 [INFO    ] crawl_pipeline.worker-2 | [Worker 2] Processing 1ti8ycy (indonesia) — "Komdigi Godok Kewajiban Nomor Telepon untuk Akun Media ..."
2026-05-21 06:23:39 [INFO    ] crawl_pipeline.worker-3 | [Worker 3] Processing 1thyff1 (indotech) — "Yang ngerti soal akun gmail ke hack, tolong guys..."
2026-05-21 06:23:39 [INFO    ] crawl_pipeline.worker-1 | [Worker 1] 1thl7jk done — 0 thread(s)
2026-05-21 06:23:39 [INFO    ] crawl_pipeline.worker-0 | [Worker 0] Processing 1thai8a (jualbeliindonesia) — "WTS Sony WH-1000XM5..."
2026-05-21 06:23:39 [INFO    ] crawl_pipeline.worker-2 | [Worker 2] 1ti8ycy done — 0 thread(s)
2026-05-21 06:23:39 [INFO    ] crawl_pipeline.worker-3 | [Worker 3] 1thyff1 done — 4 thread(s)
2026-05-21 06:23:39 [INFO    ] crawl_pipeline.worker-0 | [Worker 0] 1thai8a done — 0 thread(s)
2026-05-21 06:23:41 [INFO    ] crawl_pipeline.worker-1 | [Worker 1] Processing 1thdred (indowibu) — "Bagaimana cara 8man dan yukinon niiah..."
2026-05-21 06:23:41 [INFO    ] crawl_pipeline.worker-2 | [Worker 2] Processing 1thdis1 (indonesia) — "pretty much..."
2026-05-21 06:23:41 [INFO    ] crawl_pipeline.worker-3 | [Worker 3] Processing 1thdcdm (finansial) — "Concern tentang rupiah..."
2026-05-21 06:23:41 [INFO    ] crawl_pipeline.worker-1 | [Worker 1] 1thdred done — 0 thread(s)
2026-05-21 06:23:41 [INFO    ] crawl_pipeline.worker-0 | [Worker 0] Processing 1thksp8 (BaliTravelTips) — "Need advise for yogya + east java planning..."
2026-05-21 06:23:42 [INFO    ] crawl_pipeline.worker-0 | [Worker 0] 1thksp8 done — 1 thread(s)
2026-05-21 06:23:42 [INFO    ] crawl_pipeline.worker-2 | [Worker 2] 1thdis1 done — 0 thread(s)
2026-05-21 06:23:42 [INFO    ] crawl_pipeline.worker-3 | [Worker 3] 1thdcdm done — 16 thread(s)
2026-05-21 06:23:43 [INFO    ] crawl_pipeline.worker-1 | [Worker 1] Processing 1thjs64 (indowibu) — "No Longer Human..."
2026-05-21 06:23:43 [INFO    ] crawl_pipeline.worker-1 | [Worker 1] 1thjs64 done — 0 thread(s)
2026-05-21 06:23:44 [INFO    ] crawl_pipeline.worker-0 | [Worker 0] Processing 1thmg0d (finansial) — "Butuh Saran Karir..."
2026-05-21 06:23:44 [INFO    ] crawl_pipeline.worker-2 | [Worker 2] Processing 1thawdy (indonesia) — "Is prabowo gay?..."
2026-05-21 06:23:44 [INFO    ] crawl_pipeline.worker-0 | [Worker 0] 1thmg0d done — 2 thread(s)
2026-05-21 06:23:44 [INFO    ] crawl_pipeline.worker-3 | [Worker 3] Processing 1thkjg8 (indotech) — "Ini beneran harga ngebug atau memang penjualnya yang ag..."
2026-05-21 06:23:44 [INFO    ] crawl_pipeline.worker-3 | [Worker 3] 1thkjg8 done — 0 thread(s)
2026-05-21 06:23:45 [INFO    ] crawl_pipeline.worker-1 | [Worker 1] Processing 1thppld (AdaIndonesiaCoy) — "Bahasa Indonesia mendunia..."
2026-05-21 06:23:46 [INFO    ] crawl_pipeline.worker-1 | [Worker 1] 1thppld done — 0 thread(s)
2026-05-21 06:23:46 [INFO    ] crawl_pipeline.worker-0 | [Worker 0] Processing 1tib8kg (AdaIndonesiaCoy) — "Pencak Silat mentioned in Manhwa/Webtoon Study Group..."
2026-05-21 06:23:46 [INFO    ] crawl_pipeline.worker-0 | [Worker 0] 1tib8kg done — 0 thread(s)
2026-05-21 06:23:46 [INFO    ] crawl_pipeline.worker-3 | [Worker 3] Processing 1thrz79 (IndoGamer) — "Beli game fisik di Playasia aman kah?..."
2026-05-21 06:23:47 [INFO    ] crawl_pipeline.worker-3 | [Worker 3] 1thrz79 done — 0 thread(s)
2026-05-21 06:23:48 [INFO    ] crawl_pipeline.worker-1 | [Worker 1] Processing 1thtsci (indotech) — "Claude-powered AI coding agent deletes entire company d..."
2026-05-21 06:23:48 [INFO    ] crawl_pipeline.worker-0 | [Worker 0] Processing 1thk27b (BaliTravelTips) — "Rented scooter without license plates..."
2026-05-21 06:23:48 [INFO    ] crawl_pipeline.worker-1 | [Worker 1] 1thtsci done — 0 thread(s)
2026-05-21 06:23:48 [INFO    ] crawl_pipeline.worker-0 | [Worker 0] 1thk27b done — 1 thread(s)
2026-05-21 06:23:49 [INFO    ] crawl_pipeline.worker-3 | [Worker 3] Processing 1thuxsd (indotech) — "UI HP Android Favorit di Indo..."
2026-05-21 06:23:49 [INFO    ] crawl_pipeline.worker-3 | [Worker 3] 1thuxsd done — 2 thread(s)
2026-05-21 06:23:50 [INFO    ] crawl_pipeline.worker-1 | [Worker 1] Processing 1tiaoeg (WkwkwkLand) — "Seabank Pinjam, tidak tersedia di Aceh..."
2026-05-21 06:23:50 [INFO    ] crawl_pipeline.worker-0 | [Worker 0] Processing 1thjmfu (BaliTravelTips) — "East Java trip..."
2026-05-21 06:23:51 [INFO    ] crawl_pipeline.worker-1 | [Worker 1] 1tiaoeg done — 0 thread(s)
2026-05-21 06:23:51 [INFO    ] crawl_pipeline.worker-0 | [Worker 0] 1thjmfu done — 0 thread(s)
2026-05-21 06:23:51 [INFO    ] crawl_pipeline.worker-3 | [Worker 3] Processing 1tg9ka0 (indocartalk) — "Honda’s Strategy for ASEAN (And China + India) After Th..."
2026-05-21 06:23:51 [INFO    ] crawl_pipeline.worker-3 | [Worker 3] 1tg9ka0 done — 0 thread(s)
2026-05-21 06:23:53 [INFO    ] crawl_pipeline.worker-1 | [Worker 1] Processing 1th5v40 (indowibu) — "Sos nama manga..."
2026-05-21 06:23:53 [INFO    ] crawl_pipeline.worker-0 | [Worker 0] Processing 1thdhhh (indonesia) — "Bantu UMKM katanya..."
2026-05-21 06:23:53 [INFO    ] crawl_pipeline.worker-1 | [Worker 1] 1th5v40 done — 0 thread(s)
2026-05-21 06:23:53 [INFO    ] crawl_pipeline.worker-0 | [Worker 0] 1thdhhh done — 0 thread(s)
2026-05-21 06:23:53 [INFO    ] crawl_pipeline.worker-3 | [Worker 3] Processing 1thjile (BaliTravelTips) — "Looking for begginer surf spots in Bali..."
2026-05-21 06:23:54 [INFO    ] crawl_pipeline.worker-3 | [Worker 3] 1thjile done — 2 thread(s)
2026-05-21 06:23:55 [INFO    ] crawl_pipeline.worker-1 | [Worker 1] Processing 1thsglh (jualbeliindonesia) — "WTS Silicon Power (SPCC) Ace A55 1TB SATA III SSD..."
2026-05-21 06:23:55 [INFO    ] crawl_pipeline.worker-0 | [Worker 0] Processing 1thkrgy (indowibu) — "Last Origin R+ : Some region will be excluded or be get..."
2026-05-21 06:23:55 [INFO    ] crawl_pipeline.worker-1 | [Worker 1] 1thsglh done — 0 thread(s)
2026-05-21 06:23:55 [INFO    ] crawl_pipeline.worker-0 | [Worker 0] 1thkrgy done — 0 thread(s)
2026-05-21 06:23:56 [INFO    ] crawl_pipeline.worker-3 | [Worker 3] Processing 1thnc6a (indonesia) — "Purbaya dijadwalkan berangkat haji..."
2026-05-21 06:23:56 [INFO    ] crawl_pipeline.worker-3 | [Worker 3] 1thnc6a done — 0 thread(s)
2026-05-21 06:23:57 [INFO    ] crawl_pipeline.worker-1 | [Worker 1] Processing 1thnlyx (IndoGamer) — "Kalian yang ada pengalaman main video game "Monopoly", ..."
2026-05-21 06:23:57 [INFO    ] crawl_pipeline.worker-0 | [Worker 0] Processing 1th7zj4 (Bandung) — "Average Kopo traffic...."
2026-05-21 06:23:58 [INFO    ] crawl_pipeline.worker-1 | [Worker 1] 1thnlyx done — 2 thread(s)
2026-05-21 06:23:58 [INFO    ] crawl_pipeline.worker-0 | [Worker 0] 1th7zj4 done — 0 thread(s)
2026-05-21 06:23:58 [INFO    ] crawl_pipeline.worker-3 | [Worker 3] Processing 1thg5ax (jualbeliindonesia) — "WTS Koleksi Kaset Pita/Cassettes Lama | Rp15,000 - Rp28..."
2026-05-21 06:23:59 [INFO    ] crawl_pipeline.worker-3 | [Worker 3] 1thg5ax done — 0 thread(s)
2026-05-21 06:24:00 [INFO    ] crawl_pipeline.worker-1 | [Worker 1] Processing 1thl14j (WkwkwkLand) — "Menyala Truk-kun..."
2026-05-21 06:24:00 [INFO    ] crawl_pipeline.worker-0 | [Worker 0] Processing 1thadgf (bali) — "Any questions about Bali?..."
2026-05-21 06:24:00 [INFO    ] crawl_pipeline.worker-1 | [Worker 1] 1thl14j done — 0 thread(s)
2026-05-21 06:24:00 [INFO    ] crawl_pipeline.worker-0 | [Worker 0] 1thadgf done — 18 thread(s)
2026-05-21 06:24:01 [INFO    ] crawl_pipeline.worker-3 | [Worker 3] Processing 1thdhlf (indowibu) — "JAV/Porn Posts will no longer be allowed..."
2026-05-21 06:24:01 [INFO    ] crawl_pipeline.worker-3 | [Worker 3] 1thdhlf done — 0 thread(s)
2026-05-21 06:24:02 [INFO    ] crawl_pipeline.worker-1 | [Worker 1] Processing 1thhfr8 (indonesiabebas) — "THE PLATEEE 🫪🫪..."
2026-05-21 06:24:02 [INFO    ] crawl_pipeline.worker-1 | [Worker 1] 1thhfr8 done — 0 thread(s)
2026-05-21 06:24:02 [INFO    ] crawl_pipeline.worker-0 | [Worker 0] Processing 1tj4mw0 (WkwkwkLand) — "Pesta Sapi..."
2026-05-21 06:24:03 [INFO    ] crawl_pipeline.worker-0 | [Worker 0] 1tj4mw0 done — 0 thread(s)
2026-05-21 06:24:03 [INFO    ] crawl_pipeline.worker-3 | [Worker 3] Processing 1thhdec (WkwkwkLand) — "Duh gusti... 💀..."
2026-05-21 06:24:03 [INFO    ] crawl_pipeline.worker-3 | [Worker 3] 1thhdec done — 0 thread(s)
2026-05-21 06:24:04 [INFO    ] crawl_pipeline.worker-1 | [Worker 1] Processing 1ti57b4 (indonesia) — "20 May 2026 - Daily Chat Thread..."
2026-05-21 06:24:05 [INFO    ] crawl_pipeline.worker-0 | [Worker 0] Processing 1tj7agb (indonesia) — "Langkah-langkah menuju Indonesia Maju..."
2026-05-21 06:24:05 [INFO    ] crawl_pipeline.worker-3 | [Worker 3] Processing 1thf2ch (WkwkwkLand) — ""Rakyat di desa gak pakai dollar kok"..."
2026-05-21 06:24:06 [INFO    ] crawl_pipeline.worker-0 | [Worker 0] 1tj7agb done — 0 thread(s)
2026-05-21 06:24:06 [INFO    ] crawl_pipeline.worker-3 | [Worker 3] 1thf2ch done — 0 thread(s)
2026-05-21 06:24:06 [INFO    ] crawl_pipeline.worker-1 | [Worker 1] 1ti57b4 done — 34 thread(s)
2026-05-21 06:24:08 [INFO    ] crawl_pipeline.worker-0 | [Worker 0] Processing 1thd6i1 (jualbeliindonesia) — "WTS Lenovo LOQ 15 Gen 9 i5 13450HX + RTX 3050 6GB Secon..."
2026-05-21 06:24:08 [INFO    ] crawl_pipeline.worker-3 | [Worker 3] Processing 1thrj6b (indonesia) — "How to use bu and mba when talking to Indonesian women?..."
2026-05-21 06:24:08 [INFO    ] crawl_pipeline.worker-0 | [Worker 0] 1thd6i1 done — 0 thread(s)
2026-05-21 06:24:08 [INFO    ] crawl_pipeline.worker-1 | [Worker 1] Processing 1tijn76 (WkwkwkLand) — "mirip siapa gituloh..."
2026-05-21 06:24:08 [INFO    ] crawl_pipeline.worker-1 | [Worker 1] 1tijn76 done — 0 thread(s)
2026-05-21 06:24:08 [INFO    ] crawl_pipeline.worker-3 | [Worker 3] 1thrj6b done — 8 thread(s)
2026-05-21 06:24:10 [INFO    ] crawl_pipeline.worker-0 | [Worker 0] Processing 1the8rp (WkwkwkLand) — "bisa yuk dev pikaboo bikin game..."
2026-05-21 06:24:10 [INFO    ] crawl_pipeline.worker-1 | [Worker 1] Processing 1thbvzw (indonesia) — ""Kalau Anda mau menghancurkan suatu negara, hancurkanla..."
2026-05-21 06:24:10 [INFO    ] crawl_pipeline.worker-3 | [Worker 3] Processing 1thru87 (indonesia) — "On this day twenty-one years ago, Fajar Utama Ekspres c..."
2026-05-21 06:24:10 [INFO    ] crawl_pipeline.worker-0 | [Worker 0] 1the8rp done — 0 thread(s)
2026-05-21 06:24:11 [INFO    ] crawl_pipeline.worker-3 | [Worker 3] 1thru87 done — 0 thread(s)
2026-05-21 06:24:11 [INFO    ] crawl_pipeline.worker-1 | [Worker 1] 1thbvzw done — 0 thread(s)
2026-05-21 06:24:12 [INFO    ] crawl_pipeline.worker-0 | [Worker 0] Processing 1thslsh (jualbeliindonesia) — "WTS mobo MSI B760M-P Pro ddr4..."
2026-05-21 06:24:13 [INFO    ] crawl_pipeline.worker-0 | [Worker 0] 1thslsh done — 0 thread(s)
2026-05-21 06:24:13 [INFO    ] crawl_pipeline.worker-3 | [Worker 3] Processing 1thbqt0 (jualbeliindonesia) — "WTS Melon Premium The Blues Rp 40.000 / kg..."
2026-05-21 06:24:13 [INFO    ] crawl_pipeline.worker-3 | [Worker 3] 1thbqt0 done — 0 thread(s)
2026-05-21 06:24:13 [INFO    ] crawl_pipeline.worker-1 | [Worker 1] Processing 1thnsvx (indotech) — "Tidak bisa login WhatsApp di Oppo A12..."
2026-05-21 06:24:13 [WARNING ] crawl_pipeline.comments | Rate-limited (429). Waiting 2s (attempt 1/5)
2026-05-21 06:24:14 [WARNING ] crawl_pipeline.comments | Rate-limited (429). Waiting 2s (attempt 1/5)
2026-05-21 06:24:15 [INFO    ] crawl_pipeline.worker-0 | [Worker 0] Processing 1thckmk (WkwkwkLand) — "Mertua kayak gini? Pecat aja dah..."
2026-05-21 06:24:15 [WARNING ] crawl_pipeline.comments | Rate-limited (429). Waiting 2s (attempt 1/5)
2026-05-21 06:24:15 [INFO    ] crawl_pipeline.worker-3 | [Worker 3] Processing 1th7lf6 (BaliTravelTips) — "1st time in Bali..."
2026-05-21 06:24:15 [WARNING ] crawl_pipeline.comments | Rate-limited (429). Waiting 2s (attempt 1/5)
2026-05-21 06:24:16 [WARNING ] crawl_pipeline.comments | Rate-limited (429). Waiting 4s (attempt 2/5)
2026-05-21 06:24:16 [WARNING ] crawl_pipeline.comments | Rate-limited (429). Waiting 4s (attempt 2/5)
2026-05-21 06:24:17 [WARNING ] crawl_pipeline.comments | Rate-limited (429). Waiting 4s (attempt 2/5)
2026-05-21 06:24:17 [WARNING ] crawl_pipeline.comments | Rate-limited (429). Waiting 4s (attempt 2/5)
2026-05-21 06:24:20 [WARNING ] crawl_pipeline.comments | Rate-limited (429). Waiting 6s (attempt 3/5)
2026-05-21 06:24:20 [WARNING ] crawl_pipeline.comments | Rate-limited (429). Waiting 6s (attempt 3/5)
2026-05-21 06:24:21 [WARNING ] crawl_pipeline.comments | Rate-limited (429). Waiting 6s (attempt 3/5)
2026-05-21 06:24:22 [WARNING ] crawl_pipeline.comments | Rate-limited (429). Waiting 6s (attempt 3/5)
2026-05-21 06:24:26 [WARNING ] crawl_pipeline.comments | Rate-limited (429). Waiting 8s (attempt 4/5)
2026-05-21 06:24:27 [WARNING ] crawl_pipeline.comments | Rate-limited (429). Waiting 8s (attempt 4/5)
2026-05-21 06:24:27 [WARNING ] crawl_pipeline.comments | Rate-limited (429). Waiting 8s (attempt 4/5)
2026-05-21 06:24:28 [WARNING ] crawl_pipeline.comments | Rate-limited (429). Waiting 8s (attempt 4/5)
2026-05-21 06:24:34 [WARNING ] crawl_pipeline.comments | Rate-limited (429). Waiting 10s (attempt 5/5)
2026-05-21 06:24:35 [WARNING ] crawl_pipeline.comments | Rate-limited (429). Waiting 10s (attempt 5/5)
2026-05-21 06:24:36 [WARNING ] crawl_pipeline.comments | Rate-limited (429). Waiting 10s (attempt 5/5)
2026-05-21 06:24:36 [WARNING ] crawl_pipeline.comments | Rate-limited (429). Waiting 10s (attempt 5/5)
2026-05-21 06:24:44 [ERROR   ] crawl_pipeline.comments | Could not fetch comments for post 1thnsvx: Failed after 5 retries: https://www.reddit.com/r/indotech/comments/1thnsvx.json
2026-05-21 06:24:44 [INFO    ] crawl_pipeline.worker-1 | [Worker 1] 1thnsvx done — 0 thread(s)
2026-05-21 06:24:45 [WARNING ] crawl_pipeline.comments | morechildren API error: Failed after 5 retries: https://www.reddit.com/api/morechildren
2026-05-21 06:24:46 [ERROR   ] crawl_pipeline.comments | Could not fetch comments for post 1thckmk: Failed after 5 retries: https://www.reddit.com/r/WkwkwkLand/comments/1thckmk.json
2026-05-21 06:24:46 [INFO    ] crawl_pipeline.worker-0 | [Worker 0] 1thckmk done — 0 thread(s)
2026-05-21 06:24:46 [ERROR   ] crawl_pipeline.comments | Could not fetch comments for post 1th7lf6: Failed after 5 retries: https://www.reddit.com/r/BaliTravelTips/comments/1th7lf6.json
2026-05-21 06:24:46 [INFO    ] crawl_pipeline.worker-3 | [Worker 3] 1th7lf6 done — 0 thread(s)
2026-05-21 06:24:46 [INFO    ] crawl_pipeline.worker-1 | [Worker 1] Processing 1thiv5y (finansial) — "Tabungan 30K EUR (~IDR600mil++) harus diapain?..."
2026-05-21 06:24:46 [WARNING ] crawl_pipeline.comments | Rate-limited (429). Waiting 2s (attempt 1/5)
2026-05-21 06:24:47 [WARNING ] crawl_pipeline.comments | Rate-limited (429). Waiting 2s (attempt 1/5)
2026-05-21 06:24:48 [INFO    ] crawl_pipeline.worker-0 | [Worker 0] Processing 1thmo9e (WkwkwkLand) — "Aku gatau apakah 17.845 bakal lucu atau gak, karena nge..."
2026-05-21 06:24:48 [WARNING ] crawl_pipeline.comments | Rate-limited (429). Waiting 2s (attempt 1/5)
2026-05-21 06:24:48 [INFO    ] crawl_pipeline.worker-3 | [Worker 3] Processing 1thff4x (indonesia) — "Many Chindo Komodos are still carrying the emotional we..."
2026-05-21 06:24:48 [WARNING ] crawl_pipeline.comments | Rate-limited (429). Waiting 2s (attempt 1/5)
2026-05-21 06:24:49 [WARNING ] crawl_pipeline.comments | Rate-limited (429). Waiting 4s (attempt 2/5)
2026-05-21 06:24:49 [WARNING ] crawl_pipeline.comments | Rate-limited (429). Waiting 4s (attempt 2/5)
2026-05-21 06:24:50 [WARNING ] crawl_pipeline.comments | Rate-limited (429). Waiting 4s (attempt 2/5)
2026-05-21 06:24:50 [WARNING ] crawl_pipeline.comments | Rate-limited (429). Waiting 4s (attempt 2/5)
2026-05-21 06:24:53 [WARNING ] crawl_pipeline.comments | Rate-limited (429). Waiting 6s (attempt 3/5)
2026-05-21 06:24:53 [WARNING ] crawl_pipeline.comments | Rate-limited (429). Waiting 6s (attempt 3/5)
2026-05-21 06:24:54 [WARNING ] crawl_pipeline.comments | Rate-limited (429). Waiting 6s (attempt 3/5)
2026-05-21 06:24:55 [WARNING ] crawl_pipeline.comments | Rate-limited (429). Waiting 6s (attempt 3/5)
2026-05-21 06:24:59 [WARNING ] crawl_pipeline.comments | Rate-limited (429). Waiting 8s (attempt 4/5)
2026-05-21 06:24:59 [WARNING ] crawl_pipeline.comments | Rate-limited (429). Waiting 8s (attempt 4/5)
2026-05-21 06:25:01 [WARNING ] crawl_pipeline.comments | Rate-limited (429). Waiting 8s (attempt 4/5)
2026-05-21 06:25:01 [WARNING ] crawl_pipeline.comments | Rate-limited (429). Waiting 8s (attempt 4/5)
2026-05-21 06:25:07 [WARNING ] crawl_pipeline.comments | Rate-limited (429). Waiting 10s (attempt 5/5)
2026-05-21 06:25:08 [WARNING ] crawl_pipeline.comments | Rate-limited (429). Waiting 10s (attempt 5/5)
2026-05-21 06:25:09 [WARNING ] crawl_pipeline.comments | Rate-limited (429). Waiting 10s (attempt 5/5)
2026-05-21 06:25:09 [WARNING ] crawl_pipeline.comments | Rate-limited (429). Waiting 10s (attempt 5/5)
2026-05-21 06:25:17 [ERROR   ] crawl_pipeline.comments | Could not fetch comments for post 1thiv5y: Failed after 5 retries: https://www.reddit.com/r/finansial/comments/1thiv5y.json
2026-05-21 06:25:17 [INFO    ] crawl_pipeline.worker-1 | [Worker 1] 1thiv5y done — 0 thread(s)
2026-05-21 06:25:18 [WARNING ] crawl_pipeline.comments | morechildren API error: Failed after 5 retries: https://www.reddit.com/api/morechildren
2026-05-21 06:25:19 [ERROR   ] crawl_pipeline.comments | Could not fetch comments for post 1thmo9e: Failed after 5 retries: https://www.reddit.com/r/WkwkwkLand/comments/1thmo9e.json
2026-05-21 06:25:19 [INFO    ] crawl_pipeline.worker-0 | [Worker 0] 1thmo9e done — 0 thread(s)
2026-05-21 06:25:19 [WARNING ] crawl_pipeline.comments | Rate-limited (429). Waiting 2s (attempt 1/5)
2026-05-21 06:25:19 [ERROR   ] crawl_pipeline.comments | Could not fetch comments for post 1thff4x: Failed after 5 retries: https://www.reddit.com/r/indonesia/comments/1thff4x.json
2026-05-21 06:25:19 [INFO    ] crawl_pipeline.worker-3 | [Worker 3] 1thff4x done — 0 thread(s)
2026-05-21 06:25:19 [INFO    ] crawl_pipeline.worker-1 | [Worker 1] Processing 1tii5oc (WkwkwkLand) — "Type shit..."
2026-05-21 06:25:20 [WARNING ] crawl_pipeline.comments | Rate-limited (429). Waiting 2s (attempt 1/5)
2026-05-21 06:25:21 [INFO    ] crawl_pipeline.worker-0 | [Worker 0] Processing 1thgz0h (AdaIndonesiaCoy) — "Ada yang tau lokasi kejadian + link berita?..."
2026-05-21 06:25:21 [WARNING ] crawl_pipeline.comments | Rate-limited (429). Waiting 2s (attempt 1/5)
2026-05-21 06:25:21 [WARNING ] crawl_pipeline.comments | Rate-limited (429). Waiting 4s (attempt 2/5)
2026-05-21 06:25:21 [INFO    ] crawl_pipeline.worker-3 | [Worker 3] Processing 1tg59b7 (surabaya) — "Pink Perfection in the Garden 💖..."
2026-05-21 06:25:21 [WARNING ] crawl_pipeline.comments | Rate-limited (429). Waiting 2s (attempt 1/5)
2026-05-21 06:25:22 [WARNING ] crawl_pipeline.comments | Rate-limited (429). Waiting 4s (attempt 2/5)
2026-05-21 06:25:23 [WARNING ] crawl_pipeline.comments | Rate-limited (429). Waiting 4s (attempt 2/5)
2026-05-21 06:25:23 [WARNING ] crawl_pipeline.comments | Rate-limited (429). Waiting 4s (attempt 2/5)
2026-05-21 06:25:25 [WARNING ] crawl_pipeline.comments | Rate-limited (429). Waiting 6s (attempt 3/5)
2026-05-21 06:25:26 [WARNING ] crawl_pipeline.comments | Rate-limited (429). Waiting 6s (attempt 3/5)
2026-05-21 06:25:27 [WARNING ] crawl_pipeline.comments | Rate-limited (429). Waiting 6s (attempt 3/5)
2026-05-21 06:25:28 [WARNING ] crawl_pipeline.comments | Rate-limited (429). Waiting 6s (attempt 3/5)
2026-05-21 06:25:31 [WARNING ] crawl_pipeline.comments | Rate-limited (429). Waiting 8s (attempt 4/5)
2026-05-21 06:25:33 [WARNING ] crawl_pipeline.comments | Rate-limited (429). Waiting 8s (attempt 4/5)
2026-05-21 06:25:34 [WARNING ] crawl_pipeline.comments | Rate-limited (429). Waiting 8s (attempt 4/5)
2026-05-21 06:25:34 [WARNING ] crawl_pipeline.comments | Rate-limited (429). Waiting 8s (attempt 4/5)
2026-05-21 06:25:40 [WARNING ] crawl_pipeline.comments | Rate-limited (429). Waiting 10s (attempt 5/5)
2026-05-21 06:25:41 [WARNING ] crawl_pipeline.comments | Rate-limited (429). Waiting 10s (attempt 5/5)
2026-05-21 06:25:42 [WARNING ] crawl_pipeline.comments | Rate-limited (429). Waiting 10s (attempt 5/5)
2026-05-21 06:25:42 [WARNING ] crawl_pipeline.comments | Rate-limited (429). Waiting 10s (attempt 5/5)
2026-05-21 06:25:50 [WARNING ] crawl_pipeline.comments | morechildren API error: Failed after 5 retries: https://www.reddit.com/api/morechildren
2026-05-21 06:25:51 [ERROR   ] crawl_pipeline.comments | Could not fetch comments for post 1tii5oc: Failed after 5 retries: https://www.reddit.com/r/WkwkwkLand/comments/1tii5oc.json
2026-05-21 06:25:51 [INFO    ] crawl_pipeline.worker-1 | [Worker 1] 1tii5oc done — 0 thread(s)
2026-05-21 06:25:51 [WARNING ] crawl_pipeline.comments | Rate-limited (429). Waiting 2s (attempt 1/5)
2026-05-21 06:25:52 [ERROR   ] crawl_pipeline.comments | Could not fetch comments for post 1tg59b7: Failed after 5 retries: https://www.reddit.com/r/surabaya/comments/1tg59b7.json
2026-05-21 06:25:52 [INFO    ] crawl_pipeline.worker-3 | [Worker 3] 1tg59b7 done — 0 thread(s)
2026-05-21 06:25:52 [ERROR   ] crawl_pipeline.comments | Could not fetch comments for post 1thgz0h: Failed after 5 retries: https://www.reddit.com/r/AdaIndonesiaCoy/comments/1thgz0h.json
2026-05-21 06:25:52 [INFO    ] crawl_pipeline.worker-0 | [Worker 0] 1thgz0h done — 0 thread(s)
2026-05-21 06:25:53 [INFO    ] crawl_pipeline.worker-1 | [Worker 1] Processing 1thtmgx (AdaIndonesiaCoy) — "Police seeking info on current whereabouts of suspect i..."
2026-05-21 06:25:53 [WARNING ] crawl_pipeline.comments | Rate-limited (429). Waiting 2s (attempt 1/5)
2026-05-21 06:25:53 [WARNING ] crawl_pipeline.comments | Rate-limited (429). Waiting 4s (attempt 2/5)
2026-05-21 06:25:54 [INFO    ] crawl_pipeline.worker-3 | [Worker 3] Processing 1th9kvr (indonesiabebas) — "Presiden penghibur rakyat..."
2026-05-21 06:25:54 [INFO    ] crawl_pipeline.worker-0 | [Worker 0] Processing 1th5pca (indonesia) — "Senggol bacok❌ senggol dor ✅..."
2026-05-21 06:25:54 [WARNING ] crawl_pipeline.comments | Rate-limited (429). Waiting 2s (attempt 1/5)
2026-05-21 06:25:54 [WARNING ] crawl_pipeline.comments | Rate-limited (429). Waiting 2s (attempt 1/5)
2026-05-21 06:25:55 [WARNING ] crawl_pipeline.comments | Rate-limited (429). Waiting 4s (attempt 2/5)
2026-05-21 06:25:57 [WARNING ] crawl_pipeline.comments | Rate-limited (429). Waiting 4s (attempt 2/5)
2026-05-21 06:25:57 [WARNING ] crawl_pipeline.comments | Rate-limited (429). Waiting 4s (attempt 2/5)
2026-05-21 06:25:57 [WARNING ] crawl_pipeline.comments | Rate-limited (429). Waiting 6s (attempt 3/5)
2026-05-21 06:25:59 [WARNING ] crawl_pipeline.comments | Rate-limited (429). Waiting 6s (attempt 3/5)
2026-05-21 06:26:01 [WARNING ] crawl_pipeline.comments | Rate-limited (429). Waiting 6s (attempt 3/5)
2026-05-21 06:26:01 [WARNING ] crawl_pipeline.comments | Rate-limited (429). Waiting 6s (attempt 3/5)
2026-05-21 06:26:03 [WARNING ] crawl_pipeline.comments | Rate-limited (429). Waiting 8s (attempt 4/5)
2026-05-21 06:26:06 [WARNING ] crawl_pipeline.comments | Rate-limited (429). Waiting 8s (attempt 4/5)
2026-05-21 06:26:07 [WARNING ] crawl_pipeline.comments | Rate-limited (429). Waiting 8s (attempt 4/5)
2026-05-21 06:26:07 [WARNING ] crawl_pipeline.comments | Rate-limited (429). Waiting 8s (attempt 4/5)
2026-05-21 06:26:12 [WARNING ] crawl_pipeline.comments | Rate-limited (429). Waiting 10s (attempt 5/5)
2026-05-21 06:26:14 [WARNING ] crawl_pipeline.comments | Rate-limited (429). Waiting 10s (attempt 5/5)
2026-05-21 06:26:15 [WARNING ] crawl_pipeline.comments | Rate-limited (429). Waiting 10s (attempt 5/5)
2026-05-21 06:26:15 [WARNING ] crawl_pipeline.comments | Rate-limited (429). Waiting 10s (attempt 5/5)
2026-05-21 06:26:22 [WARNING ] crawl_pipeline.comments | morechildren API error: Failed after 5 retries: https://www.reddit.com/api/morechildren
2026-05-21 06:26:23 [WARNING ] crawl_pipeline.comments | Rate-limited (429). Waiting 2s (attempt 1/5)
2026-05-21 06:26:24 [ERROR   ] crawl_pipeline.comments | Could not fetch comments for post 1thtmgx: Failed after 5 retries: https://www.reddit.com/r/AdaIndonesiaCoy/comments/1thtmgx.json
2026-05-21 06:26:24 [INFO    ] crawl_pipeline.worker-1 | [Worker 1] 1thtmgx done — 0 thread(s)
2026-05-21 06:26:25 [ERROR   ] crawl_pipeline.comments | Could not fetch comments for post 1th9kvr: Failed after 5 retries: https://www.reddit.com/r/indonesiabebas/comments/1th9kvr.json
2026-05-21 06:26:25 [INFO    ] crawl_pipeline.worker-3 | [Worker 3] 1th9kvr done — 0 thread(s)
2026-05-21 06:26:25 [ERROR   ] crawl_pipeline.comments | Could not fetch comments for post 1th5pca: Failed after 5 retries: https://www.reddit.com/r/indonesia/comments/1th5pca.json
2026-05-21 06:26:25 [INFO    ] crawl_pipeline.worker-0 | [Worker 0] 1th5pca done — 0 thread(s)
2026-05-21 06:26:25 [WARNING ] crawl_pipeline.comments | Rate-limited (429). Waiting 4s (attempt 2/5)
2026-05-21 06:26:26 [INFO    ] crawl_pipeline.worker-1 | [Worker 1] Processing 1thgy1n (AdaIndonesiaCoy) — "Jokowi ditutup di gorong" yg ada malah wowo yg kepilih..."
2026-05-21 06:26:26 [WARNING ] crawl_pipeline.comments | Rate-limited (429). Waiting 2s (attempt 1/5)
2026-05-21 06:26:27 [INFO    ] crawl_pipeline.worker-3 | [Worker 3] Processing 1thfmda (BaliTravelTips) — "Need help..."
2026-05-21 06:26:27 [INFO    ] crawl_pipeline.worker-0 | [Worker 0] Processing 1tginia (JudiSaham) — "Broksum KETR May 18th - Holder kabel nggak pake dolar..."
2026-05-21 06:26:27 [WARNING ] crawl_pipeline.comments | Rate-limited (429). Waiting 2s (attempt 1/5)
2026-05-21 06:26:27 [WARNING ] crawl_pipeline.comments | Rate-limited (429). Waiting 2s (attempt 1/5)
2026-05-21 06:26:28 [WARNING ] crawl_pipeline.comments | Rate-limited (429). Waiting 4s (attempt 2/5)
2026-05-21 06:26:30 [WARNING ] crawl_pipeline.comments | Rate-limited (429). Waiting 4s (attempt 2/5)
2026-05-21 06:26:30 [WARNING ] crawl_pipeline.comments | Rate-limited (429). Waiting 4s (attempt 2/5)
2026-05-21 06:26:30 [WARNING ] crawl_pipeline.comments | Rate-limited (429). Waiting 6s (attempt 3/5)
2026-05-21 06:26:32 [WARNING ] crawl_pipeline.comments | Rate-limited (429). Waiting 6s (attempt 3/5)
2026-05-21 06:26:34 [WARNING ] crawl_pipeline.comments | Rate-limited (429). Waiting 6s (attempt 3/5)
2026-05-21 06:26:34 [WARNING ] crawl_pipeline.comments | Rate-limited (429). Waiting 6s (attempt 3/5)
2026-05-21 06:26:36 [WARNING ] crawl_pipeline.comments | Rate-limited (429). Waiting 8s (attempt 4/5)
2026-05-21 06:26:39 [WARNING ] crawl_pipeline.comments | Rate-limited (429). Waiting 8s (attempt 4/5)
2026-05-21 06:26:40 [WARNING ] crawl_pipeline.comments | Rate-limited (429). Waiting 8s (attempt 4/5)
2026-05-21 06:26:40 [WARNING ] crawl_pipeline.comments | Rate-limited (429). Waiting 8s (attempt 4/5)
2026-05-21 06:26:44 [WARNING ] crawl_pipeline.comments | Rate-limited (429). Waiting 10s (attempt 5/5)
2026-05-21 06:26:47 [WARNING ] crawl_pipeline.comments | Rate-limited (429). Waiting 10s (attempt 5/5)
2026-05-21 06:26:48 [WARNING ] crawl_pipeline.comments | Rate-limited (429). Waiting 10s (attempt 5/5)
2026-05-21 06:26:48 [WARNING ] crawl_pipeline.comments | Rate-limited (429). Waiting 10s (attempt 5/5)
2026-05-21 06:26:54 [WARNING ] crawl_pipeline.comments | morechildren API error: Failed after 5 retries: https://www.reddit.com/api/morechildren
2026-05-21 06:26:55 [INFO    ] crawl_pipeline.worker-2 | [Worker 2] 1thawdy done — 23 thread(s)
2026-05-21 06:26:57 [ERROR   ] crawl_pipeline.comments | Could not fetch comments for post 1thgy1n: Failed after 5 retries: https://www.reddit.com/r/AdaIndonesiaCoy/comments/1thgy1n.json
2026-05-21 06:26:57 [INFO    ] crawl_pipeline.worker-1 | [Worker 1] 1thgy1n done — 0 thread(s)
2026-05-21 06:26:57 [INFO    ] crawl_pipeline.worker-2 | [Worker 2] Processing 1thf32o (indonesia) — "Jakarta on Alert After Six Suspected Hantavirus Cases D..."
2026-05-21 06:26:58 [WARNING ] crawl_pipeline.comments | Rate-limited (429). Waiting 2s (attempt 1/5)
2026-05-21 06:26:58 [ERROR   ] crawl_pipeline.comments | Could not fetch comments for post 1thfmda: Failed after 5 retries: https://www.reddit.com/r/BaliTravelTips/comments/1thfmda.json
2026-05-21 06:26:58 [INFO    ] crawl_pipeline.worker-3 | [Worker 3] 1thfmda done — 0 thread(s)
2026-05-21 06:26:58 [ERROR   ] crawl_pipeline.comments | Could not fetch comments for post 1tginia: Failed after 5 retries: https://www.reddit.com/r/JudiSaham/comments/1tginia.json
2026-05-21 06:26:58 [INFO    ] crawl_pipeline.worker-0 | [Worker 0] 1tginia done — 0 thread(s)
2026-05-21 06:26:59 [INFO    ] crawl_pipeline.worker-1 | [Worker 1] Processing 1thes8u (indonesiabebas) — "Pak Pur, pengangguran banyak..."
2026-05-21 06:26:59 [WARNING ] crawl_pipeline.comments | Rate-limited (429). Waiting 2s (attempt 1/5)
2026-05-21 06:27:00 [WARNING ] crawl_pipeline.comments | Rate-limited (429). Waiting 4s (attempt 2/5)
2026-05-21 06:27:00 [INFO    ] crawl_pipeline.worker-3 | [Worker 3] Processing 1thgvmr (finansial) — "HOW LOW DO YOU THINK IDR WILL GO?..."
2026-05-21 06:27:00 [INFO    ] crawl_pipeline.worker-0 | [Worker 0] Processing 1tho4t4 (AdaIndonesiaCoy) — "play stupid games, win stupid prizes...."
2026-05-21 06:27:00 [WARNING ] crawl_pipeline.comments | Rate-limited (429). Waiting 2s (attempt 1/5)
2026-05-21 06:27:00 [WARNING ] crawl_pipeline.comments | Rate-limited (429). Waiting 2s (attempt 1/5)
2026-05-21 06:27:01 [WARNING ] crawl_pipeline.comments | Rate-limited (429). Waiting 4s (attempt 2/5)
2026-05-21 06:27:03 [WARNING ] crawl_pipeline.comments | Rate-limited (429). Waiting 4s (attempt 2/5)
2026-05-21 06:27:03 [WARNING ] crawl_pipeline.comments | Rate-limited (429). Waiting 4s (attempt 2/5)
2026-05-21 06:27:04 [WARNING ] crawl_pipeline.comments | Rate-limited (429). Waiting 6s (attempt 3/5)
2026-05-21 06:27:05 [WARNING ] crawl_pipeline.comments | Rate-limited (429). Waiting 6s (attempt 3/5)
2026-05-21 06:27:07 [WARNING ] crawl_pipeline.comments | Rate-limited (429). Waiting 6s (attempt 3/5)
2026-05-21 06:27:07 [WARNING ] crawl_pipeline.comments | Rate-limited (429). Waiting 6s (attempt 3/5)
2026-05-21 06:27:10 [WARNING ] crawl_pipeline.comments | Rate-limited (429). Waiting 8s (attempt 4/5)
2026-05-21 06:27:12 [WARNING ] crawl_pipeline.comments | Rate-limited (429). Waiting 8s (attempt 4/5)
2026-05-21 06:27:13 [WARNING ] crawl_pipeline.comments | Rate-limited (429). Waiting 8s (attempt 4/5)
2026-05-21 06:27:13 [WARNING ] crawl_pipeline.comments | Rate-limited (429). Waiting 8s (attempt 4/5)
2026-05-21 06:27:18 [WARNING ] crawl_pipeline.comments | Rate-limited (429). Waiting 10s (attempt 5/5)
2026-05-21 06:27:20 [WARNING ] crawl_pipeline.comments | Rate-limited (429). Waiting 10s (attempt 5/5)
2026-05-21 06:27:21 [WARNING ] crawl_pipeline.comments | Rate-limited (429). Waiting 10s (attempt 5/5)
2026-05-21 06:27:21 [WARNING ] crawl_pipeline.comments | Rate-limited (429). Waiting 10s (attempt 5/5)
2026-05-21 06:27:28 [ERROR   ] crawl_pipeline.comments | Could not fetch comments for post 1thf32o: Failed after 5 retries: https://www.reddit.com/r/indonesia/comments/1thf32o.json
2026-05-21 06:27:28 [INFO    ] crawl_pipeline.worker-2 | [Worker 2] 1thf32o done — 0 thread(s)
2026-05-21 06:27:30 [ERROR   ] crawl_pipeline.comments | Could not fetch comments for post 1thes8u: Failed after 5 retries: https://www.reddit.com/r/indonesiabebas/comments/1thes8u.json
2026-05-21 06:27:30 [INFO    ] crawl_pipeline.worker-1 | [Worker 1] 1thes8u done — 0 thread(s)
2026-05-21 06:27:30 [INFO    ] crawl_pipeline.worker-2 | [Worker 2] Processing 1th7eqk (BaliTravelTips) — "Private pool Villa or hotel..."
2026-05-21 06:27:31 [WARNING ] crawl_pipeline.comments | Rate-limited (429). Waiting 2s (attempt 1/5)
2026-05-21 06:27:31 [ERROR   ] crawl_pipeline.comments | Could not fetch comments for post 1tho4t4: Failed after 5 retries: https://www.reddit.com/r/AdaIndonesiaCoy/comments/1tho4t4.json
2026-05-21 06:27:31 [INFO    ] crawl_pipeline.worker-0 | [Worker 0] 1tho4t4 done — 0 thread(s)
2026-05-21 06:27:31 [ERROR   ] crawl_pipeline.comments | Could not fetch comments for post 1thgvmr: Failed after 5 retries: https://www.reddit.com/r/finansial/comments/1thgvmr.json
2026-05-21 06:27:31 [INFO    ] crawl_pipeline.worker-3 | [Worker 3] 1thgvmr done — 0 thread(s)
2026-05-21 06:27:32 [INFO    ] crawl_pipeline.worker-1 | [Worker 1] Processing 1th9q0z (indonesiabebas) — "LPG 3kg harga 16rb di KDMP..."
2026-05-21 06:27:32 [WARNING ] crawl_pipeline.comments | Rate-limited (429). Waiting 2s (attempt 1/5)
2026-05-21 06:27:33 [WARNING ] crawl_pipeline.comments | Rate-limited (429). Waiting 4s (attempt 2/5)
2026-05-21 06:27:33 [INFO    ] crawl_pipeline.worker-0 | [Worker 0] Processing 1tgmzuc (Cekrek) — "Kwek..."
2026-05-21 06:27:33 [INFO    ] crawl_pipeline.worker-3 | [Worker 3] Processing 1th95x1 (WkwkwkLand) — "Cara menghancurkan negara menurut Prabowo vs kondisi Pa..."
2026-05-21 06:27:33 [WARNING ] crawl_pipeline.comments | Rate-limited (429). Waiting 2s (attempt 1/5)
2026-05-21 06:27:33 [WARNING ] crawl_pipeline.comments | Rate-limited (429). Waiting 2s (attempt 1/5)
2026-05-21 06:27:34 [WARNING ] crawl_pipeline.comments | Rate-limited (429). Waiting 4s (attempt 2/5)
2026-05-21 06:27:36 [WARNING ] crawl_pipeline.comments | Rate-limited (429). Waiting 4s (attempt 2/5)
2026-05-21 06:27:36 [WARNING ] crawl_pipeline.comments | Rate-limited (429). Waiting 4s (attempt 2/5)
2026-05-21 06:27:37 [WARNING ] crawl_pipeline.comments | Rate-limited (429). Waiting 6s (attempt 3/5)
2026-05-21 06:27:39 [WARNING ] crawl_pipeline.comments | Rate-limited (429). Waiting 6s (attempt 3/5)
2026-05-21 06:27:40 [WARNING ] crawl_pipeline.comments | Rate-limited (429). Waiting 6s (attempt 3/5)
2026-05-21 06:27:40 [WARNING ] crawl_pipeline.comments | Rate-limited (429). Waiting 6s (attempt 3/5)
2026-05-21 06:27:43 [WARNING ] crawl_pipeline.comments | Rate-limited (429). Waiting 8s (attempt 4/5)
2026-05-21 06:27:45 [WARNING ] crawl_pipeline.comments | Rate-limited (429). Waiting 8s (attempt 4/5)
2026-05-21 06:27:46 [WARNING ] crawl_pipeline.comments | Rate-limited (429). Waiting 8s (attempt 4/5)
2026-05-21 06:27:46 [WARNING ] crawl_pipeline.comments | Rate-limited (429). Waiting 8s (attempt 4/5)
2026-05-21 06:27:52 [WARNING ] crawl_pipeline.comments | Rate-limited (429). Waiting 10s (attempt 5/5)
2026-05-21 06:27:53 [WARNING ] crawl_pipeline.comments | Rate-limited (429). Waiting 10s (attempt 5/5)
2026-05-21 06:27:54 [WARNING ] crawl_pipeline.comments | Rate-limited (429). Waiting 10s (attempt 5/5)
2026-05-21 06:27:54 [WARNING ] crawl_pipeline.comments | Rate-limited (429). Waiting 10s (attempt 5/5)
2026-05-21 06:28:02 [ERROR   ] crawl_pipeline.comments | Could not fetch comments for post 1th7eqk: Failed after 5 retries: https://www.reddit.com/r/BaliTravelTips/comments/1th7eqk.json
2026-05-21 06:28:02 [INFO    ] crawl_pipeline.worker-2 | [Worker 2] 1th7eqk done — 0 thread(s)
2026-05-21 06:28:03 [ERROR   ] crawl_pipeline.comments | Could not fetch comments for post 1th9q0z: Failed after 5 retries: https://www.reddit.com/r/indonesiabebas/comments/1th9q0z.json
2026-05-21 06:28:03 [INFO    ] crawl_pipeline.worker-1 | [Worker 1] 1th9q0z done — 0 thread(s)
2026-05-21 06:28:04 [INFO    ] crawl_pipeline.worker-2 | [Worker 2] Processing 1thes85 (BaliTravelTips) — "1st Yr Anniversary Trip - Plan Feedback..."
2026-05-21 06:28:04 [INFO    ] crawl_pipeline.posts |   [hot] page: 100 new, 0 skipped | listing total: 299
2026-05-21 06:28:04 [WARNING ] crawl_pipeline.comments | Rate-limited (429). Waiting 2s (attempt 1/5)
2026-05-21 06:28:04 [ERROR   ] crawl_pipeline.comments | Could not fetch comments for post 1tgmzuc: Failed after 5 retries: https://www.reddit.com/r/Cekrek/comments/1tgmzuc.json
2026-05-21 06:28:04 [ERROR   ] crawl_pipeline.comments | Could not fetch comments for post 1th95x1: Failed after 5 retries: https://www.reddit.com/r/WkwkwkLand/comments/1th95x1.json
2026-05-21 06:28:04 [INFO    ] crawl_pipeline.worker-0 | [Worker 0] 1tgmzuc done — 0 thread(s)
2026-05-21 06:28:04 [INFO    ] crawl_pipeline.worker-3 | [Worker 3] 1th95x1 done — 0 thread(s)
2026-05-21 06:28:05 [WARNING ] crawl_pipeline.posts | Rate-limited (429). Waiting 2s (attempt 1/5)
2026-05-21 06:28:05 [INFO    ] crawl_pipeline.worker-1 | [Worker 1] Processing 1th9mr8 (jualbeliindonesia) — "WTS Gift Game Steam..."
2026-05-21 06:28:05 [WARNING ] crawl_pipeline.comments | Rate-limited (429). Waiting 2s (attempt 1/5)
2026-05-21 06:28:06 [WARNING ] crawl_pipeline.comments | Rate-limited (429). Waiting 4s (attempt 2/5)
2026-05-21 06:28:06 [INFO    ] crawl_pipeline.worker-0 | [Worker 0] Processing 1thsjbp (indonesiabebas) — "Gasak Motor di Tempat Steam Bumiayu, Pria Salem Diringk..."
2026-05-21 06:28:06 [INFO    ] crawl_pipeline.worker-3 | [Worker 3] Processing 1thcg0s (jualbeliindonesia) — "WTS MACBOOK AIR 13" M4 16GB/256GB..."
2026-05-21 06:28:07 [WARNING ] crawl_pipeline.comments | Rate-limited (429). Waiting 2s (attempt 1/5)
2026-05-21 06:28:07 [WARNING ] crawl_pipeline.comments | Rate-limited (429). Waiting 2s (attempt 1/5)
2026-05-21 06:28:07 [WARNING ] crawl_pipeline.posts | Rate-limited (429). Waiting 4s (attempt 2/5)
2026-05-21 06:28:08 [WARNING ] crawl_pipeline.comments | Rate-limited (429). Waiting 4s (attempt 2/5)
2026-05-21 06:28:09 [WARNING ] crawl_pipeline.comments | Rate-limited (429). Waiting 4s (attempt 2/5)
2026-05-21 06:28:09 [WARNING ] crawl_pipeline.comments | Rate-limited (429). Waiting 4s (attempt 2/5)
2026-05-21 06:28:10 [WARNING ] crawl_pipeline.comments | Rate-limited (429). Waiting 6s (attempt 3/5)
2026-05-21 06:28:11 [WARNING ] crawl_pipeline.posts | Rate-limited (429). Waiting 6s (attempt 3/5)
2026-05-21 06:28:12 [WARNING ] crawl_pipeline.comments | Rate-limited (429). Waiting 6s (attempt 3/5)
2026-05-21 06:28:13 [WARNING ] crawl_pipeline.comments | Rate-limited (429). Waiting 6s (attempt 3/5)
2026-05-21 06:28:13 [WARNING ] crawl_pipeline.comments | Rate-limited (429). Waiting 6s (attempt 3/5)
2026-05-21 06:28:16 [WARNING ] crawl_pipeline.comments | Rate-limited (429). Waiting 8s (attempt 4/5)
2026-05-21 06:28:17 [WARNING ] crawl_pipeline.posts | Rate-limited (429). Waiting 8s (attempt 4/5)
2026-05-21 06:28:19 [WARNING ] crawl_pipeline.comments | Rate-limited (429). Waiting 8s (attempt 4/5)
2026-05-21 06:28:19 [WARNING ] crawl_pipeline.comments | Rate-limited (429). Waiting 8s (attempt 4/5)
2026-05-21 06:28:19 [WARNING ] crawl_pipeline.comments | Rate-limited (429). Waiting 8s (attempt 4/5)
2026-05-21 06:28:25 [WARNING ] crawl_pipeline.comments | Rate-limited (429). Waiting 10s (attempt 5/5)
2026-05-21 06:28:26 [WARNING ] crawl_pipeline.posts | Rate-limited (429). Waiting 10s (attempt 5/5)
2026-05-21 06:28:27 [WARNING ] crawl_pipeline.comments | Rate-limited (429). Waiting 10s (attempt 5/5)
2026-05-21 06:28:27 [WARNING ] crawl_pipeline.comments | Rate-limited (429). Waiting 10s (attempt 5/5)
2026-05-21 06:28:27 [WARNING ] crawl_pipeline.comments | Rate-limited (429). Waiting 10s (attempt 5/5)
2026-05-21 06:28:35 [ERROR   ] crawl_pipeline.comments | Could not fetch comments for post 1thes85: Failed after 5 retries: https://www.reddit.com/r/BaliTravelTips/comments/1thes85.json
2026-05-21 06:28:35 [INFO    ] crawl_pipeline.worker-2 | [Worker 2] 1thes85 done — 0 thread(s)
2026-05-21 06:28:36 [ERROR   ] crawl_pipeline.posts |   [hot] Page fetch failed: Failed after 5 retries: https://www.reddit.com/user/chivalricsystems/m/indonesiasemua/hot/.json
2026-05-21 06:28:36 [INFO    ] crawl_pipeline.posts | [PostsCrawl] Listing: new
2026-05-21 06:28:36 [WARNING ] crawl_pipeline.posts | Rate-limited (429). Waiting 2s (attempt 1/5)
2026-05-21 06:28:37 [INFO    ] crawl_pipeline.worker-2 | [Worker 2] Processing 1tha49r (indonesiabebas) — "Lagi nyari butiran emas di pembuangan limbah freeport, ..."
2026-05-21 06:28:37 [ERROR   ] crawl_pipeline.comments | Could not fetch comments for post 1th9mr8: Failed after 5 retries: https://www.reddit.com/r/jualbeliindonesia/comments/1th9mr8.json
2026-05-21 06:28:37 [INFO    ] crawl_pipeline.worker-1 | [Worker 1] 1th9mr8 done — 0 thread(s)
2026-05-21 06:28:37 [WARNING ] crawl_pipeline.comments | Rate-limited (429). Waiting 2s (attempt 1/5)
2026-05-21 06:28:37 [ERROR   ] crawl_pipeline.comments | Could not fetch comments for post 1thsjbp: Failed after 5 retries: https://www.reddit.com/r/indonesiabebas/comments/1thsjbp.json
2026-05-21 06:28:37 [INFO    ] crawl_pipeline.worker-0 | [Worker 0] 1thsjbp done — 0 thread(s)
2026-05-21 06:28:37 [ERROR   ] crawl_pipeline.comments | Could not fetch comments for post 1thcg0s: Failed after 5 retries: https://www.reddit.com/r/jualbeliindonesia/comments/1thcg0s.json
2026-05-21 06:28:37 [INFO    ] crawl_pipeline.worker-3 | [Worker 3] 1thcg0s done — 0 thread(s)
2026-05-21 06:28:38 [WARNING ] crawl_pipeline.posts | Rate-limited (429). Waiting 4s (attempt 2/5)
2026-05-21 06:28:39 [INFO    ] crawl_pipeline.worker-1 | [Worker 1] Processing 1thh7k7 (indowibu) — "Hari-hari biasa di dunia fanfic be like..."
2026-05-21 06:28:39 [WARNING ] crawl_pipeline.comments | Rate-limited (429). Waiting 2s (attempt 1/5)
2026-05-21 06:28:39 [WARNING ] crawl_pipeline.comments | Rate-limited (429). Waiting 4s (attempt 2/5)
2026-05-21 06:28:39 [INFO    ] crawl_pipeline.worker-0 | [Worker 0] Processing 1thhi6f (WkwkwkLand) — "Google aja kesel..."
2026-05-21 06:28:39 [INFO    ] crawl_pipeline.worker-3 | [Worker 3] Processing 1thtkd2 (indonesia) — "Climbers caught in terrifying moments as Indonesia’s Mo..."
2026-05-21 06:28:40 [WARNING ] crawl_pipeline.comments | Rate-limited (429). Waiting 2s (attempt 1/5)
2026-05-21 06:28:40 [WARNING ] crawl_pipeline.comments | Rate-limited (429). Waiting 2s (attempt 1/5)
2026-05-21 06:28:41 [WARNING ] crawl_pipeline.comments | Rate-limited (429). Waiting 4s (attempt 2/5)
2026-05-21 06:28:42 [WARNING ] crawl_pipeline.comments | Rate-limited (429). Waiting 4s (attempt 2/5)
2026-05-21 06:28:42 [WARNING ] crawl_pipeline.comments | Rate-limited (429). Waiting 4s (attempt 2/5)
2026-05-21 06:28:42 [WARNING ] crawl_pipeline.posts | Rate-limited (429). Waiting 6s (attempt 3/5)
2026-05-21 06:28:43 [WARNING ] crawl_pipeline.comments | Rate-limited (429). Waiting 6s (attempt 3/5)
2026-05-21 06:28:45 [WARNING ] crawl_pipeline.comments | Rate-limited (429). Waiting 6s (attempt 3/5)
2026-05-21 06:28:46 [WARNING ] crawl_pipeline.comments | Rate-limited (429). Waiting 6s (attempt 3/5)
2026-05-21 06:28:46 [WARNING ] crawl_pipeline.comments | Rate-limited (429). Waiting 6s (attempt 3/5)
2026-05-21 06:28:48 [WARNING ] crawl_pipeline.posts | Rate-limited (429). Waiting 8s (attempt 4/5)
2026-05-21 06:28:49 [WARNING ] crawl_pipeline.comments | Rate-limited (429). Waiting 8s (attempt 4/5)
2026-05-21 06:28:52 [WARNING ] crawl_pipeline.comments | Rate-limited (429). Waiting 8s (attempt 4/5)
2026-05-21 06:28:52 [WARNING ] crawl_pipeline.comments | Rate-limited (429). Waiting 8s (attempt 4/5)
2026-05-21 06:28:52 [WARNING ] crawl_pipeline.comments | Rate-limited (429). Waiting 8s (attempt 4/5)
2026-05-21 06:28:57 [WARNING ] crawl_pipeline.posts | Rate-limited (429). Waiting 10s (attempt 5/5)
2026-05-21 06:28:58 [WARNING ] crawl_pipeline.comments | Rate-limited (429). Waiting 10s (attempt 5/5)
2026-05-21 06:29:00 [WARNING ] crawl_pipeline.comments | Rate-limited (429). Waiting 10s (attempt 5/5)
2026-05-21 06:29:00 [WARNING ] crawl_pipeline.comments | Rate-limited (429). Waiting 10s (attempt 5/5)
2026-05-21 06:29:00 [WARNING ] crawl_pipeline.comments | Rate-limited (429). Waiting 10s (attempt 5/5)
2026-05-21 06:29:07 [ERROR   ] crawl_pipeline.posts |   [new] Page fetch failed: Failed after 5 retries: https://www.reddit.com/user/chivalricsystems/m/indonesiasemua/new/.json
2026-05-21 06:29:07 [INFO    ] crawl_pipeline.posts | [PostsCrawl] Listing: top
2026-05-21 06:29:07 [WARNING ] crawl_pipeline.posts | Rate-limited (429). Waiting 2s (attempt 1/5)
2026-05-21 06:29:08 [ERROR   ] crawl_pipeline.comments | Could not fetch comments for post 1tha49r: Failed after 5 retries: https://www.reddit.com/r/indonesiabebas/comments/1tha49r.json
2026-05-21 06:29:08 [INFO    ] crawl_pipeline.worker-2 | [Worker 2] 1tha49r done — 0 thread(s)
2026-05-21 06:29:09 [WARNING ] crawl_pipeline.posts | Rate-limited (429). Waiting 4s (attempt 2/5)
2026-05-21 06:29:10 [INFO    ] crawl_pipeline.worker-2 | [Worker 2] Processing 1tgd4fn (indocartalk) — "Tanya-Tanya Seputar Suzuki Fronx..."
2026-05-21 06:29:10 [ERROR   ] crawl_pipeline.comments | Could not fetch comments for post 1thh7k7: Failed after 5 retries: https://www.reddit.com/r/indowibu/comments/1thh7k7.json
2026-05-21 06:29:10 [INFO    ] crawl_pipeline.worker-1 | [Worker 1] 1thh7k7 done — 0 thread(s)
2026-05-21 06:29:10 [WARNING ] crawl_pipeline.comments | Rate-limited (429). Waiting 2s (attempt 1/5)
2026-05-21 06:29:10 [ERROR   ] crawl_pipeline.comments | Could not fetch comments for post 1thhi6f: Failed after 5 retries: https://www.reddit.com/r/WkwkwkLand/comments/1thhi6f.json
2026-05-21 06:29:10 [INFO    ] crawl_pipeline.worker-0 | [Worker 0] 1thhi6f done — 0 thread(s)
2026-05-21 06:29:10 [ERROR   ] crawl_pipeline.comments | Could not fetch comments for post 1thtkd2: Failed after 5 retries: https://www.reddit.com/r/indonesia/comments/1thtkd2.json
2026-05-21 06:29:10 [INFO    ] crawl_pipeline.worker-3 | [Worker 3] 1thtkd2 done — 0 thread(s)
2026-05-21 06:29:12 [INFO    ] crawl_pipeline.worker-1 | [Worker 1] Processing 1thc84f (WkwkwkLand) — "Rakyat tak pakai dollar ke?..."
2026-05-21 06:29:12 [WARNING ] crawl_pipeline.comments | Rate-limited (429). Waiting 2s (attempt 1/5)
2026-05-21 06:29:12 [WARNING ] crawl_pipeline.comments | Rate-limited (429). Waiting 4s (attempt 2/5)
2026-05-21 06:29:12 [INFO    ] crawl_pipeline.worker-0 | [Worker 0] Processing 1ti1hx1 (indonesia) — "Pada pakai apa sih?..."
2026-05-21 06:29:12 [INFO    ] crawl_pipeline.worker-3 | [Worker 3] Processing 1tggmhh (IndoGamer) — "Tandem sopir FM x Shopee..."
2026-05-21 06:29:13 [WARNING ] crawl_pipeline.comments | Rate-limited (429). Waiting 2s (attempt 1/5)
2026-05-21 06:29:13 [WARNING ] crawl_pipeline.comments | Rate-limited (429). Waiting 2s (attempt 1/5)
2026-05-21 06:29:13 [WARNING ] crawl_pipeline.posts | Rate-limited (429). Waiting 6s (attempt 3/5)
2026-05-21 06:29:14 [WARNING ] crawl_pipeline.comments | Rate-limited (429). Waiting 4s (attempt 2/5)
2026-05-21 06:29:15 [WARNING ] crawl_pipeline.comments | Rate-limited (429). Waiting 4s (attempt 2/5)
2026-05-21 06:29:15 [WARNING ] crawl_pipeline.comments | Rate-limited (429). Waiting 4s (attempt 2/5)
2026-05-21 06:29:16 [WARNING ] crawl_pipeline.comments | Rate-limited (429). Waiting 6s (attempt 3/5)
2026-05-21 06:29:18 [WARNING ] crawl_pipeline.comments | Rate-limited (429). Waiting 6s (attempt 3/5)
2026-05-21 06:29:19 [WARNING ] crawl_pipeline.comments | Rate-limited (429). Waiting 6s (attempt 3/5)
2026-05-21 06:29:19 [WARNING ] crawl_pipeline.comments | Rate-limited (429). Waiting 6s (attempt 3/5)
2026-05-21 06:29:20 [WARNING ] crawl_pipeline.posts | Rate-limited (429). Waiting 8s (attempt 4/5)
2026-05-21 06:29:23 [WARNING ] crawl_pipeline.comments | Rate-limited (429). Waiting 8s (attempt 4/5)
2026-05-21 06:29:25 [WARNING ] crawl_pipeline.comments | Rate-limited (429). Waiting 8s (attempt 4/5)
2026-05-21 06:29:25 [WARNING ] crawl_pipeline.comments | Rate-limited (429). Waiting 8s (attempt 4/5)
2026-05-21 06:29:26 [WARNING ] crawl_pipeline.comments | Rate-limited (429). Waiting 8s (attempt 4/5)
2026-05-21 06:29:28 [WARNING ] crawl_pipeline.posts | Rate-limited (429). Waiting 10s (attempt 5/5)
2026-05-21 06:29:31 [WARNING ] crawl_pipeline.comments | Rate-limited (429). Waiting 10s (attempt 5/5)
2026-05-21 06:29:33 [WARNING ] crawl_pipeline.comments | Rate-limited (429). Waiting 10s (attempt 5/5)
2026-05-21 06:29:34 [WARNING ] crawl_pipeline.comments | Rate-limited (429). Waiting 10s (attempt 5/5)
2026-05-21 06:29:34 [WARNING ] crawl_pipeline.comments | Rate-limited (429). Waiting 10s (attempt 5/5)
2026-05-21 06:29:38 [ERROR   ] crawl_pipeline.posts |   [top] Page fetch failed: Failed after 5 retries: https://www.reddit.com/user/chivalricsystems/m/indonesiasemua/top/.json
2026-05-21 06:29:38 [INFO    ] crawl_pipeline.posts | [PostsCrawl] Listing: rising
2026-05-21 06:29:38 [WARNING ] crawl_pipeline.posts | Rate-limited (429). Waiting 2s (attempt 1/5)
2026-05-21 06:29:40 [WARNING ] crawl_pipeline.posts | Rate-limited (429). Waiting 4s (attempt 2/5)
2026-05-21 06:29:41 [ERROR   ] crawl_pipeline.comments | Could not fetch comments for post 1tgd4fn: Failed after 5 retries: https://www.reddit.com/r/indocartalk/comments/1tgd4fn.json
2026-05-21 06:29:41 [INFO    ] crawl_pipeline.worker-2 | [Worker 2] 1tgd4fn done — 0 thread(s)
2026-05-21 06:29:43 [INFO    ] crawl_pipeline.worker-2 | [Worker 2] Processing 1thk35n (finansial) — "IHSG..."
2026-05-21 06:29:43 [ERROR   ] crawl_pipeline.comments | Could not fetch comments for post 1thc84f: Failed after 5 retries: https://www.reddit.com/r/WkwkwkLand/comments/1thc84f.json
2026-05-21 06:29:43 [INFO    ] crawl_pipeline.worker-1 | [Worker 1] 1thc84f done — 0 thread(s)
2026-05-21 06:29:43 [WARNING ] crawl_pipeline.comments | Rate-limited (429). Waiting 2s (attempt 1/5)
2026-05-21 06:29:44 [ERROR   ] crawl_pipeline.comments | Could not fetch comments for post 1tggmhh: Failed after 5 retries: https://www.reddit.com/r/IndoGamer/comments/1tggmhh.json
2026-05-21 06:29:44 [INFO    ] crawl_pipeline.worker-3 | [Worker 3] 1tggmhh done — 0 thread(s)
2026-05-21 06:29:44 [ERROR   ] crawl_pipeline.comments | Could not fetch comments for post 1ti1hx1: Failed after 5 retries: https://www.reddit.com/r/indonesia/comments/1ti1hx1.json
2026-05-21 06:29:44 [INFO    ] crawl_pipeline.worker-0 | [Worker 0] 1ti1hx1 done — 0 thread(s)
2026-05-21 06:29:44 [WARNING ] crawl_pipeline.posts | Rate-limited (429). Waiting 6s (attempt 3/5)
2026-05-21 06:29:45 [INFO    ] crawl_pipeline.worker-1 | [Worker 1] Processing 1tiu4xb (indonesia) — "Gua masih gatau "Fufufafa" itu siapa and at this point ..."
2026-05-21 06:29:45 [WARNING ] crawl_pipeline.comments | Rate-limited (429). Waiting 2s (attempt 1/5)
2026-05-21 06:29:45 [WARNING ] crawl_pipeline.comments | Rate-limited (429). Waiting 4s (attempt 2/5)
2026-05-21 06:29:46 [INFO    ] crawl_pipeline.worker-3 | [Worker 3] Processing 1thb4io (indonesia) — "Jika Daerah Surabaya jadi Kucing..."
2026-05-21 06:29:46 [WARNING ] crawl_pipeline.comments | Rate-limited (429). Waiting 2s (attempt 1/5)
2026-05-21 06:29:46 [INFO    ] crawl_pipeline.worker-0 | [Worker 0] Processing 1thdnm0 (WkwkwkLand) — "Ape together strong..."
2026-05-21 06:29:46 [WARNING ] crawl_pipeline.comments | Rate-limited (429). Waiting 2s (attempt 1/5)
2026-05-21 06:29:47 [WARNING ] crawl_pipeline.comments | Rate-limited (429). Waiting 4s (attempt 2/5)
2026-05-21 06:29:48 [WARNING ] crawl_pipeline.comments | Rate-limited (429). Waiting 4s (attempt 2/5)
2026-05-21 06:29:49 [WARNING ] crawl_pipeline.comments | Rate-limited (429). Waiting 4s (attempt 2/5)
2026-05-21 06:29:49 [WARNING ] crawl_pipeline.comments | Rate-limited (429). Waiting 6s (attempt 3/5)
2026-05-21 06:29:51 [WARNING ] crawl_pipeline.posts | Rate-limited (429). Waiting 8s (attempt 4/5)
2026-05-21 06:29:51 [WARNING ] crawl_pipeline.comments | Rate-limited (429). Waiting 6s (attempt 3/5)
2026-05-21 06:29:52 [WARNING ] crawl_pipeline.comments | Rate-limited (429). Waiting 6s (attempt 3/5)
2026-05-21 06:29:53 [WARNING ] crawl_pipeline.comments | Rate-limited (429). Waiting 6s (attempt 3/5)
2026-05-21 06:29:56 [WARNING ] crawl_pipeline.comments | Rate-limited (429). Waiting 8s (attempt 4/5)
2026-05-21 06:29:58 [WARNING ] crawl_pipeline.comments | Rate-limited (429). Waiting 8s (attempt 4/5)
2026-05-21 06:29:58 [WARNING ] crawl_pipeline.comments | Rate-limited (429). Waiting 8s (attempt 4/5)
2026-05-21 06:29:59 [WARNING ] crawl_pipeline.posts | Rate-limited (429). Waiting 10s (attempt 5/5)
2026-05-21 06:29:59 [WARNING ] crawl_pipeline.comments | Rate-limited (429). Waiting 8s (attempt 4/5)
2026-05-21 06:30:04 [INFO    ] crawl_pipeline.worker-2 | [Worker 2] 1thk35n done — 7 thread(s)
2026-05-21 06:30:06 [INFO    ] crawl_pipeline.worker-2 | [Worker 2] Processing 1th7cuw (indotech) — "Shitty new gov policy : akun siswa belajar.id sekarang ..."
2026-05-21 06:30:06 [INFO    ] crawl_pipeline.worker-1 | [Worker 1] 1tiu4xb done — 3 thread(s)
2026-05-21 06:30:06 [INFO    ] crawl_pipeline.worker-2 | [Worker 2] 1th7cuw done — 4 thread(s)
2026-05-21 06:30:07 [INFO    ] crawl_pipeline.worker-3 | [Worker 3] 1thb4io done — 0 thread(s)
2026-05-21 06:30:08 [INFO    ] crawl_pipeline.worker-0 | [Worker 0] 1thdnm0 done — 0 thread(s)
2026-05-21 06:30:08 [INFO    ] crawl_pipeline.worker-1 | [Worker 1] Processing 1thl54r (WkwkwkLand) — "siap-siap bahan meme baru nih..."
2026-05-21 06:30:08 [INFO    ] crawl_pipeline.worker-2 | [Worker 2] Processing 1th5mow (BaliTravelTips) — "Mt. Batur sunrise hike..."
2026-05-21 06:30:08 [INFO    ] crawl_pipeline.worker-1 | [Worker 1] 1thl54r done — 0 thread(s)
2026-05-21 06:30:09 [INFO    ] crawl_pipeline.worker-2 | [Worker 2] 1th5mow done — 1 thread(s)
2026-05-21 06:30:09 [ERROR   ] crawl_pipeline.posts |   [rising] Page fetch failed: Failed after 5 retries: https://www.reddit.com/user/chivalricsystems/m/indonesiasemua/rising/.json
2026-05-21 06:30:09 [INFO    ] crawl_pipeline.posts | [PostsCrawl] Cycle complete. New this cycle: 299
2026-05-21 06:30:09 [INFO    ] crawl_pipeline.posts | [PostsCrawl] Done. Grand total new posts: 299
2026-05-21 06:30:09 [INFO    ] crawl_pipeline | [Pipeline] Producer finished. 299 new posts discovered.
2026-05-21 06:30:09 [INFO    ] crawl_pipeline | [Pipeline] Sending 4 sentinel(s) to workers...
2026-05-21 06:30:09 [INFO    ] crawl_pipeline | [Pipeline] Waiting for workers to finish...
2026-05-21 06:30:09 [INFO    ] crawl_pipeline.worker-3 | [Worker 3] Processing 1th5twq (indonesiabebas) — "Gini amat hidup di negara toleransi..."
2026-05-21 06:30:10 [INFO    ] crawl_pipeline.worker-3 | [Worker 3] 1th5twq done — 0 thread(s)
2026-05-21 06:30:10 [INFO    ] crawl_pipeline.worker-0 | [Worker 0] Processing 1thdlpp (indonesia) — "Purbaya Guyur Rp2 T Tiap Hari Bantu BI Selamatkan Rupia..."
2026-05-21 06:30:10 [INFO    ] crawl_pipeline.worker-1 | [Worker 1] Processing 1thg94r (finansial) — "Terjun payung saham indonesia..."
2026-05-21 06:30:11 [INFO    ] crawl_pipeline.worker-0 | [Worker 0] 1thdlpp done — 0 thread(s)
2026-05-21 06:30:11 [INFO    ] crawl_pipeline.worker-2 | [Worker 2] Processing 1thgvxz (IndoGamer) — "Alterna Vvelt -Blue Exorcist Another Story- announces e..."
2026-05-21 06:30:11 [INFO    ] crawl_pipeline.worker-1 | [Worker 1] 1thg94r done — 4 thread(s)
2026-05-21 06:30:11 [INFO    ] crawl_pipeline.worker-2 | [Worker 2] 1thgvxz done — 0 thread(s)
2026-05-21 06:30:12 [INFO    ] crawl_pipeline.worker-3 | [Worker 3] Processing 1thazzi (AdaIndonesiaCoy) — "Indirectly Ada Indonesia Coy...."
2026-05-21 06:30:12 [INFO    ] crawl_pipeline.worker-3 | [Worker 3] 1thazzi done — 0 thread(s)
2026-05-21 06:30:13 [INFO    ] crawl_pipeline.worker-0 | [Worker 0] Processing 1thodgi (indonesiabebas) — "APAKAH INI CARA BARU UNTUK MENJAGA BUMI INDONESIA? 🌱..."
2026-05-21 06:30:13 [INFO    ] crawl_pipeline.worker-1 | [Worker 1] Processing 1thcc3g (indotech) — "200+ install, revenue $0. bingung mau monetisasi gimana..."
2026-05-21 06:30:13 [INFO    ] crawl_pipeline.worker-0 | [Worker 0] 1thodgi done — 0 thread(s)
2026-05-21 06:30:13 [INFO    ] crawl_pipeline.worker-2 | [Worker 2] Processing 1tgkzkd (IndoGamer) — "Cinematic MBG - FH 6..."
2026-05-21 06:30:13 [INFO    ] crawl_pipeline.worker-1 | [Worker 1] 1thcc3g done — 0 thread(s)
2026-05-21 06:30:13 [INFO    ] crawl_pipeline.worker-2 | [Worker 2] 1tgkzkd done — 0 thread(s)
2026-05-21 06:30:14 [INFO    ] crawl_pipeline.worker-3 | [Worker 3] Processing 1ti4nqw (indowibu) — "Pergelangan kaki bengkok sampe kayak gini normal gak IR..."
2026-05-21 06:30:15 [INFO    ] crawl_pipeline.worker-0 | [Worker 0] Processing 1thfs0w (AdaIndonesiaCoy) — "Is East Timor (Timor-Leste) part of Asia or Oceania?...."
2026-05-21 06:30:15 [INFO    ] crawl_pipeline.worker-1 | [Worker 1] Processing 1th9w1q (indonesiabebas) — "Cakep nih angkanya..."
2026-05-21 06:30:15 [INFO    ] crawl_pipeline.worker-0 | [Worker 0] 1thfs0w done — 0 thread(s)
2026-05-21 06:30:15 [INFO    ] crawl_pipeline.worker-2 | [Worker 2] Processing 1tgrbo6 (Cekrek) — "pink flowers..."
2026-05-21 06:30:16 [INFO    ] crawl_pipeline.worker-1 | [Worker 1] 1th9w1q done — 0 thread(s)
2026-05-21 06:30:16 [INFO    ] crawl_pipeline.worker-2 | [Worker 2] 1tgrbo6 done — 0 thread(s)
2026-05-21 06:30:16 [INFO    ] crawl_pipeline.worker-3 | [Worker 3] 1ti4nqw done — 0 thread(s)
2026-05-21 06:30:17 [INFO    ] crawl_pipeline.worker-0 | [Worker 0] Processing 1thd86t (indonesiabebas) — "Ada yg bisa jelasin ttg jokowi gak?..."
2026-05-21 06:30:18 [INFO    ] crawl_pipeline.worker-1 | [Worker 1] Processing 1thk1mq (WkwkwkLand) — "Waduh gabisa kayaknya..."
2026-05-21 06:30:18 [INFO    ] crawl_pipeline.worker-0 | [Worker 0] 1thd86t done — 5 thread(s)
2026-05-21 06:30:18 [INFO    ] crawl_pipeline.worker-2 | [Worker 2] Processing 1thmgli (indonesia) — "Aturan Sederhana tapi Banyak Pengendara masih melintas ..."
2026-05-21 06:30:18 [INFO    ] crawl_pipeline.worker-1 | [Worker 1] 1thk1mq done — 0 thread(s)
2026-05-21 06:30:18 [INFO    ] crawl_pipeline.worker-2 | [Worker 2] 1thmgli done — 0 thread(s)
2026-05-21 06:30:18 [INFO    ] crawl_pipeline.worker-3 | [Worker 3] Processing 1th7luw (Bandung) — "The wrong street and the wrong side..."
2026-05-21 06:30:19 [INFO    ] crawl_pipeline.worker-3 | [Worker 3] 1th7luw done — 0 thread(s)
2026-05-21 06:30:20 [INFO    ] crawl_pipeline.worker-0 | [Worker 0] Processing 1thbcex (Bandung) — "Kalau versi Bandung gimana ya?..."
2026-05-21 06:30:20 [INFO    ] crawl_pipeline.worker-1 | [Worker 1] Processing 1thfceh (AdaIndonesiaCoy) — "All black chicken..."
2026-05-21 06:30:20 [INFO    ] crawl_pipeline.worker-0 | [Worker 0] 1thbcex done — 0 thread(s)
2026-05-21 06:30:20 [INFO    ] crawl_pipeline.worker-2 | [Worker 2] Processing 1thhixr (IndoGamer) — "Rekomendasi Gamepad untuk Laptop, budget 300k..."
2026-05-21 06:30:20 [INFO    ] crawl_pipeline.worker-1 | [Worker 1] 1thfceh done — 0 thread(s)
2026-05-21 06:30:20 [INFO    ] crawl_pipeline.worker-2 | [Worker 2] 1thhixr done — 4 thread(s)
2026-05-21 06:30:21 [INFO    ] crawl_pipeline.worker-3 | [Worker 3] Processing 1thh0e9 (indonesia) — "Prabowo Mau Mobil Khusus Pakai Kaca, Purbaya Siapkan An..."
2026-05-21 06:30:21 [INFO    ] crawl_pipeline.worker-3 | [Worker 3] 1thh0e9 done — 0 thread(s)
2026-05-21 06:30:22 [INFO    ] crawl_pipeline.worker-0 | [Worker 0] Processing 1thffzf (indonesiabebas) — "Turis Malaysia Boikot RM Pagi Sore Usai Dituduh Tak Bay..."
2026-05-21 06:30:22 [INFO    ] crawl_pipeline.worker-1 | [Worker 1] Processing 1ittu5j (Pisang) — "You said you wanted some PISANG???? (Don't mind them be..."
2026-05-21 06:30:22 [INFO    ] crawl_pipeline.worker-0 | [Worker 0] 1thffzf done — 0 thread(s)
2026-05-21 06:30:22 [INFO    ] crawl_pipeline.worker-2 | [Worker 2] Processing 1th9y3g (jualbeliindonesia) — "WTS Figure Anime (PVC, Nendoroid, Arts Kai)..."
2026-05-21 06:30:23 [INFO    ] crawl_pipeline.worker-1 | [Worker 1] 1ittu5j done — 0 thread(s)
2026-05-21 06:30:23 [INFO    ] crawl_pipeline.worker-2 | [Worker 2] 1th9y3g done — 0 thread(s)
2026-05-21 06:30:23 [INFO    ] crawl_pipeline.worker-3 | [Worker 3] Processing 1thh31i (WkwkwkLand) — "Menyala atuhh 🔥🔥..."
2026-05-21 06:30:24 [INFO    ] crawl_pipeline.worker-3 | [Worker 3] 1thh31i done — 0 thread(s)
2026-05-21 06:30:24 [INFO    ] crawl_pipeline.worker-0 | [Worker 0] Processing 1themay (WkwkwkLand) — "Bahkan Turkish Lira yang selama ini konsisten melemah t..."
2026-05-21 06:30:25 [INFO    ] crawl_pipeline.worker-1 | [Worker 1] Processing 1thbde3 (finansial) — "IBKR (Interactive Brokers) menghilang dari Apple Store..."
2026-05-21 06:30:25 [INFO    ] crawl_pipeline.worker-0 | [Worker 0] 1themay done — 0 thread(s)
2026-05-21 06:30:25 [INFO    ] crawl_pipeline.worker-2 | [Worker 2] Processing 1th4eyy (jualbeliindonesia) — "WTS iPad Pro M2 Space Gray 12.9 inch 128GB Wifi fullset..."
2026-05-21 06:30:25 [INFO    ] crawl_pipeline.worker-1 | [Worker 1] 1thbde3 done — 6 thread(s)
2026-05-21 06:30:25 [INFO    ] crawl_pipeline.worker-2 | [Worker 2] 1th4eyy done — 0 thread(s)
2026-05-21 06:30:26 [INFO    ] crawl_pipeline.worker-3 | [Worker 3] Processing 1tgobf6 (finansial) — "Pertama Kali Digaji Oleh Google (Pecah Telur)..."
2026-05-21 06:30:27 [INFO    ] crawl_pipeline.worker-3 | [Worker 3] 1tgobf6 done — 0 thread(s)
2026-05-21 06:30:27 [INFO    ] crawl_pipeline.worker-0 | [Worker 0] Processing 1thux14 (indonesia) — "Recommended pest control kecoa Jakarta?..."
2026-05-21 06:30:27 [INFO    ] crawl_pipeline.worker-1 | [Worker 1] Processing 1th7lq7 (IndoGamer) — "Keep up dengan harga pasar?..."
2026-05-21 06:30:27 [INFO    ] crawl_pipeline.worker-2 | [Worker 2] Processing 1tgaq4h (indocartalk) — "Butuh rekomendasi..."
2026-05-21 06:30:27 [INFO    ] crawl_pipeline.worker-0 | [Worker 0] 1thux14 done — 3 thread(s)
2026-05-21 06:30:27 [INFO    ] crawl_pipeline.worker-1 | [Worker 1] 1th7lq7 done — 0 thread(s)
2026-05-21 06:30:27 [INFO    ] crawl_pipeline.worker-2 | [Worker 2] 1tgaq4h done — 2 thread(s)
2026-05-21 06:30:29 [INFO    ] crawl_pipeline.worker-3 | [Worker 3] Processing 1thfesk (finansial) — "Apakah ini waktu yang tepat tukar USD ke IDR?..."
2026-05-21 06:30:29 [INFO    ] crawl_pipeline.worker-3 | [Worker 3] 1thfesk done — 8 thread(s)
2026-05-21 06:30:29 [INFO    ] crawl_pipeline.worker-0 | [Worker 0] Processing 1ths266 (indonesia) — "Gasak Motor di Tempat Steam Bumiayu, Pria Salem Diringk..."
2026-05-21 06:30:29 [INFO    ] crawl_pipeline.worker-1 | [Worker 1] Processing 1thikhs (finansial) — "Anyone got SP2DK Orang Pribadi?..."
2026-05-21 06:30:29 [INFO    ] crawl_pipeline.worker-2 | [Worker 2] Processing 1tipqwi (indonesia) — "I feel that some social media have many voices saying t..."
2026-05-21 06:30:29 [INFO    ] crawl_pipeline.worker-0 | [Worker 0] 1ths266 done — 0 thread(s)
2026-05-21 06:30:30 [INFO    ] crawl_pipeline.worker-1 | [Worker 1] 1thikhs done — 2 thread(s)
2026-05-21 06:30:30 [INFO    ] crawl_pipeline.worker-2 | [Worker 2] 1tipqwi done — 5 thread(s)
2026-05-21 06:30:31 [INFO    ] crawl_pipeline.worker-3 | [Worker 3] Processing 1thrxj8 (WkwkwkLand) — "Foto Aseli Pidato Presiden di Paripurna DPR (2026, colo..."
2026-05-21 06:30:31 [INFO    ] crawl_pipeline.worker-3 | [Worker 3] 1thrxj8 done — 0 thread(s)
2026-05-21 06:30:31 [INFO    ] crawl_pipeline.worker-0 | [Worker 0] Processing 1thc4ui (indonesia) — "If Only..."
2026-05-21 06:30:32 [INFO    ] crawl_pipeline.worker-1 | [Worker 1] Processing 1thcsuf (indonesia) — "[5pm WIB Premiere] Happy Asmara - Kopi Dangdut ~ver. Go..."
2026-05-21 06:30:32 [INFO    ] crawl_pipeline.worker-0 | [Worker 0] 1thc4ui done — 0 thread(s)
2026-05-21 06:30:32 [INFO    ] crawl_pipeline.worker-2 | [Worker 2] Processing 1tha5gf (WkwkwkLand) — "Are we Deadass for real?..."
2026-05-21 06:30:32 [INFO    ] crawl_pipeline.worker-1 | [Worker 1] 1thcsuf done — 0 thread(s)
2026-05-21 06:30:33 [INFO    ] crawl_pipeline.worker-2 | [Worker 2] 1tha5gf done — 0 thread(s)
2026-05-21 06:30:33 [INFO    ] crawl_pipeline.worker-3 | [Worker 3] Processing 1th6u9g (BaliTravelTips) — "Visa VOA Information..."
2026-05-21 06:30:34 [INFO    ] crawl_pipeline.worker-3 | [Worker 3] 1th6u9g done — 0 thread(s)
2026-05-21 06:30:34 [INFO    ] crawl_pipeline.worker-0 | [Worker 0] Processing 1thgcy2 (indotech) — "mau nanya perihal mouse wireless..."
2026-05-21 06:30:34 [INFO    ] crawl_pipeline.worker-1 | [Worker 1] Processing 1til2t1 (WkwkwkLand) — "Indonesia Cemas 2069..."
2026-05-21 06:30:34 [INFO    ] crawl_pipeline.worker-0 | [Worker 0] 1thgcy2 done — 4 thread(s)
2026-05-21 06:30:34 [INFO    ] crawl_pipeline.worker-1 | [Worker 1] 1til2t1 done — 0 thread(s)
2026-05-21 06:30:35 [INFO    ] crawl_pipeline.worker-2 | [Worker 2] Processing 1th9mf9 (indotech) — "Komdigi akan Wajibkan Platform Digital Punya Kantor Per..."
2026-05-21 06:30:35 [INFO    ] crawl_pipeline.worker-2 | [Worker 2] 1th9mf9 done — 0 thread(s)
2026-05-21 06:30:36 [INFO    ] crawl_pipeline.worker-3 | [Worker 3] Processing 1th8t83 (indonesia) — "So how is the Indonesian economy really doing?..."
2026-05-21 06:30:36 [INFO    ] crawl_pipeline.worker-0 | [Worker 0] Processing 1tgmle3 (indonesia) — "Djarum it's Diversification time..."
2026-05-21 06:30:36 [INFO    ] crawl_pipeline.worker-3 | [Worker 3] 1th8t83 done — 11 thread(s)
2026-05-21 06:30:36 [INFO    ] crawl_pipeline.worker-1 | [Worker 1] Processing 1th3u6x (AdaIndonesiaCoy) — "the best day of their lives..."
2026-05-21 06:30:37 [INFO    ] crawl_pipeline.worker-1 | [Worker 1] 1th3u6x done — 0 thread(s)
2026-05-21 06:30:37 [INFO    ] crawl_pipeline.worker-2 | [Worker 2] Processing 1thi080 (WkwkwkLand) — "Aku yang dulu..."
2026-05-21 06:30:37 [INFO    ] crawl_pipeline.worker-0 | [Worker 0] 1tgmle3 done — 0 thread(s)
2026-05-21 06:30:37 [INFO    ] crawl_pipeline.worker-2 | [Worker 2] 1thi080 done — 0 thread(s)
2026-05-21 06:30:38 [INFO    ] crawl_pipeline.worker-3 | [Worker 3] Processing 1th73eo (indowibu) — "Apa lagi nih..."
2026-05-21 06:30:39 [INFO    ] crawl_pipeline.worker-3 | [Worker 3] 1th73eo done — 0 thread(s)
2026-05-21 06:30:39 [INFO    ] crawl_pipeline.worker-1 | [Worker 1] Processing 1th7p3s (AdaIndonesiaCoy) — "Kocheng Sholat..."
2026-05-21 06:30:39 [INFO    ] crawl_pipeline.worker-0 | [Worker 0] Processing 1ths148 (indonesia) — "Experience using Retatrutide? dan dimana belinya di Ind..."
2026-05-21 06:30:39 [INFO    ] crawl_pipeline.worker-1 | [Worker 1] 1th7p3s done — 0 thread(s)
2026-05-21 06:30:39 [INFO    ] crawl_pipeline.worker-0 | [Worker 0] 1ths148 done — 3 thread(s)
2026-05-21 06:30:39 [INFO    ] crawl_pipeline.worker-2 | [Worker 2] Processing 1thj8cm (indonesia) — "Indonesia jorok, air limbah industri dan rumah tangga d..."
2026-05-21 06:30:40 [INFO    ] crawl_pipeline.worker-2 | [Worker 2] 1thj8cm done — 1 thread(s)
2026-05-21 06:30:41 [INFO    ] crawl_pipeline.worker-3 | [Worker 3] Processing 1teusp1 (indolostmedia) — "[F] Tampilan KASKUS Tahun 2008 Waktu Maintenis..."
2026-05-21 06:30:41 [INFO    ] crawl_pipeline.worker-3 | [Worker 3] 1teusp1 done — 0 thread(s)
2026-05-21 06:30:41 [INFO    ] crawl_pipeline.worker-1 | [Worker 1] Processing 1th5spd (WkwkwkLand) — "Purbaya..."
2026-05-21 06:30:41 [INFO    ] crawl_pipeline.worker-0 | [Worker 0] Processing 1tglmlv (AdaIndonesiaCoy) — "udh masuk media luar jir, si p got mentioned..."
2026-05-21 06:30:41 [INFO    ] crawl_pipeline.worker-1 | [Worker 1] 1th5spd done — 0 thread(s)
2026-05-21 06:30:42 [INFO    ] crawl_pipeline.worker-2 | [Worker 2] Processing 1thhiyu (indonesiabebas) — "Mereka Biasa Aja, Kenapa Dipuja?..."
2026-05-21 06:30:42 [INFO    ] crawl_pipeline.worker-0 | [Worker 0] 1tglmlv done — 0 thread(s)
2026-05-21 06:30:42 [INFO    ] crawl_pipeline.worker-2 | [Worker 2] 1thhiyu done — 4 thread(s)
2026-05-21 06:30:43 [INFO    ] crawl_pipeline.worker-3 | [Worker 3] Processing 1thgxzk (indonesia) — "Candaan Seksis ke Mahasiswi Berujung Dua Dosen Unram Di..."
2026-05-21 06:30:43 [INFO    ] crawl_pipeline.worker-3 | [Worker 3] 1thgxzk done — 0 thread(s)
2026-05-21 06:30:43 [INFO    ] crawl_pipeline.worker-1 | [Worker 1] Processing 1th9rs2 (indonesia) — "Viral Dugaan Pelecehan Dosen Senior di UNU Blitar, 15 M..."
2026-05-21 06:30:44 [INFO    ] crawl_pipeline.worker-0 | [Worker 0] Processing 1tfmvj0 (indonesian) — "pantesan..."
2026-05-21 06:30:44 [INFO    ] crawl_pipeline.worker-1 | [Worker 1] 1th9rs2 done — 2 thread(s)
2026-05-21 06:30:44 [INFO    ] crawl_pipeline.worker-0 | [Worker 0] 1tfmvj0 done — 1 thread(s)
2026-05-21 06:30:44 [INFO    ] crawl_pipeline.worker-2 | [Worker 2] Processing 1th8z7e (indowibu) — "Kuda Harian #653 (@kabechee)..."
2026-05-21 06:30:44 [INFO    ] crawl_pipeline.worker-2 | [Worker 2] 1th8z7e done — 0 thread(s)
2026-05-21 06:30:45 [INFO    ] crawl_pipeline.worker-3 | [Worker 3] Processing 1thkf2k (indotech) — "How do I turn subtitles permanently..."
2026-05-21 06:30:46 [INFO    ] crawl_pipeline.worker-3 | [Worker 3] 1thkf2k done — 0 thread(s)
2026-05-21 06:30:46 [INFO    ] crawl_pipeline.worker-1 | [Worker 1] Processing 1theevz (indowibu) — "[5pm WIB Premiere] Happy Asmara - Kopi Dangdut ~ver. Go..."
2026-05-21 06:30:46 [INFO    ] crawl_pipeline.worker-0 | [Worker 0] Processing 1tihj5i (indonesia) — "Asking Indonesians: as an Indian, are you guys taught d..."
2026-05-21 06:30:46 [INFO    ] crawl_pipeline.worker-1 | [Worker 1] 1theevz done — 0 thread(s)
2026-05-21 06:30:46 [INFO    ] crawl_pipeline.worker-2 | [Worker 2] Processing 1thpk2q (indotech) — "berapa harga normal charging port samsung galaxy note 1..."
2026-05-21 06:30:46 [INFO    ] crawl_pipeline.worker-0 | [Worker 0] 1tihj5i done — 4 thread(s)
2026-05-21 06:30:47 [INFO    ] crawl_pipeline.worker-2 | [Worker 2] 1thpk2q done — 4 thread(s)
2026-05-21 06:30:48 [INFO    ] crawl_pipeline.worker-3 | [Worker 3] Processing 1tgvea6 (indotech) — "Anyone else experiencing weird Ul/compositor rendering ..."
2026-05-21 06:30:48 [INFO    ] crawl_pipeline.worker-1 | [Worker 1] Processing 1th8ms4 (indotech) — "Laptop sekitaran 10-13jt: alternatif macbook neo?..."
2026-05-21 06:30:48 [INFO    ] crawl_pipeline.worker-3 | [Worker 3] 1tgvea6 done — 0 thread(s)
2026-05-21 06:30:48 [INFO    ] crawl_pipeline.worker-0 | [Worker 0] Processing 1th3lxx (BaliTravelTips) — "First Time in Bali Suggestions?..."
2026-05-21 06:30:49 [INFO    ] crawl_pipeline.worker-1 | [Worker 1] 1th8ms4 done — 6 thread(s)
2026-05-21 06:30:49 [INFO    ] crawl_pipeline.worker-2 | [Worker 2] Processing 1thib3m (finansial) — "Web3 Carrier Potential..."
2026-05-21 06:30:49 [INFO    ] crawl_pipeline.worker-0 | [Worker 0] 1th3lxx done — 1 thread(s)
2026-05-21 06:30:49 [INFO    ] crawl_pipeline.worker-2 | [Worker 2] 1thib3m done — 5 thread(s)
2026-05-21 06:30:50 [INFO    ] crawl_pipeline.worker-3 | [Worker 3] Processing 1tik81a (WkwkwkLand) — "Marapthon..."
2026-05-21 06:30:51 [INFO    ] crawl_pipeline.worker-1 | [Worker 1] Processing 1tgv2f0 (AdaIndonesiaCoy) — "A cat watching a mouse fight in Indonesia...."
2026-05-21 06:30:51 [INFO    ] crawl_pipeline.worker-3 | [Worker 3] 1tik81a done — 0 thread(s)
2026-05-21 06:30:51 [INFO    ] crawl_pipeline.worker-0 | [Worker 0] Processing 1theivy (WkwkwkLand) — "Tenang, orang desa nggak main saham..."
2026-05-21 06:30:51 [INFO    ] crawl_pipeline.worker-1 | [Worker 1] 1tgv2f0 done — 0 thread(s)
2026-05-21 06:30:51 [INFO    ] crawl_pipeline.worker-2 | [Worker 2] Processing 1tidlyp (indonesia) — "Yang bisa dilakukan rakyat biasa untuk memperkuat rupia..."
2026-05-21 06:30:51 [INFO    ] crawl_pipeline.worker-0 | [Worker 0] 1theivy done — 0 thread(s)
2026-05-21 06:30:52 [INFO    ] crawl_pipeline.worker-2 | [Worker 2] 1tidlyp done — 0 thread(s)
2026-05-21 06:30:53 [INFO    ] crawl_pipeline.worker-3 | [Worker 3] Processing 1thgvkp (indowibu) — "Alterna Vvelt -Blue Exorcist Another Story- announces e..."
2026-05-21 06:30:53 [INFO    ] crawl_pipeline.worker-1 | [Worker 1] Processing 1tifzeg (WkwkwkLand) — "kalo nimpa dipikir arsendal..."
2026-05-21 06:30:53 [INFO    ] crawl_pipeline.worker-0 | [Worker 0] Processing 1thltmm (jualbeliindonesia) — "WTS RAM SODIMM DDR4 &amp; SSD SATA PRELOVED..."
2026-05-21 06:30:53 [INFO    ] crawl_pipeline.worker-3 | [Worker 3] 1thgvkp done — 0 thread(s)
2026-05-21 06:30:53 [INFO    ] crawl_pipeline.worker-1 | [Worker 1] 1tifzeg done — 0 thread(s)
2026-05-21 06:30:54 [INFO    ] crawl_pipeline.worker-0 | [Worker 0] 1thltmm done — 0 thread(s)
2026-05-21 06:30:54 [INFO    ] crawl_pipeline.worker-2 | [Worker 2] Processing 1th9m0i (indonesia) — "Komdigi akan Wajibkan Platform Digital Punya Kantor Per..."
2026-05-21 06:30:54 [INFO    ] crawl_pipeline.worker-2 | [Worker 2] 1th9m0i done — 0 thread(s)
2026-05-21 06:30:55 [INFO    ] crawl_pipeline.worker-3 | [Worker 3] Processing 1tgqn6d (AdaIndonesiaCoy) — "Bagi bagi, keripik tempe..."
2026-05-21 06:30:55 [INFO    ] crawl_pipeline.worker-1 | [Worker 1] Processing 1tgfhgt (indowibu) — "Ternyata kita ga bau bawang..."
2026-05-21 06:30:55 [INFO    ] crawl_pipeline.worker-3 | [Worker 3] 1tgqn6d done — 0 thread(s)
2026-05-21 06:30:56 [INFO    ] crawl_pipeline.worker-1 | [Worker 1] 1tgfhgt done — 0 thread(s)
2026-05-21 06:30:56 [INFO    ] crawl_pipeline.worker-0 | [Worker 0] Processing 1thhp54 (finansial) — "Pengalaman pakai virtual office?..."
2026-05-21 06:30:56 [INFO    ] crawl_pipeline.worker-0 | [Worker 0] 1thhp54 done — 1 thread(s)
2026-05-21 06:30:56 [INFO    ] crawl_pipeline.worker-2 | [Worker 2] Processing 1thbvit (jualbeliindonesia) — "WTS Zotac Gaming GeForce GTX 1650 4GB GDDR5 OC Edition ..."
2026-05-21 06:30:57 [INFO    ] crawl_pipeline.worker-2 | [Worker 2] 1thbvit done — 0 thread(s)
2026-05-21 06:30:57 [INFO    ] crawl_pipeline.worker-3 | [Worker 3] Processing 1thbpn1 (indotech) — "Should i fix it? or not? any suggestions?..."
2026-05-21 06:30:58 [INFO    ] crawl_pipeline.worker-1 | [Worker 1] Processing 1tfo583 (pria) — "Izin mau nanyak..."
2026-05-21 06:30:58 [INFO    ] crawl_pipeline.worker-3 | [Worker 3] 1thbpn1 done — 0 thread(s)
2026-05-21 06:30:58 [INFO    ] crawl_pipeline.worker-1 | [Worker 1] 1tfo583 done — 3 thread(s)
2026-05-21 06:30:58 [INFO    ] crawl_pipeline.worker-0 | [Worker 0] Processing 1thj1wo (WkwkwkLand) — "foto pertama bekerja..."
2026-05-21 06:30:58 [INFO    ] crawl_pipeline.worker-0 | [Worker 0] 1thj1wo done — 0 thread(s)
2026-05-21 06:30:59 [INFO    ] crawl_pipeline.worker-2 | [Worker 2] Processing 1thez3g (indonesia) — "bisnis telekomunikasi seluler..."
2026-05-21 06:30:59 [INFO    ] crawl_pipeline.worker-2 | [Worker 2] 1thez3g done — 0 thread(s)
2026-05-21 06:31:00 [INFO    ] crawl_pipeline.worker-3 | [Worker 3] Processing 1tgi16f (indonesiabebas) — "Ngambil di Indomarco..."
2026-05-21 06:31:00 [INFO    ] crawl_pipeline.worker-1 | [Worker 1] Processing 1tgdlxw (indotech) — "[ASK] Mengenai AC inverter vs Non-inverter..."
2026-05-21 06:31:00 [INFO    ] crawl_pipeline.worker-3 | [Worker 3] 1tgi16f done — 0 thread(s)
2026-05-21 06:31:00 [INFO    ] crawl_pipeline.worker-0 | [Worker 0] Processing 1th9ikl (indotech) — "Help! sim card gabisa dipake..."
2026-05-21 06:31:01 [INFO    ] crawl_pipeline.worker-0 | [Worker 0] 1th9ikl done — 2 thread(s)
2026-05-21 06:31:01 [INFO    ] crawl_pipeline.worker-1 | [Worker 1] 1tgdlxw done — 0 thread(s)
2026-05-21 06:31:01 [INFO    ] crawl_pipeline.worker-2 | [Worker 2] Processing 1thgkps (indotech) — "Bagaimana pengalaman bermain game berat di HP variant F..."
2026-05-21 06:31:01 [INFO    ] crawl_pipeline.worker-2 | [Worker 2] 1thgkps done — 1 thread(s)
2026-05-21 06:31:02 [INFO    ] crawl_pipeline.worker-3 | [Worker 3] Processing 1thjm9v (indonesia) — "East Java trip..."
2026-05-21 06:31:03 [INFO    ] crawl_pipeline.worker-3 | [Worker 3] 1thjm9v done — 1 thread(s)
2026-05-21 06:31:03 [INFO    ] crawl_pipeline.worker-0 | [Worker 0] Processing 1thfdtu (indonesia) — "Modus Transaksi Judol di RI Bukan Cuma Pakai Rekening, ..."
2026-05-21 06:31:03 [INFO    ] crawl_pipeline.worker-1 | [Worker 1] Processing 1tgieck (indowibu) — "MK : Normies Mulai Invasi CF..."
2026-05-21 06:31:03 [INFO    ] crawl_pipeline.worker-0 | [Worker 0] 1thfdtu done — 0 thread(s)
2026-05-21 06:31:03 [INFO    ] crawl_pipeline.worker-1 | [Worker 1] 1tgieck done — 0 thread(s)
2026-05-21 06:31:03 [INFO    ] crawl_pipeline.worker-2 | [Worker 2] Processing 1tgvp8p (bali) — "Places to get hair braided..."
2026-05-21 06:31:04 [INFO    ] crawl_pipeline.worker-2 | [Worker 2] 1tgvp8p done — 0 thread(s)
2026-05-21 06:31:05 [INFO    ] crawl_pipeline.worker-3 | [Worker 3] Processing 1thh533 (WkwkwkLand) — "hehe, kyknya khusus mode desktop dan mouse..."
2026-05-21 06:31:05 [INFO    ] crawl_pipeline.worker-3 | [Worker 3] 1thh533 done — 0 thread(s)
2026-05-21 06:31:05 [INFO    ] crawl_pipeline.worker-0 | [Worker 0] Processing 1tgx8i4 (BaliTravelTips) — "Feedback for trip..."
2026-05-21 06:31:05 [INFO    ] crawl_pipeline.worker-1 | [Worker 1] Processing 1tgmmog (indonesiabebas) — "Kok kulak di indomarco..."
2026-05-21 06:31:05 [INFO    ] crawl_pipeline.worker-0 | [Worker 0] 1tgx8i4 done — 2 thread(s)
2026-05-21 06:31:05 [WARNING ] crawl_pipeline.comments | Rate-limited (429). Waiting 2s (attempt 1/5)
2026-05-21 06:31:06 [INFO    ] crawl_pipeline.worker-2 | [Worker 2] Processing 1th65zz (jualbeliindonesia) — "WTB - Tiket Half Marathon Buat Jogja Marathon..."
2026-05-21 06:31:06 [WARNING ] crawl_pipeline.comments | Rate-limited (429). Waiting 2s (attempt 1/5)
2026-05-21 06:31:07 [INFO    ] crawl_pipeline.worker-3 | [Worker 3] Processing 1th3ifq (AdaIndonesiaCoy) — "Bali Is Everything Wrong With Society- YouTube..."
2026-05-21 06:31:07 [WARNING ] crawl_pipeline.comments | Rate-limited (429). Waiting 2s (attempt 1/5)
2026-05-21 06:31:07 [INFO    ] crawl_pipeline.worker-0 | [Worker 0] Processing 1thk0yn (WkwkwkLand) — "Jokowi ngapain di tempat jual alat ibadah china..."
2026-05-21 06:31:08 [WARNING ] crawl_pipeline.comments | Rate-limited (429). Waiting 2s (attempt 1/5)
2026-05-21 06:31:08 [WARNING ] crawl_pipeline.comments | Rate-limited (429). Waiting 4s (attempt 2/5)
2026-05-21 06:31:08 [WARNING ] crawl_pipeline.comments | Rate-limited (429). Waiting 4s (attempt 2/5)
2026-05-21 06:31:09 [WARNING ] crawl_pipeline.comments | Rate-limited (429). Waiting 4s (attempt 2/5)
2026-05-21 06:31:10 [WARNING ] crawl_pipeline.comments | Rate-limited (429). Waiting 4s (attempt 2/5)
2026-05-21 06:31:12 [WARNING ] crawl_pipeline.comments | Rate-limited (429). Waiting 6s (attempt 3/5)
2026-05-21 06:31:13 [WARNING ] crawl_pipeline.comments | Rate-limited (429). Waiting 6s (attempt 3/5)
2026-05-21 06:31:13 [WARNING ] crawl_pipeline.comments | Rate-limited (429). Waiting 6s (attempt 3/5)
2026-05-21 06:31:14 [WARNING ] crawl_pipeline.comments | Rate-limited (429). Waiting 6s (attempt 3/5)
2026-05-21 06:31:18 [WARNING ] crawl_pipeline.comments | Rate-limited (429). Waiting 8s (attempt 4/5)
2026-05-21 06:31:19 [WARNING ] crawl_pipeline.comments | Rate-limited (429). Waiting 8s (attempt 4/5)
2026-05-21 06:31:20 [WARNING ] crawl_pipeline.comments | Rate-limited (429). Waiting 8s (attempt 4/5)
2026-05-21 06:31:20 [WARNING ] crawl_pipeline.comments | Rate-limited (429). Waiting 8s (attempt 4/5)
2026-05-21 06:31:26 [WARNING ] crawl_pipeline.comments | Rate-limited (429). Waiting 10s (attempt 5/5)
2026-05-21 06:31:27 [WARNING ] crawl_pipeline.comments | Rate-limited (429). Waiting 10s (attempt 5/5)
2026-05-21 06:31:28 [WARNING ] crawl_pipeline.comments | Rate-limited (429). Waiting 10s (attempt 5/5)
2026-05-21 06:31:28 [WARNING ] crawl_pipeline.comments | Rate-limited (429). Waiting 10s (attempt 5/5)
2026-05-21 06:31:36 [ERROR   ] crawl_pipeline.comments | Could not fetch comments for post 1tgmmog: Failed after 5 retries: https://www.reddit.com/r/indonesiabebas/comments/1tgmmog.json
2026-05-21 06:31:36 [INFO    ] crawl_pipeline.worker-1 | [Worker 1] 1tgmmog done — 0 thread(s)
2026-05-21 06:31:37 [ERROR   ] crawl_pipeline.comments | Could not fetch comments for post 1th65zz: Failed after 5 retries: https://www.reddit.com/r/jualbeliindonesia/comments/1th65zz.json
2026-05-21 06:31:37 [INFO    ] crawl_pipeline.worker-2 | [Worker 2] 1th65zz done — 0 thread(s)
2026-05-21 06:31:38 [ERROR   ] crawl_pipeline.comments | Could not fetch comments for post 1th3ifq: Failed after 5 retries: https://www.reddit.com/r/AdaIndonesiaCoy/comments/1th3ifq.json
2026-05-21 06:31:38 [INFO    ] crawl_pipeline.worker-3 | [Worker 3] 1th3ifq done — 0 thread(s)
2026-05-21 06:31:38 [INFO    ] crawl_pipeline.worker-1 | [Worker 1] Processing 1tgd55e (Cekrek) — "Masjid Al Aqsha Klaten..."
2026-05-21 06:31:38 [ERROR   ] crawl_pipeline.comments | Could not fetch comments for post 1thk0yn: Failed after 5 retries: https://www.reddit.com/r/WkwkwkLand/comments/1thk0yn.json
2026-05-21 06:31:38 [INFO    ] crawl_pipeline.worker-0 | [Worker 0] 1thk0yn done — 0 thread(s)
2026-05-21 06:31:38 [WARNING ] crawl_pipeline.comments | Rate-limited (429). Waiting 2s (attempt 1/5)
2026-05-21 06:31:39 [INFO    ] crawl_pipeline.worker-2 | [Worker 2] Processing 1thdaoo (indonesia) — "CSG: The Indonesia Problem - HUNTERBROOK..."
2026-05-21 06:31:39 [WARNING ] crawl_pipeline.comments | Rate-limited (429). Waiting 2s (attempt 1/5)
2026-05-21 06:31:40 [INFO    ] crawl_pipeline.worker-3 | [Worker 3] Processing 1thdk40 (jualbeliindonesia) — "WTS Gift Game Battle.net..."
2026-05-21 06:31:40 [WARNING ] crawl_pipeline.comments | Rate-limited (429). Waiting 2s (attempt 1/5)
2026-05-21 06:31:40 [INFO    ] crawl_pipeline.worker-0 | [Worker 0] Processing 1tgv5bq (BaliTravelTips) — "Bali hotels comparison for honeymoon..."
2026-05-21 06:31:41 [WARNING ] crawl_pipeline.comments | Rate-limited (429). Waiting 2s (attempt 1/5)
2026-05-21 06:31:41 [WARNING ] crawl_pipeline.comments | Rate-limited (429). Waiting 4s (attempt 2/5)
2026-05-21 06:31:41 [WARNING ] crawl_pipeline.comments | Rate-limited (429). Waiting 4s (attempt 2/5)
2026-05-21 06:31:42 [WARNING ] crawl_pipeline.comments | Rate-limited (429). Waiting 4s (attempt 2/5)
2026-05-21 06:31:43 [WARNING ] crawl_pipeline.comments | Rate-limited (429). Waiting 4s (attempt 2/5)
2026-05-21 06:31:45 [WARNING ] crawl_pipeline.comments | Rate-limited (429). Waiting 6s (attempt 3/5)
2026-05-21 06:31:46 [WARNING ] crawl_pipeline.comments | Rate-limited (429). Waiting 6s (attempt 3/5)
2026-05-21 06:31:47 [WARNING ] crawl_pipeline.comments | Rate-limited (429). Waiting 6s (attempt 3/5)
2026-05-21 06:31:47 [WARNING ] crawl_pipeline.comments | Rate-limited (429). Waiting 6s (attempt 3/5)
2026-05-21 06:31:51 [WARNING ] crawl_pipeline.comments | Rate-limited (429). Waiting 8s (attempt 4/5)
2026-05-21 06:31:52 [WARNING ] crawl_pipeline.comments | Rate-limited (429). Waiting 8s (attempt 4/5)
2026-05-21 06:31:53 [WARNING ] crawl_pipeline.comments | Rate-limited (429). Waiting 8s (attempt 4/5)
2026-05-21 06:31:53 [WARNING ] crawl_pipeline.comments | Rate-limited (429). Waiting 8s (attempt 4/5)
2026-05-21 06:31:59 [WARNING ] crawl_pipeline.comments | Rate-limited (429). Waiting 10s (attempt 5/5)
2026-05-21 06:32:00 [WARNING ] crawl_pipeline.comments | Rate-limited (429). Waiting 10s (attempt 5/5)
2026-05-21 06:32:01 [WARNING ] crawl_pipeline.comments | Rate-limited (429). Waiting 10s (attempt 5/5)
2026-05-21 06:32:01 [WARNING ] crawl_pipeline.comments | Rate-limited (429). Waiting 10s (attempt 5/5)
2026-05-21 06:32:09 [ERROR   ] crawl_pipeline.comments | Could not fetch comments for post 1tgd55e: Failed after 5 retries: https://www.reddit.com/r/Cekrek/comments/1tgd55e.json
2026-05-21 06:32:09 [INFO    ] crawl_pipeline.worker-1 | [Worker 1] 1tgd55e done — 0 thread(s)
2026-05-21 06:32:10 [ERROR   ] crawl_pipeline.comments | Could not fetch comments for post 1thdaoo: Failed after 5 retries: https://www.reddit.com/r/indonesia/comments/1thdaoo.json
2026-05-21 06:32:10 [INFO    ] crawl_pipeline.worker-2 | [Worker 2] 1thdaoo done — 0 thread(s)
2026-05-21 06:32:11 [INFO    ] crawl_pipeline.worker-1 | [Worker 1] Processing 1tgiumc (indowibu) — "NANO (Japanese Singer) buat statement tentang koneksi f..."
2026-05-21 06:32:11 [ERROR   ] crawl_pipeline.comments | Could not fetch comments for post 1thdk40: Failed after 5 retries: https://www.reddit.com/r/jualbeliindonesia/comments/1thdk40.json
2026-05-21 06:32:11 [INFO    ] crawl_pipeline.worker-3 | [Worker 3] 1thdk40 done — 0 thread(s)
2026-05-21 06:32:11 [ERROR   ] crawl_pipeline.comments | Could not fetch comments for post 1tgv5bq: Failed after 5 retries: https://www.reddit.com/r/BaliTravelTips/comments/1tgv5bq.json
2026-05-21 06:32:11 [INFO    ] crawl_pipeline.worker-0 | [Worker 0] 1tgv5bq done — 0 thread(s)
2026-05-21 06:32:12 [WARNING ] crawl_pipeline.comments | Rate-limited (429). Waiting 2s (attempt 1/5)
2026-05-21 06:32:12 [INFO    ] crawl_pipeline.worker-2 | [Worker 2] Processing 1tgrky1 (jualbeliindonesia) — "WTS koleksi pin hard rock mulai dari 1993. start from 5..."
2026-05-21 06:32:12 [WARNING ] crawl_pipeline.comments | Rate-limited (429). Waiting 2s (attempt 1/5)
2026-05-21 06:32:13 [INFO    ] crawl_pipeline.worker-3 | [Worker 3] Processing 1tghhzj (indonesia) — "Ganjar sabotaged by his own party (kinda)..."
2026-05-21 06:32:13 [INFO    ] crawl_pipeline.worker-0 | [Worker 0] Processing 1thc284 (IndoGamer) — "saran game dong buat hp itel city 100 chipsey unisoc t7..."
2026-05-21 06:32:14 [WARNING ] crawl_pipeline.comments | Rate-limited (429). Waiting 2s (attempt 1/5)
2026-05-21 06:32:14 [WARNING ] crawl_pipeline.comments | Rate-limited (429). Waiting 2s (attempt 1/5)
2026-05-21 06:32:14 [WARNING ] crawl_pipeline.comments | Rate-limited (429). Waiting 4s (attempt 2/5)
2026-05-21 06:32:14 [WARNING ] crawl_pipeline.comments | Rate-limited (429). Waiting 4s (attempt 2/5)
2026-05-21 06:32:16 [WARNING ] crawl_pipeline.comments | Rate-limited (429). Waiting 4s (attempt 2/5)
2026-05-21 06:32:16 [WARNING ] crawl_pipeline.comments | Rate-limited (429). Waiting 4s (attempt 2/5)
2026-05-21 06:32:18 [WARNING ] crawl_pipeline.comments | Rate-limited (429). Waiting 6s (attempt 3/5)
2026-05-21 06:32:19 [WARNING ] crawl_pipeline.comments | Rate-limited (429). Waiting 6s (attempt 3/5)
2026-05-21 06:32:20 [WARNING ] crawl_pipeline.comments | Rate-limited (429). Waiting 6s (attempt 3/5)
2026-05-21 06:32:20 [WARNING ] crawl_pipeline.comments | Rate-limited (429). Waiting 6s (attempt 3/5)
2026-05-21 06:32:24 [WARNING ] crawl_pipeline.comments | Rate-limited (429). Waiting 8s (attempt 4/5)
2026-05-21 06:32:25 [WARNING ] crawl_pipeline.comments | Rate-limited (429). Waiting 8s (attempt 4/5)
2026-05-21 06:32:26 [WARNING ] crawl_pipeline.comments | Rate-limited (429). Waiting 8s (attempt 4/5)
2026-05-21 06:32:27 [WARNING ] crawl_pipeline.comments | Rate-limited (429). Waiting 8s (attempt 4/5)
2026-05-21 06:32:33 [WARNING ] crawl_pipeline.comments | Rate-limited (429). Waiting 10s (attempt 5/5)
2026-05-21 06:32:33 [WARNING ] crawl_pipeline.comments | Rate-limited (429). Waiting 10s (attempt 5/5)
2026-05-21 06:32:34 [WARNING ] crawl_pipeline.comments | Rate-limited (429). Waiting 10s (attempt 5/5)
2026-05-21 06:32:35 [WARNING ] crawl_pipeline.comments | Rate-limited (429). Waiting 10s (attempt 5/5)
2026-05-21 06:32:43 [ERROR   ] crawl_pipeline.comments | Could not fetch comments for post 1tgiumc: Failed after 5 retries: https://www.reddit.com/r/indowibu/comments/1tgiumc.json
2026-05-21 06:32:43 [INFO    ] crawl_pipeline.worker-1 | [Worker 1] 1tgiumc done — 0 thread(s)
2026-05-21 06:32:43 [ERROR   ] crawl_pipeline.comments | Could not fetch comments for post 1tgrky1: Failed after 5 retries: https://www.reddit.com/r/jualbeliindonesia/comments/1tgrky1.json
2026-05-21 06:32:43 [INFO    ] crawl_pipeline.worker-2 | [Worker 2] 1tgrky1 done — 0 thread(s)
2026-05-21 06:32:44 [ERROR   ] crawl_pipeline.comments | Could not fetch comments for post 1tghhzj: Failed after 5 retries: https://www.reddit.com/r/indonesia/comments/1tghhzj.json
2026-05-21 06:32:44 [INFO    ] crawl_pipeline.worker-3 | [Worker 3] 1tghhzj done — 0 thread(s)
2026-05-21 06:32:45 [INFO    ] crawl_pipeline.worker-1 | [Worker 1] Processing 1thjrza (jualbeliindonesia) — "WTS Ergotron HX Desk Monitor Arm with VHD Pivot (White)..."
2026-05-21 06:32:45 [ERROR   ] crawl_pipeline.comments | Could not fetch comments for post 1thc284: Failed after 5 retries: https://www.reddit.com/r/IndoGamer/comments/1thc284.json
2026-05-21 06:32:45 [INFO    ] crawl_pipeline.worker-0 | [Worker 0] 1thc284 done — 0 thread(s)
2026-05-21 06:32:45 [WARNING ] crawl_pipeline.comments | Rate-limited (429). Waiting 2s (attempt 1/5)
2026-05-21 06:32:45 [INFO    ] crawl_pipeline.worker-2 | [Worker 2] Processing 1tgjdrz (jualbeliindonesia) — "WTS rumah di Sukodono Sidoarjo Rp 675 jt..."
2026-05-21 06:32:45 [WARNING ] crawl_pipeline.comments | Rate-limited (429). Waiting 2s (attempt 1/5)
2026-05-21 06:32:46 [INFO    ] crawl_pipeline.worker-3 | [Worker 3] Processing 1tgng54 (indotech) — "Apakah normal untuk Laptop hinge seperti ini ?..."
2026-05-21 06:32:47 [WARNING ] crawl_pipeline.comments | Rate-limited (429). Waiting 2s (attempt 1/5)
2026-05-21 06:32:47 [INFO    ] crawl_pipeline.worker-0 | [Worker 0] Processing 1theowh (WkwkwkLand) — "Kicau Mania..."
2026-05-21 06:32:47 [WARNING ] crawl_pipeline.comments | Rate-limited (429). Waiting 2s (attempt 1/5)
2026-05-21 06:32:47 [WARNING ] crawl_pipeline.comments | Rate-limited (429). Waiting 4s (attempt 2/5)
2026-05-21 06:32:47 [WARNING ] crawl_pipeline.comments | Rate-limited (429). Waiting 4s (attempt 2/5)
2026-05-21 06:32:49 [WARNING ] crawl_pipeline.comments | Rate-limited (429). Waiting 4s (attempt 2/5)
2026-05-21 06:32:49 [WARNING ] crawl_pipeline.comments | Rate-limited (429). Waiting 4s (attempt 2/5)
2026-05-21 06:32:51 [WARNING ] crawl_pipeline.comments | Rate-limited (429). Waiting 6s (attempt 3/5)
2026-05-21 06:32:52 [WARNING ] crawl_pipeline.comments | Rate-limited (429). Waiting 6s (attempt 3/5)
2026-05-21 06:32:53 [WARNING ] crawl_pipeline.comments | Rate-limited (429). Waiting 6s (attempt 3/5)
2026-05-21 06:32:53 [WARNING ] crawl_pipeline.comments | Rate-limited (429). Waiting 6s (attempt 3/5)
2026-05-21 06:32:58 [WARNING ] crawl_pipeline.comments | Rate-limited (429). Waiting 8s (attempt 4/5)
2026-05-21 06:32:58 [WARNING ] crawl_pipeline.comments | Rate-limited (429). Waiting 8s (attempt 4/5)
2026-05-21 06:32:59 [WARNING ] crawl_pipeline.comments | Rate-limited (429). Waiting 8s (attempt 4/5)
2026-05-21 06:33:00 [WARNING ] crawl_pipeline.comments | Rate-limited (429). Waiting 8s (attempt 4/5)
2026-05-21 06:33:06 [WARNING ] crawl_pipeline.comments | Rate-limited (429). Waiting 10s (attempt 5/5)
2026-05-21 06:33:06 [WARNING ] crawl_pipeline.comments | Rate-limited (429). Waiting 10s (attempt 5/5)
2026-05-21 06:33:07 [WARNING ] crawl_pipeline.comments | Rate-limited (429). Waiting 10s (attempt 5/5)
2026-05-21 06:33:08 [WARNING ] crawl_pipeline.comments | Rate-limited (429). Waiting 10s (attempt 5/5)
2026-05-21 06:33:16 [ERROR   ] crawl_pipeline.comments | Could not fetch comments for post 1thjrza: Failed after 5 retries: https://www.reddit.com/r/jualbeliindonesia/comments/1thjrza.json
2026-05-21 06:33:16 [INFO    ] crawl_pipeline.worker-1 | [Worker 1] 1thjrza done — 0 thread(s)
2026-05-21 06:33:16 [ERROR   ] crawl_pipeline.comments | Could not fetch comments for post 1tgjdrz: Failed after 5 retries: https://www.reddit.com/r/jualbeliindonesia/comments/1tgjdrz.json
2026-05-21 06:33:16 [INFO    ] crawl_pipeline.worker-2 | [Worker 2] 1tgjdrz done — 0 thread(s)
2026-05-21 06:33:17 [ERROR   ] crawl_pipeline.comments | Could not fetch comments for post 1tgng54: Failed after 5 retries: https://www.reddit.com/r/indotech/comments/1tgng54.json
2026-05-21 06:33:17 [INFO    ] crawl_pipeline.worker-3 | [Worker 3] 1tgng54 done — 0 thread(s)
2026-05-21 06:33:18 [INFO    ] crawl_pipeline.worker-1 | [Worker 1] Processing 1tgni1z (indonesia) — "Rupiah Tembus Rp17.600 per Dolar AS, Anggota DPR Desak ..."
2026-05-21 06:33:18 [WARNING ] crawl_pipeline.comments | Rate-limited (429). Waiting 2s (attempt 1/5)
2026-05-21 06:33:18 [INFO    ] crawl_pipeline.worker-2 | [Worker 2] Processing 1itwsl1 (Pisang) — "Pisang..."
2026-05-21 06:33:18 [ERROR   ] crawl_pipeline.comments | Could not fetch comments for post 1theowh: Failed after 5 retries: https://www.reddit.com/r/WkwkwkLand/comments/1theowh.json
2026-05-21 06:33:18 [INFO    ] crawl_pipeline.worker-0 | [Worker 0] 1theowh done — 0 thread(s)
2026-05-21 06:33:18 [WARNING ] crawl_pipeline.comments | Rate-limited (429). Waiting 2s (attempt 1/5)
2026-05-21 06:33:19 [INFO    ] crawl_pipeline.worker-3 | [Worker 3] Processing 1tgeyoa (jualbeliindonesia) — "WTS PC 1 SET (Tidak diecer)..."
2026-05-21 06:33:20 [WARNING ] crawl_pipeline.comments | Rate-limited (429). Waiting 2s (attempt 1/5)
2026-05-21 06:33:20 [WARNING ] crawl_pipeline.comments | Rate-limited (429). Waiting 4s (attempt 2/5)
2026-05-21 06:33:20 [INFO    ] crawl_pipeline.worker-0 | [Worker 0] Processing 1thjqat (WkwkwkLand) — "hebat prediksinya semua tumbuh..."
2026-05-21 06:33:20 [WARNING ] crawl_pipeline.comments | Rate-limited (429). Waiting 2s (attempt 1/5)
2026-05-21 06:33:21 [WARNING ] crawl_pipeline.comments | Rate-limited (429). Waiting 4s (attempt 2/5)
2026-05-21 06:33:22 [WARNING ] crawl_pipeline.comments | Rate-limited (429). Waiting 4s (attempt 2/5)
2026-05-21 06:33:23 [WARNING ] crawl_pipeline.comments | Rate-limited (429). Waiting 4s (attempt 2/5)
2026-05-21 06:33:24 [WARNING ] crawl_pipeline.comments | Rate-limited (429). Waiting 6s (attempt 3/5)
2026-05-21 06:33:25 [WARNING ] crawl_pipeline.comments | Rate-limited (429). Waiting 6s (attempt 3/5)
2026-05-21 06:33:26 [WARNING ] crawl_pipeline.comments | Rate-limited (429). Waiting 6s (attempt 3/5)
2026-05-21 06:33:27 [WARNING ] crawl_pipeline.comments | Rate-limited (429). Waiting 6s (attempt 3/5)
2026-05-21 06:33:31 [WARNING ] crawl_pipeline.comments | Rate-limited (429). Waiting 8s (attempt 4/5)
2026-05-21 06:33:31 [WARNING ] crawl_pipeline.comments | Rate-limited (429). Waiting 8s (attempt 4/5)
2026-05-21 06:33:33 [WARNING ] crawl_pipeline.comments | Rate-limited (429). Waiting 8s (attempt 4/5)
2026-05-21 06:33:33 [WARNING ] crawl_pipeline.comments | Rate-limited (429). Waiting 8s (attempt 4/5)
2026-05-21 06:33:39 [WARNING ] crawl_pipeline.comments | Rate-limited (429). Waiting 10s (attempt 5/5)
2026-05-21 06:33:39 [WARNING ] crawl_pipeline.comments | Rate-limited (429). Waiting 10s (attempt 5/5)
2026-05-21 06:33:41 [WARNING ] crawl_pipeline.comments | Rate-limited (429). Waiting 10s (attempt 5/5)
2026-05-21 06:33:42 [WARNING ] crawl_pipeline.comments | Rate-limited (429). Waiting 10s (attempt 5/5)
2026-05-21 06:33:49 [ERROR   ] crawl_pipeline.comments | Could not fetch comments for post 1tgni1z: Failed after 5 retries: https://www.reddit.com/r/indonesia/comments/1tgni1z.json
2026-05-21 06:33:49 [INFO    ] crawl_pipeline.worker-1 | [Worker 1] 1tgni1z done — 0 thread(s)
2026-05-21 06:33:49 [ERROR   ] crawl_pipeline.comments | Could not fetch comments for post 1itwsl1: Failed after 5 retries: https://www.reddit.com/r/Pisang/comments/1itwsl1.json
2026-05-21 06:33:49 [INFO    ] crawl_pipeline.worker-2 | [Worker 2] 1itwsl1 done — 0 thread(s)
2026-05-21 06:33:51 [INFO    ] crawl_pipeline.worker-1 | [Worker 1] Processing 1tgljlc (IndoGamer) — "Pokemon x Kopi Dangdut (by Happy Asmara) : Potensi Gen ..."
2026-05-21 06:33:51 [ERROR   ] crawl_pipeline.comments | Could not fetch comments for post 1tgeyoa: Failed after 5 retries: https://www.reddit.com/r/jualbeliindonesia/comments/1tgeyoa.json
2026-05-21 06:33:51 [INFO    ] crawl_pipeline.worker-3 | [Worker 3] 1tgeyoa done — 0 thread(s)
2026-05-21 06:33:51 [WARNING ] crawl_pipeline.comments | Rate-limited (429). Waiting 2s (attempt 1/5)
2026-05-21 06:33:51 [INFO    ] crawl_pipeline.worker-2 | [Worker 2] Processing 1tgpsp3 (indonesia) — "Perjalanan ke Jawa be like:..."
2026-05-21 06:33:51 [WARNING ] crawl_pipeline.comments | Rate-limited (429). Waiting 2s (attempt 1/5)
2026-05-21 06:33:52 [ERROR   ] crawl_pipeline.comments | Could not fetch comments for post 1thjqat: Failed after 5 retries: https://www.reddit.com/r/WkwkwkLand/comments/1thjqat.json
2026-05-21 06:33:52 [INFO    ] crawl_pipeline.worker-0 | [Worker 0] 1thjqat done — 0 thread(s)
2026-05-21 06:33:53 [INFO    ] crawl_pipeline.worker-3 | [Worker 3] Processing 1tglt2q (BaliTravelTips) — "Without public transport, what is the best cheapest way..."
2026-05-21 06:33:53 [WARNING ] crawl_pipeline.comments | Rate-limited (429). Waiting 2s (attempt 1/5)
2026-05-21 06:33:53 [WARNING ] crawl_pipeline.comments | Rate-limited (429). Waiting 4s (attempt 2/5)
2026-05-21 06:33:54 [WARNING ] crawl_pipeline.comments | Rate-limited (429). Waiting 4s (attempt 2/5)
2026-05-21 06:33:54 [INFO    ] crawl_pipeline.worker-0 | [Worker 0] Processing 1tgjjv7 (WkwkwkLand) — "Rupiah finally achieved a new record!🎊 17.706,55!..."
2026-05-21 06:33:54 [WARNING ] crawl_pipeline.comments | Rate-limited (429). Waiting 2s (attempt 1/5)
2026-05-21 06:33:55 [WARNING ] crawl_pipeline.comments | Rate-limited (429). Waiting 4s (attempt 2/5)
2026-05-21 06:33:56 [WARNING ] crawl_pipeline.comments | Rate-limited (429). Waiting 4s (attempt 2/5)
2026-05-21 06:33:57 [WARNING ] crawl_pipeline.comments | Rate-limited (429). Waiting 6s (attempt 3/5)
2026-05-21 06:33:58 [WARNING ] crawl_pipeline.comments | Rate-limited (429). Waiting 6s (attempt 3/5)
2026-05-21 06:34:00 [WARNING ] crawl_pipeline.comments | Rate-limited (429). Waiting 6s (attempt 3/5)
2026-05-21 06:34:00 [WARNING ] crawl_pipeline.comments | Rate-limited (429). Waiting 6s (attempt 3/5)
2026-05-21 06:34:04 [WARNING ] crawl_pipeline.comments | Rate-limited (429). Waiting 8s (attempt 4/5)
2026-05-21 06:34:04 [WARNING ] crawl_pipeline.comments | Rate-limited (429). Waiting 8s (attempt 4/5)
2026-05-21 06:34:06 [WARNING ] crawl_pipeline.comments | Rate-limited (429). Waiting 8s (attempt 4/5)
2026-05-21 06:34:07 [WARNING ] crawl_pipeline.comments | Rate-limited (429). Waiting 8s (attempt 4/5)
2026-05-21 06:34:12 [WARNING ] crawl_pipeline.comments | Rate-limited (429). Waiting 10s (attempt 5/5)
2026-05-21 06:34:12 [WARNING ] crawl_pipeline.comments | Rate-limited (429). Waiting 10s (attempt 5/5)
2026-05-21 06:34:14 [WARNING ] crawl_pipeline.comments | Rate-limited (429). Waiting 10s (attempt 5/5)
2026-05-21 06:34:15 [WARNING ] crawl_pipeline.comments | Rate-limited (429). Waiting 10s (attempt 5/5)
2026-05-21 06:34:22 [ERROR   ] crawl_pipeline.comments | Could not fetch comments for post 1tgljlc: Failed after 5 retries: https://www.reddit.com/r/IndoGamer/comments/1tgljlc.json
2026-05-21 06:34:22 [INFO    ] crawl_pipeline.worker-1 | [Worker 1] 1tgljlc done — 0 thread(s)
2026-05-21 06:34:22 [ERROR   ] crawl_pipeline.comments | Could not fetch comments for post 1tgpsp3: Failed after 5 retries: https://www.reddit.com/r/indonesia/comments/1tgpsp3.json
2026-05-21 06:34:22 [INFO    ] crawl_pipeline.worker-2 | [Worker 2] 1tgpsp3 done — 0 thread(s)
2026-05-21 06:34:24 [INFO    ] crawl_pipeline.worker-1 | [Worker 1] Processing 1th9zcb (indotech) — "WhatsApp di secondary device kok sering ada notif yg il..."
2026-05-21 06:34:24 [ERROR   ] crawl_pipeline.comments | Could not fetch comments for post 1tglt2q: Failed after 5 retries: https://www.reddit.com/r/BaliTravelTips/comments/1tglt2q.json
2026-05-21 06:34:24 [INFO    ] crawl_pipeline.worker-3 | [Worker 3] 1tglt2q done — 0 thread(s)
2026-05-21 06:34:24 [WARNING ] crawl_pipeline.comments | Rate-limited (429). Waiting 2s (attempt 1/5)
2026-05-21 06:34:24 [INFO    ] crawl_pipeline.worker-2 | [Worker 2] Processing 1th2n6p (indonesia) — "Detik-detik Segerombol Pria Mesum Diturunkan Paksa dari..."
2026-05-21 06:34:24 [WARNING ] crawl_pipeline.comments | Rate-limited (429). Waiting 2s (attempt 1/5)
2026-05-21 06:34:25 [ERROR   ] crawl_pipeline.comments | Could not fetch comments for post 1tgjjv7: Failed after 5 retries: https://www.reddit.com/r/WkwkwkLand/comments/1tgjjv7.json
2026-05-21 06:34:25 [INFO    ] crawl_pipeline.worker-0 | [Worker 0] 1tgjjv7 done — 0 thread(s)
2026-05-21 06:34:26 [INFO    ] crawl_pipeline.worker-3 | [Worker 3] Processing 1thcebw (indotech) — "Need insight, colorful battle ax rtx 5070ti vs palit ga..."
2026-05-21 06:34:26 [WARNING ] crawl_pipeline.comments | Rate-limited (429). Waiting 2s (attempt 1/5)
2026-05-21 06:34:26 [WARNING ] crawl_pipeline.comments | Rate-limited (429). Waiting 4s (attempt 2/5)
2026-05-21 06:34:27 [WARNING ] crawl_pipeline.comments | Rate-limited (429). Waiting 4s (attempt 2/5)
2026-05-21 06:34:27 [INFO    ] crawl_pipeline.worker-0 | [Worker 0] Processing 1tge7fg (indonesia) — "kondisi rupiah terhadap dollar saat ini..."
2026-05-21 06:34:27 [WARNING ] crawl_pipeline.comments | Rate-limited (429). Waiting 2s (attempt 1/5)
2026-05-21 06:34:28 [WARNING ] crawl_pipeline.comments | Rate-limited (429). Waiting 4s (attempt 2/5)
2026-05-21 06:34:29 [WARNING ] crawl_pipeline.comments | Rate-limited (429). Waiting 4s (attempt 2/5)
2026-05-21 06:34:31 [WARNING ] crawl_pipeline.comments | Rate-limited (429). Waiting 6s (attempt 3/5)
2026-05-21 06:34:31 [WARNING ] crawl_pipeline.comments | Rate-limited (429). Waiting 6s (attempt 3/5)
2026-05-21 06:34:33 [WARNING ] crawl_pipeline.comments | Rate-limited (429). Waiting 6s (attempt 3/5)
2026-05-21 06:34:33 [WARNING ] crawl_pipeline.comments | Rate-limited (429). Waiting 6s (attempt 3/5)
2026-05-21 06:34:37 [WARNING ] crawl_pipeline.comments | Rate-limited (429). Waiting 8s (attempt 4/5)
2026-05-21 06:34:37 [WARNING ] crawl_pipeline.comments | Rate-limited (429). Waiting 8s (attempt 4/5)
2026-05-21 06:34:39 [WARNING ] crawl_pipeline.comments | Rate-limited (429). Waiting 8s (attempt 4/5)
2026-05-21 06:34:40 [WARNING ] crawl_pipeline.comments | Rate-limited (429). Waiting 8s (attempt 4/5)
2026-05-21 06:34:45 [WARNING ] crawl_pipeline.comments | Rate-limited (429). Waiting 10s (attempt 5/5)
2026-05-21 06:34:45 [WARNING ] crawl_pipeline.comments | Rate-limited (429). Waiting 10s (attempt 5/5)
2026-05-21 06:34:47 [WARNING ] crawl_pipeline.comments | Rate-limited (429). Waiting 10s (attempt 5/5)
2026-05-21 06:34:48 [WARNING ] crawl_pipeline.comments | Rate-limited (429). Waiting 10s (attempt 5/5)
2026-05-21 06:34:55 [ERROR   ] crawl_pipeline.comments | Could not fetch comments for post 1th9zcb: Failed after 5 retries: https://www.reddit.com/r/indotech/comments/1th9zcb.json
2026-05-21 06:34:55 [INFO    ] crawl_pipeline.worker-1 | [Worker 1] 1th9zcb done — 0 thread(s)
2026-05-21 06:34:55 [ERROR   ] crawl_pipeline.comments | Could not fetch comments for post 1th2n6p: Failed after 5 retries: https://www.reddit.com/r/indonesia/comments/1th2n6p.json
2026-05-21 06:34:55 [INFO    ] crawl_pipeline.worker-2 | [Worker 2] 1th2n6p done — 0 thread(s)
2026-05-21 06:34:57 [ERROR   ] crawl_pipeline.comments | Could not fetch comments for post 1thcebw: Failed after 5 retries: https://www.reddit.com/r/indotech/comments/1thcebw.json
2026-05-21 06:34:57 [INFO    ] crawl_pipeline.worker-3 | [Worker 3] 1thcebw done — 0 thread(s)
2026-05-21 06:34:57 [INFO    ] crawl_pipeline.worker-1 | [Worker 1] Processing 1tgm775 (IndoGamer) — "Penasaran, di komunitas video game kalian (entah region..."
2026-05-21 06:34:57 [WARNING ] crawl_pipeline.comments | Rate-limited (429). Waiting 2s (attempt 1/5)
2026-05-21 06:34:57 [INFO    ] crawl_pipeline.worker-2 | [Worker 2] Processing 1thaejm (indonesia) — "Ada yang tahu cara mengembalikan paket Shopee itu giman..."
2026-05-21 06:34:57 [WARNING ] crawl_pipeline.comments | Rate-limited (429). Waiting 2s (attempt 1/5)
2026-05-21 06:34:58 [ERROR   ] crawl_pipeline.comments | Could not fetch comments for post 1tge7fg: Failed after 5 retries: https://www.reddit.com/r/indonesia/comments/1tge7fg.json
2026-05-21 06:34:58 [INFO    ] crawl_pipeline.worker-0 | [Worker 0] 1tge7fg done — 0 thread(s)
2026-05-21 06:34:59 [INFO    ] crawl_pipeline.worker-3 | [Worker 3] Processing 1thexbx (indonesia) — "Momen Prabowo Pamer Jet-Jet Tempur Baru RI, Siram Air K..."
2026-05-21 06:34:59 [WARNING ] crawl_pipeline.comments | Rate-limited (429). Waiting 2s (attempt 1/5)
2026-05-21 06:34:59 [WARNING ] crawl_pipeline.comments | Rate-limited (429). Waiting 4s (attempt 2/5)
2026-05-21 06:35:00 [WARNING ] crawl_pipeline.comments | Rate-limited (429). Waiting 4s (attempt 2/5)
2026-05-21 06:35:00 [INFO    ] crawl_pipeline.worker-0 | [Worker 0] Processing 1tgkrky (indonesia) — "Di suatu tempat di Republik Rakyat Indonesia Utara:..."
2026-05-21 06:35:00 [WARNING ] crawl_pipeline.comments | Rate-limited (429). Waiting 2s (attempt 1/5)
2026-05-21 06:35:01 [WARNING ] crawl_pipeline.comments | Rate-limited (429). Waiting 4s (attempt 2/5)
2026-05-21 06:35:02 [WARNING ] crawl_pipeline.comments | Rate-limited (429). Waiting 4s (attempt 2/5)
2026-05-21 06:35:04 [WARNING ] crawl_pipeline.comments | Rate-limited (429). Waiting 6s (attempt 3/5)
2026-05-21 06:35:04 [WARNING ] crawl_pipeline.comments | Rate-limited (429). Waiting 6s (attempt 3/5)
2026-05-21 06:35:06 [WARNING ] crawl_pipeline.comments | Rate-limited (429). Waiting 6s (attempt 3/5)
2026-05-21 06:35:06 [WARNING ] crawl_pipeline.comments | Rate-limited (429). Waiting 6s (attempt 3/5)
2026-05-21 06:35:10 [WARNING ] crawl_pipeline.comments | Rate-limited (429). Waiting 8s (attempt 4/5)
2026-05-21 06:35:10 [WARNING ] crawl_pipeline.comments | Rate-limited (429). Waiting 8s (attempt 4/5)
2026-05-21 06:35:12 [WARNING ] crawl_pipeline.comments | Rate-limited (429). Waiting 8s (attempt 4/5)
2026-05-21 06:35:13 [WARNING ] crawl_pipeline.comments | Rate-limited (429). Waiting 8s (attempt 4/5)
2026-05-21 06:35:18 [WARNING ] crawl_pipeline.comments | Rate-limited (429). Waiting 10s (attempt 5/5)
2026-05-21 06:35:18 [WARNING ] crawl_pipeline.comments | Rate-limited (429). Waiting 10s (attempt 5/5)
2026-05-21 06:35:20 [WARNING ] crawl_pipeline.comments | Rate-limited (429). Waiting 10s (attempt 5/5)
2026-05-21 06:35:21 [WARNING ] crawl_pipeline.comments | Rate-limited (429). Waiting 10s (attempt 5/5)
2026-05-21 06:35:28 [ERROR   ] crawl_pipeline.comments | Could not fetch comments for post 1tgm775: Failed after 5 retries: https://www.reddit.com/r/IndoGamer/comments/1tgm775.json
2026-05-21 06:35:28 [INFO    ] crawl_pipeline.worker-1 | [Worker 1] 1tgm775 done — 0 thread(s)
2026-05-21 06:35:28 [ERROR   ] crawl_pipeline.comments | Could not fetch comments for post 1thaejm: Failed after 5 retries: https://www.reddit.com/r/indonesia/comments/1thaejm.json
2026-05-21 06:35:28 [INFO    ] crawl_pipeline.worker-2 | [Worker 2] 1thaejm done — 0 thread(s)
2026-05-21 06:35:30 [ERROR   ] crawl_pipeline.comments | Could not fetch comments for post 1thexbx: Failed after 5 retries: https://www.reddit.com/r/indonesia/comments/1thexbx.json
2026-05-21 06:35:30 [INFO    ] crawl_pipeline.worker-3 | [Worker 3] 1thexbx done — 0 thread(s)
2026-05-21 06:35:30 [INFO    ] crawl_pipeline.worker-1 | [Worker 1] Processing 1thgzns (indonesiabebas) — "jokowi dikurung di gorong" yg ada wowok 2 periode..."
2026-05-21 06:35:30 [WARNING ] crawl_pipeline.comments | Rate-limited (429). Waiting 2s (attempt 1/5)
2026-05-21 06:35:30 [INFO    ] crawl_pipeline.worker-2 | [Worker 2] Processing 1tghkxo (indonesiabebas) — "DPR Cecer Gub BI presentasi kalau Kurs Indo masih stabi..."
2026-05-21 06:35:31 [WARNING ] crawl_pipeline.comments | Rate-limited (429). Waiting 2s (attempt 1/5)
2026-05-21 06:35:31 [ERROR   ] crawl_pipeline.comments | Could not fetch comments for post 1tgkrky: Failed after 5 retries: https://www.reddit.com/r/indonesia/comments/1tgkrky.json
2026-05-21 06:35:31 [INFO    ] crawl_pipeline.worker-0 | [Worker 0] 1tgkrky done — 0 thread(s)
2026-05-21 06:35:32 [INFO    ] crawl_pipeline.worker-3 | [Worker 3] Processing 1tgcale (WkwkwkLand) — "What do you think of this logo of HUT RI ke-81?..."
2026-05-21 06:35:32 [WARNING ] crawl_pipeline.comments | Rate-limited (429). Waiting 2s (attempt 1/5)
2026-05-21 06:35:32 [WARNING ] crawl_pipeline.comments | Rate-limited (429). Waiting 4s (attempt 2/5)
2026-05-21 06:35:33 [WARNING ] crawl_pipeline.comments | Rate-limited (429). Waiting 4s (attempt 2/5)
2026-05-21 06:35:33 [INFO    ] crawl_pipeline.worker-0 | [Worker 0] Processing 1tgo522 (jualbeliindonesia) — "WTS - Samsung Galaxy S23+ 8/256 Lavender..."
2026-05-21 06:35:33 [WARNING ] crawl_pipeline.comments | Rate-limited (429). Waiting 2s (attempt 1/5)
2026-05-21 06:35:34 [WARNING ] crawl_pipeline.comments | Rate-limited (429). Waiting 4s (attempt 2/5)
2026-05-21 06:35:35 [WARNING ] crawl_pipeline.comments | Rate-limited (429). Waiting 4s (attempt 2/5)
2026-05-21 06:35:37 [WARNING ] crawl_pipeline.comments | Rate-limited (429). Waiting 6s (attempt 3/5)
2026-05-21 06:35:37 [WARNING ] crawl_pipeline.comments | Rate-limited (429). Waiting 6s (attempt 3/5)
2026-05-21 06:35:39 [WARNING ] crawl_pipeline.comments | Rate-limited (429). Waiting 6s (attempt 3/5)
2026-05-21 06:35:39 [WARNING ] crawl_pipeline.comments | Rate-limited (429). Waiting 6s (attempt 3/5)
2026-05-21 06:35:43 [WARNING ] crawl_pipeline.comments | Rate-limited (429). Waiting 8s (attempt 4/5)
2026-05-21 06:35:43 [WARNING ] crawl_pipeline.comments | Rate-limited (429). Waiting 8s (attempt 4/5)
2026-05-21 06:35:45 [WARNING ] crawl_pipeline.comments | Rate-limited (429). Waiting 8s (attempt 4/5)
2026-05-21 06:35:46 [WARNING ] crawl_pipeline.comments | Rate-limited (429). Waiting 8s (attempt 4/5)
2026-05-21 06:35:51 [WARNING ] crawl_pipeline.comments | Rate-limited (429). Waiting 10s (attempt 5/5)
2026-05-21 06:35:51 [WARNING ] crawl_pipeline.comments | Rate-limited (429). Waiting 10s (attempt 5/5)
2026-05-21 06:35:53 [WARNING ] crawl_pipeline.comments | Rate-limited (429). Waiting 10s (attempt 5/5)
2026-05-21 06:35:54 [WARNING ] crawl_pipeline.comments | Rate-limited (429). Waiting 10s (attempt 5/5)
2026-05-21 06:36:01 [ERROR   ] crawl_pipeline.comments | Could not fetch comments for post 1thgzns: Failed after 5 retries: https://www.reddit.com/r/indonesiabebas/comments/1thgzns.json
2026-05-21 06:36:01 [INFO    ] crawl_pipeline.worker-1 | [Worker 1] 1thgzns done — 0 thread(s)
2026-05-21 06:36:01 [ERROR   ] crawl_pipeline.comments | Could not fetch comments for post 1tghkxo: Failed after 5 retries: https://www.reddit.com/r/indonesiabebas/comments/1tghkxo.json
2026-05-21 06:36:01 [INFO    ] crawl_pipeline.worker-2 | [Worker 2] 1tghkxo done — 0 thread(s)
2026-05-21 06:36:03 [ERROR   ] crawl_pipeline.comments | Could not fetch comments for post 1tgcale: Failed after 5 retries: https://www.reddit.com/r/WkwkwkLand/comments/1tgcale.json
2026-05-21 06:36:03 [INFO    ] crawl_pipeline.worker-3 | [Worker 3] 1tgcale done — 0 thread(s)
2026-05-21 06:36:03 [INFO    ] crawl_pipeline.worker-1 | [Worker 1] Processing 1tgd20m (BaliTravelTips) — "Need Help! 9-Day Bali Honeymoon Itinerary (June 21 - Ju..."
2026-05-21 06:36:03 [WARNING ] crawl_pipeline.comments | Rate-limited (429). Waiting 2s (attempt 1/5)
2026-05-21 06:36:03 [INFO    ] crawl_pipeline.worker-2 | [Worker 2] Processing 1thb8xb (indotech) — "Pantes aja nama-nama class nya indo-indo gitu..."
2026-05-21 06:36:04 [WARNING ] crawl_pipeline.comments | Rate-limited (429). Waiting 2s (attempt 1/5)
2026-05-21 06:36:04 [ERROR   ] crawl_pipeline.comments | Could not fetch comments for post 1tgo522: Failed after 5 retries: https://www.reddit.com/r/jualbeliindonesia/comments/1tgo522.json
2026-05-21 06:36:04 [INFO    ] crawl_pipeline.worker-0 | [Worker 0] 1tgo522 done — 0 thread(s)
2026-05-21 06:36:05 [INFO    ] crawl_pipeline.worker-3 | [Worker 3] Processing 1tgpdfs (BaliTravelTips) — "Beach clubs from Sanur..."
2026-05-21 06:36:05 [WARNING ] crawl_pipeline.comments | Rate-limited (429). Waiting 2s (attempt 1/5)
2026-05-21 06:36:06 [WARNING ] crawl_pipeline.comments | Rate-limited (429). Waiting 4s (attempt 2/5)
2026-05-21 06:36:06 [WARNING ] crawl_pipeline.comments | Rate-limited (429). Waiting 4s (attempt 2/5)
2026-05-21 06:36:06 [INFO    ] crawl_pipeline.worker-0 | [Worker 0] Processing 1tgp020 (finansial) — "so uhh, what happened in sept-okt 2024?..."
2026-05-21 06:36:06 [WARNING ] crawl_pipeline.comments | Rate-limited (429). Waiting 2s (attempt 1/5)
2026-05-21 06:36:08 [WARNING ] crawl_pipeline.comments | Rate-limited (429). Waiting 4s (attempt 2/5)
2026-05-21 06:36:09 [WARNING ] crawl_pipeline.comments | Rate-limited (429). Waiting 4s (attempt 2/5)
2026-05-21 06:36:10 [WARNING ] crawl_pipeline.comments | Rate-limited (429). Waiting 6s (attempt 3/5)
2026-05-21 06:36:10 [WARNING ] crawl_pipeline.comments | Rate-limited (429). Waiting 6s (attempt 3/5)
2026-05-21 06:36:12 [WARNING ] crawl_pipeline.comments | Rate-limited (429). Waiting 6s (attempt 3/5)
2026-05-21 06:36:13 [WARNING ] crawl_pipeline.comments | Rate-limited (429). Waiting 6s (attempt 3/5)
2026-05-21 06:36:16 [WARNING ] crawl_pipeline.comments | Rate-limited (429). Waiting 8s (attempt 4/5)
2026-05-21 06:36:16 [WARNING ] crawl_pipeline.comments | Rate-limited (429). Waiting 8s (attempt 4/5)
2026-05-21 06:36:18 [WARNING ] crawl_pipeline.comments | Rate-limited (429). Waiting 8s (attempt 4/5)
2026-05-21 06:36:19 [WARNING ] crawl_pipeline.comments | Rate-limited (429). Waiting 8s (attempt 4/5)
2026-05-21 06:36:24 [WARNING ] crawl_pipeline.comments | Rate-limited (429). Waiting 10s (attempt 5/5)
2026-05-21 06:36:24 [WARNING ] crawl_pipeline.comments | Rate-limited (429). Waiting 10s (attempt 5/5)
2026-05-21 06:36:26 [WARNING ] crawl_pipeline.comments | Rate-limited (429). Waiting 10s (attempt 5/5)
2026-05-21 06:36:28 [WARNING ] crawl_pipeline.comments | Rate-limited (429). Waiting 10s (attempt 5/5)
2026-05-21 06:36:34 [ERROR   ] crawl_pipeline.comments | Could not fetch comments for post 1tgd20m: Failed after 5 retries: https://www.reddit.com/r/BaliTravelTips/comments/1tgd20m.json
2026-05-21 06:36:34 [INFO    ] crawl_pipeline.worker-1 | [Worker 1] 1tgd20m done — 0 thread(s)
2026-05-21 06:36:34 [ERROR   ] crawl_pipeline.comments | Could not fetch comments for post 1thb8xb: Failed after 5 retries: https://www.reddit.com/r/indotech/comments/1thb8xb.json
2026-05-21 06:36:34 [INFO    ] crawl_pipeline.worker-2 | [Worker 2] 1thb8xb done — 0 thread(s)
2026-05-21 06:36:36 [ERROR   ] crawl_pipeline.comments | Could not fetch comments for post 1tgpdfs: Failed after 5 retries: https://www.reddit.com/r/BaliTravelTips/comments/1tgpdfs.json
2026-05-21 06:36:36 [INFO    ] crawl_pipeline.worker-3 | [Worker 3] 1tgpdfs done — 0 thread(s)
2026-05-21 06:36:36 [INFO    ] crawl_pipeline.worker-1 | [Worker 1] Processing 1tgpcnz (indonesia) — "9 WNI Disergap oleh Israel: Ada Wartawan Tempo dan Repu..."
2026-05-21 06:36:36 [WARNING ] crawl_pipeline.comments | Rate-limited (429). Waiting 2s (attempt 1/5)
2026-05-21 06:36:36 [INFO    ] crawl_pipeline.worker-2 | [Worker 2] Processing 1thdmig (indowibu) — "Hololive Miko's オナラ - YouTube..."
2026-05-21 06:36:37 [WARNING ] crawl_pipeline.comments | Rate-limited (429). Waiting 2s (attempt 1/5)
2026-05-21 06:36:38 [ERROR   ] crawl_pipeline.comments | Could not fetch comments for post 1tgp020: Failed after 5 retries: https://www.reddit.com/r/finansial/comments/1tgp020.json
2026-05-21 06:36:38 [INFO    ] crawl_pipeline.worker-0 | [Worker 0] 1tgp020 done — 0 thread(s)
2026-05-21 06:36:38 [INFO    ] crawl_pipeline.worker-3 | [Worker 3] Processing 1tgp06b (indotech) — "Nomor HP Bakal Jadi Syarat Bikin Akun Medsos, Komdigi S..."
2026-05-21 06:36:38 [WARNING ] crawl_pipeline.comments | Rate-limited (429). Waiting 2s (attempt 1/5)
2026-05-21 06:36:39 [WARNING ] crawl_pipeline.comments | Rate-limited (429). Waiting 4s (attempt 2/5)
2026-05-21 06:36:39 [WARNING ] crawl_pipeline.comments | Rate-limited (429). Waiting 4s (attempt 2/5)
2026-05-21 06:36:40 [INFO    ] crawl_pipeline.worker-0 | [Worker 0] Processing 1tgebjx (kulineria) — "SSB Hj. Hesti..."
2026-05-21 06:36:40 [WARNING ] crawl_pipeline.comments | Rate-limited (429). Waiting 2s (attempt 1/5)
2026-05-21 06:36:41 [WARNING ] crawl_pipeline.comments | Rate-limited (429). Waiting 4s (attempt 2/5)
2026-05-21 06:36:42 [WARNING ] crawl_pipeline.comments | Rate-limited (429). Waiting 4s (attempt 2/5)
2026-05-21 06:36:43 [WARNING ] crawl_pipeline.comments | Rate-limited (429). Waiting 6s (attempt 3/5)
2026-05-21 06:36:43 [WARNING ] crawl_pipeline.comments | Rate-limited (429). Waiting 6s (attempt 3/5)
2026-05-21 06:36:45 [WARNING ] crawl_pipeline.comments | Rate-limited (429). Waiting 6s (attempt 3/5)
2026-05-21 06:36:46 [WARNING ] crawl_pipeline.comments | Rate-limited (429). Waiting 6s (attempt 3/5)
2026-05-21 06:36:49 [WARNING ] crawl_pipeline.comments | Rate-limited (429). Waiting 8s (attempt 4/5)
2026-05-21 06:36:49 [WARNING ] crawl_pipeline.comments | Rate-limited (429). Waiting 8s (attempt 4/5)
2026-05-21 06:36:51 [WARNING ] crawl_pipeline.comments | Rate-limited (429). Waiting 8s (attempt 4/5)
2026-05-21 06:36:52 [WARNING ] crawl_pipeline.comments | Rate-limited (429). Waiting 8s (attempt 4/5)
2026-05-21 06:36:57 [WARNING ] crawl_pipeline.comments | Rate-limited (429). Waiting 10s (attempt 5/5)
2026-05-21 06:36:58 [WARNING ] crawl_pipeline.comments | Rate-limited (429). Waiting 10s (attempt 5/5)
2026-05-21 06:37:00 [WARNING ] crawl_pipeline.comments | Rate-limited (429). Waiting 10s (attempt 5/5)
2026-05-21 06:37:01 [WARNING ] crawl_pipeline.comments | Rate-limited (429). Waiting 10s (attempt 5/5)
2026-05-21 06:37:07 [ERROR   ] crawl_pipeline.comments | Could not fetch comments for post 1tgpcnz: Failed after 5 retries: https://www.reddit.com/r/indonesia/comments/1tgpcnz.json
2026-05-21 06:37:07 [INFO    ] crawl_pipeline.worker-1 | [Worker 1] 1tgpcnz done — 0 thread(s)
2026-05-21 06:37:08 [ERROR   ] crawl_pipeline.comments | Could not fetch comments for post 1thdmig: Failed after 5 retries: https://www.reddit.com/r/indowibu/comments/1thdmig.json
2026-05-21 06:37:08 [INFO    ] crawl_pipeline.worker-2 | [Worker 2] 1thdmig done — 0 thread(s)
2026-05-21 06:37:09 [INFO    ] crawl_pipeline.worker-1 | [Worker 1] Processing 1tgmj6g (indowibu) — "Alasan ortu di jepang komplain ke toei..."
2026-05-21 06:37:09 [WARNING ] crawl_pipeline.comments | Rate-limited (429). Waiting 2s (attempt 1/5)
2026-05-21 06:37:10 [INFO    ] crawl_pipeline.worker-2 | [Worker 2] Processing 1tha7n8 (indotech) — "Rekomendasi laptop windows baru budget 9-14 jutaan..."
2026-05-21 06:37:10 [ERROR   ] crawl_pipeline.comments | Could not fetch comments for post 1tgp06b: Failed after 5 retries: https://www.reddit.com/r/indotech/comments/1tgp06b.json
2026-05-21 06:37:10 [INFO    ] crawl_pipeline.worker-3 | [Worker 3] 1tgp06b done — 0 thread(s)
2026-05-21 06:37:10 [WARNING ] crawl_pipeline.comments | Rate-limited (429). Waiting 2s (attempt 1/5)
2026-05-21 06:37:11 [ERROR   ] crawl_pipeline.comments | Could not fetch comments for post 1tgebjx: Failed after 5 retries: https://www.reddit.com/r/kulineria/comments/1tgebjx.json
2026-05-21 06:37:11 [INFO    ] crawl_pipeline.worker-0 | [Worker 0] 1tgebjx done — 0 thread(s)
2026-05-21 06:37:12 [INFO    ] crawl_pipeline.worker-3 | [Worker 3] Processing 1tgnylc (BaliTravelTips) — "Current weather..."
2026-05-21 06:37:12 [WARNING ] crawl_pipeline.comments | Rate-limited (429). Waiting 4s (attempt 2/5)
2026-05-21 06:37:12 [WARNING ] crawl_pipeline.comments | Rate-limited (429). Waiting 2s (attempt 1/5)
2026-05-21 06:37:12 [WARNING ] crawl_pipeline.comments | Rate-limited (429). Waiting 4s (attempt 2/5)
2026-05-21 06:37:13 [INFO    ] crawl_pipeline.worker-0 | [Worker 0] Processing 1tgsxk5 (jualbeliindonesia) — "WTS Akun ML..."
2026-05-21 06:37:13 [WARNING ] crawl_pipeline.comments | Rate-limited (429). Waiting 2s (attempt 1/5)
2026-05-21 06:37:14 [WARNING ] crawl_pipeline.comments | Rate-limited (429). Waiting 4s (attempt 2/5)
2026-05-21 06:37:15 [WARNING ] crawl_pipeline.comments | Rate-limited (429). Waiting 4s (attempt 2/5)
2026-05-21 06:37:16 [WARNING ] crawl_pipeline.comments | Rate-limited (429). Waiting 6s (attempt 3/5)
2026-05-21 06:37:16 [WARNING ] crawl_pipeline.comments | Rate-limited (429). Waiting 6s (attempt 3/5)
2026-05-21 06:37:18 [WARNING ] crawl_pipeline.comments | Rate-limited (429). Waiting 6s (attempt 3/5)
2026-05-21 06:37:20 [WARNING ] crawl_pipeline.comments | Rate-limited (429). Waiting 6s (attempt 3/5)
2026-05-21 06:37:22 [WARNING ] crawl_pipeline.comments | Rate-limited (429). Waiting 8s (attempt 4/5)
2026-05-21 06:37:22 [WARNING ] crawl_pipeline.comments | Rate-limited (429). Waiting 8s (attempt 4/5)
2026-05-21 06:37:24 [WARNING ] crawl_pipeline.comments | Rate-limited (429). Waiting 8s (attempt 4/5)
2026-05-21 06:37:26 [WARNING ] crawl_pipeline.comments | Rate-limited (429). Waiting 8s (attempt 4/5)
2026-05-21 06:37:31 [WARNING ] crawl_pipeline.comments | Rate-limited (429). Waiting 10s (attempt 5/5)
2026-05-21 06:37:31 [WARNING ] crawl_pipeline.comments | Rate-limited (429). Waiting 10s (attempt 5/5)
2026-05-21 06:37:33 [WARNING ] crawl_pipeline.comments | Rate-limited (429). Waiting 10s (attempt 5/5)
2026-05-21 06:37:34 [WARNING ] crawl_pipeline.comments | Rate-limited (429). Waiting 10s (attempt 5/5)
2026-05-21 06:37:41 [ERROR   ] crawl_pipeline.comments | Could not fetch comments for post 1tha7n8: Failed after 5 retries: https://www.reddit.com/r/indotech/comments/1tha7n8.json
2026-05-21 06:37:41 [INFO    ] crawl_pipeline.worker-2 | [Worker 2] 1tha7n8 done — 0 thread(s)
2026-05-21 06:37:41 [ERROR   ] crawl_pipeline.comments | Could not fetch comments for post 1tgmj6g: Failed after 5 retries: https://www.reddit.com/r/indowibu/comments/1tgmj6g.json
2026-05-21 06:37:41 [INFO    ] crawl_pipeline.worker-1 | [Worker 1] 1tgmj6g done — 0 thread(s)
2026-05-21 06:37:43 [INFO    ] crawl_pipeline.worker-2 | [Worker 2] Processing 1th6wya (indotech) — "WTA - Pengalaman Xiaomi Trade-In atau Serupa..."
2026-05-21 06:37:43 [ERROR   ] crawl_pipeline.comments | Could not fetch comments for post 1tgnylc: Failed after 5 retries: https://www.reddit.com/r/BaliTravelTips/comments/1tgnylc.json
2026-05-21 06:37:43 [INFO    ] crawl_pipeline.worker-3 | [Worker 3] 1tgnylc done — 0 thread(s)
2026-05-21 06:37:43 [WARNING ] crawl_pipeline.comments | Rate-limited (429). Waiting 2s (attempt 1/5)
2026-05-21 06:37:43 [INFO    ] crawl_pipeline.worker-1 | [Worker 1] Processing 1tgnpkx (BaliTravelTips) — "Private Driver from Savaya..."
2026-05-21 06:37:43 [WARNING ] crawl_pipeline.comments | Rate-limited (429). Waiting 2s (attempt 1/5)
2026-05-21 06:37:44 [ERROR   ] crawl_pipeline.comments | Could not fetch comments for post 1tgsxk5: Failed after 5 retries: https://www.reddit.com/r/jualbeliindonesia/comments/1tgsxk5.json
2026-05-21 06:37:44 [INFO    ] crawl_pipeline.worker-0 | [Worker 0] 1tgsxk5 done — 0 thread(s)
2026-05-21 06:37:45 [INFO    ] crawl_pipeline.worker-3 | [Worker 3] Processing 1tgizpq (indonesia) — "Rumah Penulis Ahmad Bahar Digeruduk GRIB Jaya, Anak Per..."
2026-05-21 06:37:45 [WARNING ] crawl_pipeline.comments | Rate-limited (429). Waiting 2s (attempt 1/5)
2026-05-21 06:37:45 [WARNING ] crawl_pipeline.comments | Rate-limited (429). Waiting 4s (attempt 2/5)
2026-05-21 06:37:46 [WARNING ] crawl_pipeline.comments | Rate-limited (429). Waiting 4s (attempt 2/5)
2026-05-21 06:37:46 [INFO    ] crawl_pipeline.worker-0 | [Worker 0] Processing 1tgsjve (indonesia) — "Di daerah kalian masih ada tukang es krim keliling ini ..."
2026-05-21 06:37:46 [WARNING ] crawl_pipeline.comments | Rate-limited (429). Waiting 2s (attempt 1/5)
2026-05-21 06:37:47 [WARNING ] crawl_pipeline.comments | Rate-limited (429). Waiting 4s (attempt 2/5)
2026-05-21 06:37:49 [WARNING ] crawl_pipeline.comments | Rate-limited (429). Waiting 4s (attempt 2/5)
2026-05-21 06:37:49 [WARNING ] crawl_pipeline.comments | Rate-limited (429). Waiting 6s (attempt 3/5)
2026-05-21 06:37:50 [WARNING ] crawl_pipeline.comments | Rate-limited (429). Waiting 6s (attempt 3/5)
2026-05-21 06:37:51 [WARNING ] crawl_pipeline.comments | Rate-limited (429). Waiting 6s (attempt 3/5)
2026-05-21 06:37:53 [WARNING ] crawl_pipeline.comments | Rate-limited (429). Waiting 6s (attempt 3/5)
2026-05-21 06:37:55 [WARNING ] crawl_pipeline.comments | Rate-limited (429). Waiting 8s (attempt 4/5)
2026-05-21 06:37:56 [WARNING ] crawl_pipeline.comments | Rate-limited (429). Waiting 8s (attempt 4/5)
2026-05-21 06:37:57 [WARNING ] crawl_pipeline.comments | Rate-limited (429). Waiting 8s (attempt 4/5)
2026-05-21 06:37:59 [WARNING ] crawl_pipeline.comments | Rate-limited (429). Waiting 8s (attempt 4/5)
2026-05-21 06:38:04 [WARNING ] crawl_pipeline.comments | Rate-limited (429). Waiting 10s (attempt 5/5)
2026-05-21 06:38:04 [WARNING ] crawl_pipeline.comments | Rate-limited (429). Waiting 10s (attempt 5/5)
2026-05-21 06:38:06 [WARNING ] crawl_pipeline.comments | Rate-limited (429). Waiting 10s (attempt 5/5)
2026-05-21 06:38:07 [WARNING ] crawl_pipeline.comments | Rate-limited (429). Waiting 10s (attempt 5/5)
2026-05-21 06:38:14 [ERROR   ] crawl_pipeline.comments | Could not fetch comments for post 1th6wya: Failed after 5 retries: https://www.reddit.com/r/indotech/comments/1th6wya.json
2026-05-21 06:38:14 [INFO    ] crawl_pipeline.worker-2 | [Worker 2] 1th6wya done — 0 thread(s)
2026-05-21 06:38:14 [ERROR   ] crawl_pipeline.comments | Could not fetch comments for post 1tgnpkx: Failed after 5 retries: https://www.reddit.com/r/BaliTravelTips/comments/1tgnpkx.json
2026-05-21 06:38:14 [INFO    ] crawl_pipeline.worker-1 | [Worker 1] 1tgnpkx done — 0 thread(s)
2026-05-21 06:38:16 [INFO    ] crawl_pipeline.worker-2 | [Worker 2] Processing 1tgp079 (jualbeliindonesia) — "WTS Mac Mini M4 16/256 Bekas..."
2026-05-21 06:38:16 [ERROR   ] crawl_pipeline.comments | Could not fetch comments for post 1tgizpq: Failed after 5 retries: https://www.reddit.com/r/indonesia/comments/1tgizpq.json
2026-05-21 06:38:16 [INFO    ] crawl_pipeline.worker-3 | [Worker 3] 1tgizpq done — 0 thread(s)
2026-05-21 06:38:16 [WARNING ] crawl_pipeline.comments | Rate-limited (429). Waiting 2s (attempt 1/5)
2026-05-21 06:38:16 [INFO    ] crawl_pipeline.worker-1 | [Worker 1] Processing 1tgfgm7 (WkwkwkLand) — "Relawan digaji pfft..."
2026-05-21 06:38:17 [WARNING ] crawl_pipeline.comments | Rate-limited (429). Waiting 2s (attempt 1/5)
2026-05-21 06:38:17 [ERROR   ] crawl_pipeline.comments | Could not fetch comments for post 1tgsjve: Failed after 5 retries: https://www.reddit.com/r/indonesia/comments/1tgsjve.json
2026-05-21 06:38:17 [INFO    ] crawl_pipeline.worker-0 | [Worker 0] 1tgsjve done — 0 thread(s)
2026-05-21 06:38:18 [INFO    ] crawl_pipeline.worker-3 | [Worker 3] Processing 1tgfhy6 (WkwkwkLand) — "I miss you eyang habibie..."
2026-05-21 06:38:18 [WARNING ] crawl_pipeline.comments | Rate-limited (429). Waiting 2s (attempt 1/5)
2026-05-21 06:38:18 [WARNING ] crawl_pipeline.comments | Rate-limited (429). Waiting 4s (attempt 2/5)
2026-05-21 06:38:19 [WARNING ] crawl_pipeline.comments | Rate-limited (429). Waiting 4s (attempt 2/5)
2026-05-21 06:38:19 [INFO    ] crawl_pipeline.worker-0 | [Worker 0] Processing 1th990c (indotech) — "Beli barang bekas marketplace dan retur..."
2026-05-21 06:38:19 [WARNING ] crawl_pipeline.comments | Rate-limited (429). Waiting 2s (attempt 1/5)
2026-05-21 06:38:20 [WARNING ] crawl_pipeline.comments | Rate-limited (429). Waiting 4s (attempt 2/5)
2026-05-21 06:38:22 [WARNING ] crawl_pipeline.comments | Rate-limited (429). Waiting 4s (attempt 2/5)
2026-05-21 06:38:22 [WARNING ] crawl_pipeline.comments | Rate-limited (429). Waiting 6s (attempt 3/5)
2026-05-21 06:38:23 [WARNING ] crawl_pipeline.comments | Rate-limited (429). Waiting 6s (attempt 3/5)
2026-05-21 06:38:24 [WARNING ] crawl_pipeline.comments | Rate-limited (429). Waiting 6s (attempt 3/5)
2026-05-21 06:38:26 [WARNING ] crawl_pipeline.comments | Rate-limited (429). Waiting 6s (attempt 3/5)
2026-05-21 06:38:28 [WARNING ] crawl_pipeline.comments | Rate-limited (429). Waiting 8s (attempt 4/5)
2026-05-21 06:38:29 [WARNING ] crawl_pipeline.comments | Rate-limited (429). Waiting 8s (attempt 4/5)
2026-05-21 06:38:31 [WARNING ] crawl_pipeline.comments | Rate-limited (429). Waiting 8s (attempt 4/5)
2026-05-21 06:38:32 [WARNING ] crawl_pipeline.comments | Rate-limited (429). Waiting 8s (attempt 4/5)
2026-05-21 06:38:37 [WARNING ] crawl_pipeline.comments | Rate-limited (429). Waiting 10s (attempt 5/5)
2026-05-21 06:38:38 [WARNING ] crawl_pipeline.comments | Rate-limited (429). Waiting 10s (attempt 5/5)
2026-05-21 06:38:39 [WARNING ] crawl_pipeline.comments | Rate-limited (429). Waiting 10s (attempt 5/5)
2026-05-21 06:38:40 [WARNING ] crawl_pipeline.comments | Rate-limited (429). Waiting 10s (attempt 5/5)
2026-05-21 06:38:47 [ERROR   ] crawl_pipeline.comments | Could not fetch comments for post 1tgp079: Failed after 5 retries: https://www.reddit.com/r/jualbeliindonesia/comments/1tgp079.json
2026-05-21 06:38:47 [INFO    ] crawl_pipeline.worker-2 | [Worker 2] 1tgp079 done — 0 thread(s)
2026-05-21 06:38:48 [ERROR   ] crawl_pipeline.comments | Could not fetch comments for post 1tgfgm7: Failed after 5 retries: https://www.reddit.com/r/WkwkwkLand/comments/1tgfgm7.json
2026-05-21 06:38:48 [INFO    ] crawl_pipeline.worker-1 | [Worker 1] 1tgfgm7 done — 0 thread(s)
2026-05-21 06:38:49 [ERROR   ] crawl_pipeline.comments | Could not fetch comments for post 1tgfhy6: Failed after 5 retries: https://www.reddit.com/r/WkwkwkLand/comments/1tgfhy6.json
2026-05-21 06:38:49 [INFO    ] crawl_pipeline.worker-3 | [Worker 3] 1tgfhy6 done — 0 thread(s)
2026-05-21 06:38:49 [INFO    ] crawl_pipeline.worker-2 | [Worker 2] Processing 1tgcyso (kulineria) — "Kyochon - Gandaria City Mall..."
2026-05-21 06:38:49 [WARNING ] crawl_pipeline.comments | Rate-limited (429). Waiting 2s (attempt 1/5)
2026-05-21 06:38:50 [INFO    ] crawl_pipeline.worker-1 | [Worker 1] Processing 1tgnoiz (indonesiabebas) — "Konon katanya orang desa gak pakai dolar..."
2026-05-21 06:38:50 [WARNING ] crawl_pipeline.comments | Rate-limited (429). Waiting 2s (attempt 1/5)
2026-05-21 06:38:50 [ERROR   ] crawl_pipeline.comments | Could not fetch comments for post 1th990c: Failed after 5 retries: https://www.reddit.com/r/indotech/comments/1th990c.json
2026-05-21 06:38:50 [INFO    ] crawl_pipeline.worker-0 | [Worker 0] 1th990c done — 0 thread(s)
2026-05-21 06:38:51 [INFO    ] crawl_pipeline.worker-3 | [Worker 3] Processing 1thfxvp (indonesia) — "Butuh Rekomendasi Backpack..."
2026-05-21 06:38:51 [WARNING ] crawl_pipeline.comments | Rate-limited (429). Waiting 2s (attempt 1/5)
2026-05-21 06:38:51 [WARNING ] crawl_pipeline.comments | Rate-limited (429). Waiting 4s (attempt 2/5)
2026-05-21 06:38:52 [WARNING ] crawl_pipeline.comments | Rate-limited (429). Waiting 4s (attempt 2/5)
2026-05-21 06:38:52 [INFO    ] crawl_pipeline.worker-0 | [Worker 0] Processing 1th6bp1 (indonesia) — "19 May 2026 - Daily Chat Thread..."
2026-05-21 06:38:52 [WARNING ] crawl_pipeline.comments | Rate-limited (429). Waiting 2s (attempt 1/5)
2026-05-21 06:38:53 [WARNING ] crawl_pipeline.comments | Rate-limited (429). Waiting 4s (attempt 2/5)
2026-05-21 06:38:55 [WARNING ] crawl_pipeline.comments | Rate-limited (429). Waiting 4s (attempt 2/5)
2026-05-21 06:38:56 [WARNING ] crawl_pipeline.comments | Rate-limited (429). Waiting 6s (attempt 3/5)
2026-05-21 06:38:56 [WARNING ] crawl_pipeline.comments | Rate-limited (429). Waiting 6s (attempt 3/5)
2026-05-21 06:38:57 [WARNING ] crawl_pipeline.comments | Rate-limited (429). Waiting 6s (attempt 3/5)
2026-05-21 06:38:59 [WARNING ] crawl_pipeline.comments | Rate-limited (429). Waiting 6s (attempt 3/5)
2026-05-21 06:39:02 [WARNING ] crawl_pipeline.comments | Rate-limited (429). Waiting 8s (attempt 4/5)
2026-05-21 06:39:02 [WARNING ] crawl_pipeline.comments | Rate-limited (429). Waiting 8s (attempt 4/5)
2026-05-21 06:39:04 [WARNING ] crawl_pipeline.comments | Rate-limited (429). Waiting 8s (attempt 4/5)
2026-05-21 06:39:05 [WARNING ] crawl_pipeline.comments | Rate-limited (429). Waiting 8s (attempt 4/5)
2026-05-21 06:39:10 [WARNING ] crawl_pipeline.comments | Rate-limited (429). Waiting 10s (attempt 5/5)
2026-05-21 06:39:11 [WARNING ] crawl_pipeline.comments | Rate-limited (429). Waiting 10s (attempt 5/5)
2026-05-21 06:39:12 [WARNING ] crawl_pipeline.comments | Rate-limited (429). Waiting 10s (attempt 5/5)
2026-05-21 06:39:14 [WARNING ] crawl_pipeline.comments | Rate-limited (429). Waiting 10s (attempt 5/5)
2026-05-21 06:39:20 [ERROR   ] crawl_pipeline.comments | Could not fetch comments for post 1tgcyso: Failed after 5 retries: https://www.reddit.com/r/kulineria/comments/1tgcyso.json
2026-05-21 06:39:20 [INFO    ] crawl_pipeline.worker-2 | [Worker 2] 1tgcyso done — 0 thread(s)
2026-05-21 06:39:21 [ERROR   ] crawl_pipeline.comments | Could not fetch comments for post 1tgnoiz: Failed after 5 retries: https://www.reddit.com/r/indonesiabebas/comments/1tgnoiz.json
2026-05-21 06:39:21 [INFO    ] crawl_pipeline.worker-1 | [Worker 1] 1tgnoiz done — 0 thread(s)
2026-05-21 06:39:22 [ERROR   ] crawl_pipeline.comments | Could not fetch comments for post 1thfxvp: Failed after 5 retries: https://www.reddit.com/r/indonesia/comments/1thfxvp.json
2026-05-21 06:39:22 [INFO    ] crawl_pipeline.worker-3 | [Worker 3] 1thfxvp done — 0 thread(s)
2026-05-21 06:39:22 [INFO    ] crawl_pipeline.worker-2 | [Worker 2] Processing 1tfq5d8 (Perempuan) — "How do you just go on with life when life is kicking yo..."
2026-05-21 06:39:23 [WARNING ] crawl_pipeline.comments | Rate-limited (429). Waiting 2s (attempt 1/5)
2026-05-21 06:39:23 [INFO    ] crawl_pipeline.worker-1 | [Worker 1] Processing 1th7bbd (indonesiabebas) — "Kenapa Postingan Tidak Bisa Upload Image?..."
2026-05-21 06:39:23 [WARNING ] crawl_pipeline.comments | Rate-limited (429). Waiting 2s (attempt 1/5)
2026-05-21 06:39:24 [ERROR   ] crawl_pipeline.comments | Could not fetch comments for post 1th6bp1: Failed after 5 retries: https://www.reddit.com/r/indonesia/comments/1th6bp1.json
2026-05-21 06:39:24 [INFO    ] crawl_pipeline.worker-0 | [Worker 0] 1th6bp1 done — 0 thread(s)
2026-05-21 06:39:24 [INFO    ] crawl_pipeline.worker-3 | [Worker 3] Processing 1th53cb (WkwkwkLand) — "Borneo..."
2026-05-21 06:39:24 [WARNING ] crawl_pipeline.comments | Rate-limited (429). Waiting 2s (attempt 1/5)
2026-05-21 06:39:25 [WARNING ] crawl_pipeline.comments | Rate-limited (429). Waiting 4s (attempt 2/5)
2026-05-21 06:39:25 [WARNING ] crawl_pipeline.comments | Rate-limited (429). Waiting 4s (attempt 2/5)
2026-05-21 06:39:26 [INFO    ] crawl_pipeline.worker-0 | [Worker 0] Processing 1tgpu5w (IndoGamer) — "how to enjoy main Diablo 4?..."
2026-05-21 06:39:26 [WARNING ] crawl_pipeline.comments | Rate-limited (429). Waiting 2s (attempt 1/5)
2026-05-21 06:39:26 [WARNING ] crawl_pipeline.comments | Rate-limited (429). Waiting 4s (attempt 2/5)
2026-05-21 06:39:28 [WARNING ] crawl_pipeline.comments | Rate-limited (429). Waiting 4s (attempt 2/5)
2026-05-21 06:39:29 [WARNING ] crawl_pipeline.comments | Rate-limited (429). Waiting 6s (attempt 3/5)
2026-05-21 06:39:30 [WARNING ] crawl_pipeline.comments | Rate-limited (429). Waiting 6s (attempt 3/5)
2026-05-21 06:39:30 [WARNING ] crawl_pipeline.comments | Rate-limited (429). Waiting 6s (attempt 3/5)
2026-05-21 06:39:32 [WARNING ] crawl_pipeline.comments | Rate-limited (429). Waiting 6s (attempt 3/5)
2026-05-21 06:39:35 [WARNING ] crawl_pipeline.comments | Rate-limited (429). Waiting 8s (attempt 4/5)
2026-05-21 06:39:36 [WARNING ] crawl_pipeline.comments | Rate-limited (429). Waiting 8s (attempt 4/5)
2026-05-21 06:39:37 [WARNING ] crawl_pipeline.comments | Rate-limited (429). Waiting 8s (attempt 4/5)
2026-05-21 06:39:38 [WARNING ] crawl_pipeline.comments | Rate-limited (429). Waiting 8s (attempt 4/5)
2026-05-21 06:39:43 [WARNING ] crawl_pipeline.comments | Rate-limited (429). Waiting 10s (attempt 5/5)
2026-05-21 06:39:44 [WARNING ] crawl_pipeline.comments | Rate-limited (429). Waiting 10s (attempt 5/5)
2026-05-21 06:39:45 [WARNING ] crawl_pipeline.comments | Rate-limited (429). Waiting 10s (attempt 5/5)
2026-05-21 06:39:47 [WARNING ] crawl_pipeline.comments | Rate-limited (429). Waiting 10s (attempt 5/5)
2026-05-21 06:39:53 [ERROR   ] crawl_pipeline.comments | Could not fetch comments for post 1tfq5d8: Failed after 5 retries: https://www.reddit.com/r/Perempuan/comments/1tfq5d8.json
2026-05-21 06:39:53 [INFO    ] crawl_pipeline.worker-2 | [Worker 2] 1tfq5d8 done — 0 thread(s)
2026-05-21 06:39:54 [ERROR   ] crawl_pipeline.comments | Could not fetch comments for post 1th7bbd: Failed after 5 retries: https://www.reddit.com/r/indonesiabebas/comments/1th7bbd.json
2026-05-21 06:39:54 [INFO    ] crawl_pipeline.worker-1 | [Worker 1] 1th7bbd done — 0 thread(s)
2026-05-21 06:39:55 [ERROR   ] crawl_pipeline.comments | Could not fetch comments for post 1th53cb: Failed after 5 retries: https://www.reddit.com/r/WkwkwkLand/comments/1th53cb.json
2026-05-21 06:39:55 [INFO    ] crawl_pipeline.worker-3 | [Worker 3] 1th53cb done — 0 thread(s)
2026-05-21 06:39:55 [INFO    ] crawl_pipeline.worker-2 | [Worker 2] Processing 1th8rm7 (indotech) — "bangsat benci banget anj whatsapp gue gabisa dipake pla..."
2026-05-21 06:39:56 [WARNING ] crawl_pipeline.comments | Rate-limited (429). Waiting 2s (attempt 1/5)
2026-05-21 06:39:56 [INFO    ] crawl_pipeline.worker-1 | [Worker 1] Processing 1tgfo2w (indonesiabebas) — "Tantang Mobil berkaca luas, karena cape berdiri. Katany..."
2026-05-21 06:39:56 [WARNING ] crawl_pipeline.comments | Rate-limited (429). Waiting 2s (attempt 1/5)
2026-05-21 06:39:57 [ERROR   ] crawl_pipeline.comments | Could not fetch comments for post 1tgpu5w: Failed after 5 retries: https://www.reddit.com/r/IndoGamer/comments/1tgpu5w.json
2026-05-21 06:39:57 [INFO    ] crawl_pipeline.worker-0 | [Worker 0] 1tgpu5w done — 0 thread(s)
2026-05-21 06:39:57 [INFO    ] crawl_pipeline.worker-3 | [Worker 3] Processing 1tg7o6n (indotech) — "YT Music is my go-to place for listening to music...."
2026-05-21 06:39:57 [WARNING ] crawl_pipeline.comments | Rate-limited (429). Waiting 2s (attempt 1/5)
2026-05-21 06:39:58 [WARNING ] crawl_pipeline.comments | Rate-limited (429). Waiting 4s (attempt 2/5)
2026-05-21 06:39:58 [WARNING ] crawl_pipeline.comments | Rate-limited (429). Waiting 4s (attempt 2/5)
2026-05-21 06:39:59 [INFO    ] crawl_pipeline.worker-0 | [Worker 0] Processing 1tgsnu1 (indonesia) — "Pidato Mendalam di Jam 12 Malam..."
2026-05-21 06:39:59 [WARNING ] crawl_pipeline.comments | Rate-limited (429). Waiting 2s (attempt 1/5)
2026-05-21 06:40:00 [WARNING ] crawl_pipeline.comments | Rate-limited (429). Waiting 4s (attempt 2/5)
2026-05-21 06:40:01 [INFO    ] crawl_pipeline.worker-0 | [Worker 0] 1tgsnu1 done — 0 thread(s)
2026-05-21 06:40:02 [INFO    ] crawl_pipeline.worker-2 | [Worker 2] 1th8rm7 done — 0 thread(s)
2026-05-21 06:40:03 [INFO    ] crawl_pipeline.worker-1 | [Worker 1] 1tgfo2w done — 0 thread(s)
2026-05-21 06:40:03 [INFO    ] crawl_pipeline.worker-0 | [Worker 0] Processing 1tg7hlz (jualbeliindonesia) — "WTS STEAMDECK OLED 1tb..."
2026-05-21 06:40:04 [INFO    ] crawl_pipeline.worker-0 | [Worker 0] 1tg7hlz done — 0 thread(s)
2026-05-21 06:40:04 [INFO    ] crawl_pipeline.worker-2 | [Worker 2] Processing 1tgfhz5 (indonesia) — "Saya ga bilang yang bilang posternya..."
2026-05-21 06:40:05 [INFO    ] crawl_pipeline.worker-3 | [Worker 3] 1tg7o6n done — 0 thread(s)
2026-05-21 06:40:05 [INFO    ] crawl_pipeline.worker-2 | [Worker 2] 1tgfhz5 done — 0 thread(s)
2026-05-21 06:40:05 [INFO    ] crawl_pipeline.worker-1 | [Worker 1] Processing 1tgo2uc (WkwkwkLand) — "SPPG jika dimiliki Gustavo Frings..."
2026-05-21 06:40:05 [INFO    ] crawl_pipeline.worker-1 | [Worker 1] 1tgo2uc done — 0 thread(s)
2026-05-21 06:40:06 [INFO    ] crawl_pipeline.worker-0 | [Worker 0] Processing 1tgm3pc (indonesia) — "Throwback : Menkeu Purbaya Membalas Kritik The Economis..."
2026-05-21 06:40:06 [INFO    ] crawl_pipeline.worker-0 | [Worker 0] 1tgm3pc done — 0 thread(s)
2026-05-21 06:40:07 [INFO    ] crawl_pipeline.worker-3 | [Worker 3] Processing 1tgp1bt (indonesia) — "KPMD desa Jontro..."
2026-05-21 06:40:07 [INFO    ] crawl_pipeline.worker-2 | [Worker 2] Processing 1tgl7lz (BaliTravelTips) — "Denpasar airport - multiday luggage storage..."
2026-05-21 06:40:07 [INFO    ] crawl_pipeline.worker-2 | [Worker 2] 1tgl7lz done — 0 thread(s)
2026-05-21 06:40:07 [INFO    ] crawl_pipeline.worker-1 | [Worker 1] Processing 1tgycr1 (indonesiabebas) — "Ibu di Rohul Tega Bunuh Anak Kandung, Pengobatan Spirit..."
2026-05-21 06:40:07 [INFO    ] crawl_pipeline.worker-3 | [Worker 3] 1tgp1bt done — 0 thread(s)
2026-05-21 06:40:07 [INFO    ] crawl_pipeline.worker-1 | [Worker 1] 1tgycr1 done — 0 thread(s)
2026-05-21 06:40:08 [INFO    ] crawl_pipeline.worker-0 | [Worker 0] Processing 1th95qk (WkwkwkLand) — "Hehehehe..."
2026-05-21 06:40:09 [INFO    ] crawl_pipeline.worker-0 | [Worker 0] 1th95qk done — 0 thread(s)
2026-05-21 06:40:09 [INFO    ] crawl_pipeline.worker-2 | [Worker 2] Processing 1tffssg (pria) — "How can I get to know her without pacaran?..."
2026-05-21 06:40:09 [INFO    ] crawl_pipeline.worker-2 | [Worker 2] 1tffssg done — 1 thread(s)
2026-05-21 06:40:09 [INFO    ] crawl_pipeline.worker-3 | [Worker 3] Processing 1tgkhnf (BaliTravelTips) — "Going to bali in mid June, visiting seminyak, canggu an..."
2026-05-21 06:40:09 [INFO    ] crawl_pipeline.worker-1 | [Worker 1] Processing 1tgga9v (indowibu) — "Produser vocaloid EZFG telah meninggal dunia..."
2026-05-21 06:40:10 [INFO    ] crawl_pipeline.worker-3 | [Worker 3] 1tgkhnf done — 4 thread(s)
2026-05-21 06:40:10 [INFO    ] crawl_pipeline.worker-1 | [Worker 1] 1tgga9v done — 0 thread(s)
2026-05-21 06:40:11 [INFO    ] crawl_pipeline.worker-0 | [Worker 0] Processing 1tg8xdh (indowibu) — "Haul CF22 Day 1 dan Day 2..."
2026-05-21 06:40:11 [INFO    ] crawl_pipeline.worker-2 | [Worker 2] Processing 1tgcpte (indonesia) — "Baju Adidas, Topi Nike. Bahkan Messi dan Ronaldo aja ng..."
2026-05-21 06:40:11 [INFO    ] crawl_pipeline.worker-0 | [Worker 0] 1tg8xdh done — 0 thread(s)
2026-05-21 06:40:12 [INFO    ] crawl_pipeline.worker-3 | [Worker 3] Processing 1tfkgeo (indocartalk) — "Tes kerupuk honda beat esaf gen 2 pake xmax..."
2026-05-21 06:40:12 [INFO    ] crawl_pipeline.worker-2 | [Worker 2] 1tgcpte done — 0 thread(s)
2026-05-21 06:40:12 [INFO    ] crawl_pipeline.worker-1 | [Worker 1] Processing 1tgdbs3 (BaliTravelTips) — "Singapore tourist visa..."
2026-05-21 06:40:12 [INFO    ] crawl_pipeline.worker-3 | [Worker 3] 1tfkgeo done — 0 thread(s)
2026-05-21 06:40:12 [INFO    ] crawl_pipeline.worker-1 | [Worker 1] 1tgdbs3 done — 2 thread(s)
2026-05-21 06:40:13 [INFO    ] crawl_pipeline.worker-0 | [Worker 0] Processing 1tgfg2f (indonesiabebas) — "Walawe kok gini..."
2026-05-21 06:40:14 [INFO    ] crawl_pipeline.worker-2 | [Worker 2] Processing 1tgmo10 (WkwkwkLand) — "Walawe pake emerald ternyata..."
2026-05-21 06:40:14 [INFO    ] crawl_pipeline.worker-0 | [Worker 0] 1tgfg2f done — 0 thread(s)
2026-05-21 06:40:14 [INFO    ] crawl_pipeline.worker-3 | [Worker 3] Processing 1tgplub (indotech) — "100C CPU saat benchmark setelah ganti thermal paste..."
2026-05-21 06:40:14 [INFO    ] crawl_pipeline.worker-2 | [Worker 2] 1tgmo10 done — 0 thread(s)
2026-05-21 06:40:14 [INFO    ] crawl_pipeline.worker-1 | [Worker 1] Processing 1thbgzs (indonesia) — "Kuesioner Penelitian: Evaluasi Manusia terhadap Hasil P..."
2026-05-21 06:40:14 [INFO    ] crawl_pipeline.worker-3 | [Worker 3] 1tgplub done — 0 thread(s)
2026-05-21 06:40:14 [INFO    ] crawl_pipeline.worker-1 | [Worker 1] 1thbgzs done — 0 thread(s)
2026-05-21 06:40:16 [INFO    ] crawl_pipeline.worker-0 | [Worker 0] Processing 1tgsrt7 (indotech) — "Mentoring programming dan karir di tech gratis..."
2026-05-21 06:40:16 [INFO    ] crawl_pipeline.worker-0 | [Worker 0] 1tgsrt7 done — 0 thread(s)
2026-05-21 06:40:16 [INFO    ] crawl_pipeline.worker-2 | [Worker 2] Processing 1tgknei (AdaIndonesiaCoy) — ""The Indies must be liberated", Dutch poster against th..."
2026-05-21 06:40:16 [INFO    ] crawl_pipeline.worker-3 | [Worker 3] Received sentinel. Exiting.
2026-05-21 06:40:16 [INFO    ] crawl_pipeline.worker-1 | [Worker 1] Received sentinel. Exiting.
2026-05-21 06:40:16 [INFO    ] crawl_pipeline.worker-2 | [Worker 2] 1tgknei done — 0 thread(s)
2026-05-21 06:40:18 [INFO    ] crawl_pipeline.worker-0 | [Worker 0] Received sentinel. Exiting.
2026-05-21 06:40:18 [INFO    ] crawl_pipeline |   Worker CommentWorker-0 exited (code=0)
2026-05-21 06:40:18 [INFO    ] crawl_pipeline |   Worker CommentWorker-1 exited (code=0)
2026-05-21 06:40:18 [INFO    ] crawl_pipeline.worker-2 | [Worker 2] Received sentinel. Exiting.
2026-05-21 06:40:18 [INFO    ] crawl_pipeline |   Worker CommentWorker-2 exited (code=0)
2026-05-21 06:40:18 [INFO    ] crawl_pipeline |   Worker CommentWorker-3 exited (code=0)
2026-05-21 06:40:18 [INFO    ] crawl_pipeline | [Pipeline] Steps 1+2 complete in 1018.5s
2026-05-21 06:40:18 [INFO    ] crawl_pipeline | 
         (waiting 3s before Step 3)
2026-05-21 06:40:21 [INFO    ] crawl_pipeline | [Step 3] Running DataProcessing (UltraChat format)...
2026-05-21 06:40:21 [ERROR   ] crawl_pipeline |   DataProcessing v1 failed: Extra data: line 2 column 1 (char 3271)
2026-05-21 06:40:22 [INFO    ] crawl_pipeline | [Pipeline] Step 3 complete in 0.2s
2026-05-21 06:40:22 [INFO    ] crawl_pipeline | 
============================================================
2026-05-21 06:40:22 [INFO    ] crawl_pipeline |   Pipeline complete
2026-05-21 06:40:22 [INFO    ] crawl_pipeline |   Posts discovered        : 299
2026-05-21 06:40:22 [INFO    ] crawl_pipeline |   DB status               : {'done': 699}
2026-05-21 06:40:22 [INFO    ] crawl_pipeline |   Dataset v1 size         : 0
2026-05-21 06:40:22 [INFO    ] crawl_pipeline |   Dataset v2 size         : 409
2026-05-21 06:40:22 [INFO    ] crawl_pipeline |   Total time              : 1021.7s
2026-05-21 06:40:22 [INFO    ] crawl_pipeline |   Summary saved to        : DataOutput/pipeline_summary.json
2026-05-21 06:40:22 [INFO    ] crawl_pipeline | ============================================================
2026-05-21 06:52:53 [INFO    ] crawl_pipeline | ============================================================
2026-05-21 06:52:53 [INFO    ] crawl_pipeline |   Reddit Crawl Pipeline (producer-consumer)
2026-05-21 06:52:53 [INFO    ] crawl_pipeline |   Started : 2026-05-21 06:52:53 UTC
2026-05-21 06:52:53 [INFO    ] crawl_pipeline |   Workers : 4
2026-05-21 06:52:53 [INFO    ] crawl_pipeline |   Listings: hot, new, top, rising
2026-05-21 06:52:53 [INFO    ] crawl_pipeline | ============================================================
2026-05-21 06:52:53 [INFO    ] crawl_pipeline | 
[Step 1] Starting 4 comment worker(s)...
2026-05-21 06:52:53 [INFO    ] crawl_pipeline | [Step 2] Starting post producer (crawl_posts)...
2026-05-21 06:52:53 [INFO    ] crawl_pipeline |   Worker 0 started (pid=1965398)
2026-05-21 06:52:53 [INFO    ] crawl_pipeline |   Worker 1 started (pid=1965399)
2026-05-21 06:52:53 [INFO    ] crawl_pipeline |   Worker 2 started (pid=1965400)
2026-05-21 06:52:53 [INFO    ] crawl_pipeline.worker-0 | [Worker 0] Started.
2026-05-21 06:52:53 [INFO    ] crawl_pipeline.worker-1 | [Worker 1] Started.
2026-05-21 06:52:53 [INFO    ] crawl_pipeline.worker-2 | [Worker 2] Started.
2026-05-21 06:52:53 [INFO    ] crawl_pipeline |   Worker 3 started (pid=1965401)
2026-05-21 06:52:53 [INFO    ] crawl_pipeline.posts | [PostsCrawl] Listing: hot
2026-05-21 06:52:53 [INFO    ] crawl_pipeline.posts |   Resuming hot from cursor: t3_1tgknei
2026-05-21 06:52:53 [INFO    ] crawl_pipeline.worker-3 | [Worker 3] Started.
2026-05-21 06:52:53 [INFO    ] crawl_pipeline.posts |   [hot] page: 0 new, 1 skipped | listing total: 0
2026-05-21 06:52:55 [INFO    ] crawl_pipeline.posts |   [hot] page: 0 new, 1 skipped | listing total: 0
2026-05-21 06:52:57 [INFO    ] crawl_pipeline.posts |   [hot] page: 1 new, 0 skipped | listing total: 1
2026-05-21 06:52:57 [INFO    ] crawl_pipeline.worker-0 | [Worker 0] Processing 1th7bwe (indonesia) — "Bukan Klenik, Ini Penjelasan Ilmiah Ahli BRIN Soal Mahk..."
2026-05-21 06:52:57 [INFO    ] crawl_pipeline.worker-0 | [Worker 0] 1th7bwe done — 0 thread(s)
2026-05-21 06:52:58 [INFO    ] crawl_pipeline.posts | [PostsCrawl] Listing: new
2026-05-21 06:52:58 [INFO    ] crawl_pipeline.posts |   [new] page: 1 new, 0 skipped | listing total: 1
2026-05-21 06:52:58 [INFO    ] crawl_pipeline.worker-1 | [Worker 1] Processing 1tjcfhu (indonesia) — "MUI Sebut Israel Brutal dan Langgar HAM Saat Tangkap 9 ..."
2026-05-21 06:52:59 [INFO    ] crawl_pipeline.worker-1 | [Worker 1] 1tjcfhu done — 0 thread(s)
2026-05-21 06:52:59 [INFO    ] crawl_pipeline.posts | [PostsCrawl] Listing: top
2026-05-21 06:53:00 [INFO    ] crawl_pipeline.posts |   [top] page: 0 new, 1 skipped | listing total: 0
2026-05-21 06:53:01 [INFO    ] crawl_pipeline.posts |   [top] page: 0 new, 1 skipped | listing total: 0
2026-05-21 06:53:02 [INFO    ] crawl_pipeline.posts |   [top] page: 0 new, 1 skipped | listing total: 0
2026-05-21 06:53:04 [INFO    ] crawl_pipeline.posts |   [top] page: 0 new, 1 skipped | listing total: 0
2026-05-21 06:53:05 [INFO    ] crawl_pipeline.posts |   [top] page: 0 new, 1 skipped | listing total: 0
2026-05-21 06:53:06 [INFO    ] crawl_pipeline.posts |   [top] page: 0 new, 1 skipped | listing total: 0
2026-05-21 06:53:08 [INFO    ] crawl_pipeline.posts |   [top] page: 0 new, 1 skipped | listing total: 0
2026-05-21 06:53:09 [INFO    ] crawl_pipeline.posts |   [top] page: 0 new, 1 skipped | listing total: 0
2026-05-21 06:53:10 [INFO    ] crawl_pipeline.posts |   [top] page: 0 new, 1 skipped | listing total: 0
2026-05-21 06:53:12 [INFO    ] crawl_pipeline.posts |   [top] page: 0 new, 1 skipped | listing total: 0
2026-05-21 06:53:13 [INFO    ] crawl_pipeline.posts |   [top] page: 0 new, 1 skipped | listing total: 0
2026-05-21 06:53:14 [INFO    ] crawl_pipeline.posts |   [top] page: 0 new, 1 skipped | listing total: 0
2026-05-21 06:53:16 [INFO    ] crawl_pipeline.posts |   [top] page: 0 new, 1 skipped | listing total: 0
2026-05-21 06:53:17 [INFO    ] crawl_pipeline.posts |   [top] page: 0 new, 1 skipped | listing total: 0
2026-05-21 06:53:18 [INFO    ] crawl_pipeline.posts |   [top] page: 0 new, 1 skipped | listing total: 0
2026-05-21 06:53:20 [INFO    ] crawl_pipeline.posts |   [top] page: 0 new, 1 skipped | listing total: 0
2026-05-21 06:53:21 [INFO    ] crawl_pipeline.posts |   [top] page: 0 new, 1 skipped | listing total: 0
2026-05-21 06:53:22 [INFO    ] crawl_pipeline.posts |   [top] page: 0 new, 1 skipped | listing total: 0
2026-05-21 06:53:24 [INFO    ] crawl_pipeline.posts |   [top] page: 0 new, 1 skipped | listing total: 0
2026-05-21 06:53:26 [INFO    ] crawl_pipeline.posts |   [top] page: 0 new, 1 skipped | listing total: 0
2026-05-21 06:53:27 [INFO    ] crawl_pipeline.posts |   [top] page: 0 new, 1 skipped | listing total: 0
2026-05-21 06:53:28 [INFO    ] crawl_pipeline.posts |   [top] page: 0 new, 1 skipped | listing total: 0
2026-05-21 06:53:30 [INFO    ] crawl_pipeline.posts |   [top] page: 0 new, 1 skipped | listing total: 0
2026-05-21 06:53:31 [INFO    ] crawl_pipeline.posts |   [top] page: 0 new, 1 skipped | listing total: 0
2026-05-21 06:53:32 [INFO    ] crawl_pipeline.posts |   [top] page: 0 new, 1 skipped | listing total: 0
2026-05-21 06:53:34 [INFO    ] crawl_pipeline.posts |   [top] page: 0 new, 1 skipped | listing total: 0
2026-05-21 06:53:36 [INFO    ] crawl_pipeline.posts |   [top] page: 0 new, 1 skipped | listing total: 0
2026-05-21 06:53:37 [INFO    ] crawl_pipeline.posts |   [top] page: 0 new, 1 skipped | listing total: 0
2026-05-21 06:53:39 [INFO    ] crawl_pipeline.posts |   [top] page: 0 new, 1 skipped | listing total: 0
2026-05-21 06:53:41 [INFO    ] crawl_pipeline.posts |   [top] page: 0 new, 1 skipped | listing total: 0
2026-05-21 06:53:42 [INFO    ] crawl_pipeline.posts |   [top] page: 0 new, 1 skipped | listing total: 0
2026-05-21 06:53:43 [INFO    ] crawl_pipeline.posts |   [top] page: 0 new, 1 skipped | listing total: 0
2026-05-21 06:53:45 [INFO    ] crawl_pipeline.posts |   [top] page: 0 new, 1 skipped | listing total: 0
2026-05-21 06:53:46 [INFO    ] crawl_pipeline.posts |   [top] page: 0 new, 1 skipped | listing total: 0
2026-05-21 06:53:48 [INFO    ] crawl_pipeline.posts |   [top] page: 0 new, 1 skipped | listing total: 0
2026-05-21 06:53:49 [INFO    ] crawl_pipeline.posts |   [top] page: 0 new, 1 skipped | listing total: 0
2026-05-21 06:53:50 [INFO    ] crawl_pipeline.posts |   [top] page: 0 new, 1 skipped | listing total: 0
2026-05-21 06:53:52 [INFO    ] crawl_pipeline.posts |   [top] page: 0 new, 1 skipped | listing total: 0
2026-05-21 06:53:53 [INFO    ] crawl_pipeline.posts |   [top] page: 0 new, 1 skipped | listing total: 0
2026-05-21 06:53:55 [INFO    ] crawl_pipeline.posts |   [top] page: 0 new, 1 skipped | listing total: 0
2026-05-21 06:53:56 [INFO    ] crawl_pipeline.posts |   [top] page: 0 new, 1 skipped | listing total: 0
2026-05-21 06:53:57 [INFO    ] crawl_pipeline.posts |   [top] page: 0 new, 1 skipped | listing total: 0
2026-05-21 06:53:59 [INFO    ] crawl_pipeline.posts |   [top] page: 0 new, 1 skipped | listing total: 0
2026-05-21 06:54:00 [INFO    ] crawl_pipeline.posts |   [top] page: 0 new, 1 skipped | listing total: 0
2026-05-21 06:54:02 [INFO    ] crawl_pipeline.posts |   [top] page: 0 new, 1 skipped | listing total: 0
2026-05-21 06:54:03 [INFO    ] crawl_pipeline.posts |   [top] page: 0 new, 1 skipped | listing total: 0
2026-05-21 06:54:04 [INFO    ] crawl_pipeline.posts |   [top] page: 0 new, 1 skipped | listing total: 0
2026-05-21 06:54:06 [INFO    ] crawl_pipeline.posts |   [top] page: 0 new, 1 skipped | listing total: 0
2026-05-21 06:54:07 [INFO    ] crawl_pipeline.posts |   [top] page: 0 new, 1 skipped | listing total: 0
2026-05-21 06:54:09 [INFO    ] crawl_pipeline.posts |   [top] page: 0 new, 1 skipped | listing total: 0
2026-05-21 06:54:10 [INFO    ] crawl_pipeline.posts |   [top] page: 0 new, 1 skipped | listing total: 0
2026-05-21 06:54:11 [INFO    ] crawl_pipeline.posts |   [top] page: 0 new, 1 skipped | listing total: 0
2026-05-21 06:54:13 [INFO    ] crawl_pipeline.posts |   [top] page: 0 new, 1 skipped | listing total: 0
2026-05-21 06:54:14 [INFO    ] crawl_pipeline.posts |   [top] page: 0 new, 1 skipped | listing total: 0
2026-05-21 06:54:15 [INFO    ] crawl_pipeline.posts |   [top] page: 0 new, 1 skipped | listing total: 0
2026-05-21 06:54:17 [INFO    ] crawl_pipeline.posts |   [top] page: 0 new, 1 skipped | listing total: 0
2026-05-21 06:54:18 [INFO    ] crawl_pipeline.posts |   [top] page: 0 new, 1 skipped | listing total: 0
2026-05-21 06:54:20 [INFO    ] crawl_pipeline.posts |   [top] page: 0 new, 1 skipped | listing total: 0
2026-05-21 06:54:21 [INFO    ] crawl_pipeline.posts |   [top] page: 0 new, 1 skipped | listing total: 0
2026-05-21 06:54:23 [INFO    ] crawl_pipeline.posts |   [top] page: 0 new, 1 skipped | listing total: 0
2026-05-21 06:54:24 [INFO    ] crawl_pipeline.posts |   [top] page: 0 new, 1 skipped | listing total: 0
2026-05-21 06:54:25 [INFO    ] crawl_pipeline.posts |   [top] page: 0 new, 1 skipped | listing total: 0
2026-05-21 06:54:27 [INFO    ] crawl_pipeline.posts |   [top] page: 0 new, 1 skipped | listing total: 0
2026-05-21 06:54:28 [INFO    ] crawl_pipeline.posts |   [top] page: 0 new, 1 skipped | listing total: 0
2026-05-21 06:54:30 [INFO    ] crawl_pipeline.posts |   [top] page: 0 new, 1 skipped | listing total: 0
2026-05-21 06:54:31 [INFO    ] crawl_pipeline.posts |   [top] page: 0 new, 1 skipped | listing total: 0
2026-05-21 06:54:32 [INFO    ] crawl_pipeline.posts |   [top] page: 0 new, 1 skipped | listing total: 0
2026-05-21 06:54:34 [INFO    ] crawl_pipeline.posts |   [top] page: 0 new, 1 skipped | listing total: 0
2026-05-21 06:54:36 [INFO    ] crawl_pipeline.posts |   [top] page: 0 new, 1 skipped | listing total: 0
2026-05-21 06:54:37 [INFO    ] crawl_pipeline.posts |   [top] page: 0 new, 1 skipped | listing total: 0
2026-05-21 06:54:38 [INFO    ] crawl_pipeline.posts |   [top] page: 0 new, 1 skipped | listing total: 0
2026-05-21 06:54:40 [INFO    ] crawl_pipeline.posts |   [top] page: 0 new, 1 skipped | listing total: 0
2026-05-21 06:54:41 [INFO    ] crawl_pipeline.posts |   [top] page: 0 new, 1 skipped | listing total: 0
2026-05-21 06:54:42 [INFO    ] crawl_pipeline.posts |   [top] page: 0 new, 1 skipped | listing total: 0
2026-05-21 06:54:44 [INFO    ] crawl_pipeline.posts |   [top] page: 0 new, 1 skipped | listing total: 0
2026-05-21 06:54:45 [INFO    ] crawl_pipeline.posts |   [top] page: 0 new, 1 skipped | listing total: 0
2026-05-21 06:54:46 [INFO    ] crawl_pipeline.posts |   [top] page: 0 new, 1 skipped | listing total: 0
2026-05-21 06:54:48 [INFO    ] crawl_pipeline.posts |   [top] page: 0 new, 1 skipped | listing total: 0
2026-05-21 06:54:49 [INFO    ] crawl_pipeline.posts |   [top] page: 0 new, 1 skipped | listing total: 0
2026-05-21 06:54:51 [INFO    ] crawl_pipeline.posts |   [top] page: 0 new, 1 skipped | listing total: 0
2026-05-21 06:54:52 [INFO    ] crawl_pipeline.posts |   [top] page: 0 new, 1 skipped | listing total: 0
2026-05-21 06:54:53 [INFO    ] crawl_pipeline.posts |   [top] page: 0 new, 1 skipped | listing total: 0
2026-05-21 06:54:55 [INFO    ] crawl_pipeline.posts |   [top] page: 0 new, 1 skipped | listing total: 0
2026-05-21 06:54:57 [INFO    ] crawl_pipeline.posts |   [top] page: 0 new, 1 skipped | listing total: 0
2026-05-21 06:54:58 [INFO    ] crawl_pipeline.posts |   [top] page: 0 new, 1 skipped | listing total: 0
2026-05-21 06:54:59 [INFO    ] crawl_pipeline.posts |   [top] page: 0 new, 1 skipped | listing total: 0
2026-05-21 06:55:01 [INFO    ] crawl_pipeline.posts |   [top] page: 0 new, 1 skipped | listing total: 0
2026-05-21 06:55:02 [INFO    ] crawl_pipeline.posts |   [top] page: 0 new, 1 skipped | listing total: 0
2026-05-21 06:55:03 [INFO    ] crawl_pipeline.posts |   [top] page: 0 new, 1 skipped | listing total: 0
2026-05-21 06:55:05 [INFO    ] crawl_pipeline.posts |   [top] page: 0 new, 1 skipped | listing total: 0
2026-05-21 06:55:06 [INFO    ] crawl_pipeline.posts |   [top] page: 0 new, 1 skipped | listing total: 0
2026-05-21 06:55:07 [INFO    ] crawl_pipeline.posts |   [top] page: 0 new, 1 skipped | listing total: 0
2026-05-21 06:55:09 [INFO    ] crawl_pipeline.posts |   [top] page: 0 new, 1 skipped | listing total: 0
2026-05-21 06:55:10 [INFO    ] crawl_pipeline.posts |   [top] page: 0 new, 1 skipped | listing total: 0
2026-05-21 06:55:11 [WARNING ] crawl_pipeline.posts | Rate-limited (429). Waiting 2s (attempt 1/5)
2026-05-21 06:55:14 [WARNING ] crawl_pipeline.posts | Rate-limited (429). Waiting 4s (attempt 2/5)
2026-05-21 06:55:18 [WARNING ] crawl_pipeline.posts | Rate-limited (429). Waiting 6s (attempt 3/5)
2026-05-21 06:55:24 [WARNING ] crawl_pipeline.posts | Rate-limited (429). Waiting 8s (attempt 4/5)
2026-05-21 06:55:32 [WARNING ] crawl_pipeline.posts | Rate-limited (429). Waiting 10s (attempt 5/5)
2026-05-21 06:55:42 [ERROR   ] crawl_pipeline.posts |   [top] Page fetch failed: Failed after 5 retries: https://www.reddit.com/user/chivalricsystems/m/indonesiasemua/top/.json
2026-05-21 06:55:42 [INFO    ] crawl_pipeline.posts | [PostsCrawl] Listing: rising
2026-05-21 06:55:43 [WARNING ] crawl_pipeline.posts | Rate-limited (429). Waiting 2s (attempt 1/5)
2026-05-21 06:55:45 [WARNING ] crawl_pipeline.posts | Rate-limited (429). Waiting 4s (attempt 2/5)
2026-05-21 06:55:49 [WARNING ] crawl_pipeline.posts | Rate-limited (429). Waiting 6s (attempt 3/5)
2026-05-21 06:55:55 [WARNING ] crawl_pipeline.posts | Rate-limited (429). Waiting 8s (attempt 4/5)
2026-05-21 06:56:03 [WARNING ] crawl_pipeline.posts | Rate-limited (429). Waiting 10s (attempt 5/5)
2026-05-21 06:56:13 [ERROR   ] crawl_pipeline.posts |   [rising] Page fetch failed: Failed after 5 retries: https://www.reddit.com/user/chivalricsystems/m/indonesiasemua/rising/.json
2026-05-21 06:56:13 [INFO    ] crawl_pipeline.posts | [PostsCrawl] Cycle complete. New this cycle: 2
2026-05-21 06:56:13 [INFO    ] crawl_pipeline.posts | [PostsCrawl] Done. Grand total new posts: 2
2026-05-21 06:56:13 [INFO    ] crawl_pipeline | [Pipeline] Producer finished. 2 new posts discovered.
2026-05-21 06:56:13 [INFO    ] crawl_pipeline | [Pipeline] Sending 4 sentinel(s) to workers...
2026-05-21 06:56:13 [INFO    ] crawl_pipeline | [Pipeline] Waiting for workers to finish...
2026-05-21 06:56:13 [INFO    ] crawl_pipeline.worker-2 | [Worker 2] Received sentinel. Exiting.
2026-05-21 06:56:13 [INFO    ] crawl_pipeline.worker-3 | [Worker 3] Received sentinel. Exiting.
2026-05-21 06:56:13 [INFO    ] crawl_pipeline.worker-0 | [Worker 0] Received sentinel. Exiting.
2026-05-21 06:56:13 [INFO    ] crawl_pipeline.worker-1 | [Worker 1] Received sentinel. Exiting.
2026-05-21 06:56:13 [INFO    ] crawl_pipeline |   Worker CommentWorker-0 exited (code=0)
2026-05-21 06:56:13 [INFO    ] crawl_pipeline |   Worker CommentWorker-1 exited (code=0)
2026-05-21 06:56:13 [INFO    ] crawl_pipeline |   Worker CommentWorker-2 exited (code=0)
2026-05-21 06:56:13 [INFO    ] crawl_pipeline |   Worker CommentWorker-3 exited (code=0)
2026-05-21 06:56:13 [INFO    ] crawl_pipeline | [Pipeline] Steps 1+2 complete in 200.5s
2026-05-21 06:56:13 [INFO    ] crawl_pipeline | 
         (waiting 3s before Step 3)
2026-05-21 06:56:16 [INFO    ] crawl_pipeline | [Step 3] Running DataProcessing (UltraChat format)...
2026-05-21 06:56:16 [ERROR   ] crawl_pipeline |   DataProcessing v1 failed: Extra data: line 2 column 1 (char 3271)
2026-05-21 06:56:17 [INFO    ] crawl_pipeline | [Pipeline] Step 3 complete in 0.2s
2026-05-21 06:56:17 [INFO    ] crawl_pipeline | 
============================================================
2026-05-21 06:56:17 [INFO    ] crawl_pipeline |   Pipeline complete
2026-05-21 06:56:17 [INFO    ] crawl_pipeline |   Posts discovered        : 2
2026-05-21 06:56:17 [INFO    ] crawl_pipeline |   DB status               : {'done': 701}
2026-05-21 06:56:17 [INFO    ] crawl_pipeline |   Dataset v1 size         : 0
2026-05-21 06:56:17 [INFO    ] crawl_pipeline |   Dataset v2 size         : 409
2026-05-21 06:56:17 [INFO    ] crawl_pipeline |   Total time              : 203.8s
2026-05-21 06:56:17 [INFO    ] crawl_pipeline |   Summary saved to        : DataOutput/pipeline_summary.json
2026-05-21 06:56:17 [INFO    ] crawl_pipeline | ============================================================
2026-05-21 07:57:39 [INFO    ] crawl_pipeline | ============================================================
2026-05-21 07:57:39 [INFO    ] crawl_pipeline |   Reddit Crawl Pipeline (producer-consumer)
2026-05-21 07:57:39 [INFO    ] crawl_pipeline |   Started : 2026-05-21 07:57:39 UTC
2026-05-21 07:57:39 [INFO    ] crawl_pipeline |   Workers : 5
2026-05-21 07:57:39 [INFO    ] crawl_pipeline |   Listings: hot, new, top, rising
2026-05-21 07:57:39 [INFO    ] crawl_pipeline | ============================================================
2026-05-21 07:57:39 [INFO    ] crawl_pipeline | [Pipeline] Found 701 pending posts from previous run. They will be re-enqueued for comment crawling.
2026-05-21 07:57:39 [INFO    ] crawl_pipeline | 
[Step 1] Starting 5 comment worker(s)...
2026-05-21 07:57:39 [INFO    ] crawl_pipeline | [Step 2] Starting post producer (crawl_posts)...
2026-05-21 07:57:39 [INFO    ] crawl_pipeline |   Worker 0 started (pid=2042682)
2026-05-21 07:57:39 [INFO    ] crawl_pipeline |   Worker 1 started (pid=2042683)
2026-05-21 07:57:39 [INFO    ] crawl_pipeline.worker-1 | [Worker 1] Started.
2026-05-21 07:57:39 [INFO    ] crawl_pipeline |   Worker 2 started (pid=2042684)
2026-05-21 07:57:39 [INFO    ] crawl_pipeline.worker-0 | [Worker 0] Started.
2026-05-21 07:57:39 [INFO    ] crawl_pipeline |   Worker 3 started (pid=2042685)
2026-05-21 07:57:39 [INFO    ] crawl_pipeline |   Worker 4 started (pid=2042686)
2026-05-21 07:57:39 [INFO    ] crawl_pipeline.worker-2 | [Worker 2] Started.
2026-05-21 07:57:39 [INFO    ] crawl_pipeline |   Re-enqueued pending post: 1tj9v8c
2026-05-21 07:57:39 [INFO    ] crawl_pipeline |   Re-enqueued pending post: 1tj25jd
2026-05-21 07:57:39 [INFO    ] crawl_pipeline |   Re-enqueued pending post: 1tj83ed
2026-05-21 07:57:39 [INFO    ] crawl_pipeline |   Re-enqueued pending post: 1tj9rtq
2026-05-21 07:57:39 [INFO    ] crawl_pipeline |   Re-enqueued pending post: 1tj283z
2026-05-21 07:57:39 [INFO    ] crawl_pipeline |   Re-enqueued pending post: 1tj964n
2026-05-21 07:57:39 [INFO    ] crawl_pipeline |   Re-enqueued pending post: 1tj8jro
2026-05-21 07:57:39 [INFO    ] crawl_pipeline |   Re-enqueued pending post: 1tj9y4k
2026-05-21 07:57:39 [INFO    ] crawl_pipeline |   Re-enqueued pending post: 1tj7ptd
2026-05-21 07:57:39 [INFO    ] crawl_pipeline.worker-1 | [Worker 1] Processing 1tj9v8c (WkwkwkLand) — "..."
2026-05-21 07:57:39 [INFO    ] crawl_pipeline |   Re-enqueued pending post: 1tj0qd1
2026-05-21 07:57:39 [INFO    ] crawl_pipeline |   Re-enqueued pending post: 1tjadc5
2026-05-21 07:57:39 [INFO    ] crawl_pipeline |   Re-enqueued pending post: 1tj5e6v
2026-05-21 07:57:39 [INFO    ] crawl_pipeline |   Re-enqueued pending post: 1tinmog
2026-05-21 07:57:39 [INFO    ] crawl_pipeline |   Re-enqueued pending post: 1tipj3x
2026-05-21 07:57:39 [INFO    ] crawl_pipeline |   Re-enqueued pending post: 1tj7217
2026-05-21 07:57:39 [INFO    ] crawl_pipeline.worker-3 | [Worker 3] Started.
2026-05-21 07:57:39 [INFO    ] crawl_pipeline |   Re-enqueued pending post: 1tici50
2026-05-21 07:57:39 [INFO    ] crawl_pipeline |   Re-enqueued pending post: 1tikidt
2026-05-21 07:57:39 [INFO    ] crawl_pipeline |   Re-enqueued pending post: 1tilnn7
2026-05-21 07:57:39 [INFO    ] crawl_pipeline |   Re-enqueued pending post: 1tihk4f
2026-05-21 07:57:39 [INFO    ] crawl_pipeline |   Re-enqueued pending post: 1ti4w8o
2026-05-21 07:57:39 [INFO    ] crawl_pipeline |   Re-enqueued pending post: 1ti77ma
2026-05-21 07:57:39 [INFO    ] crawl_pipeline |   Re-enqueued pending post: 1tibqub
2026-05-21 07:57:39 [INFO    ] crawl_pipeline |   Re-enqueued pending post: 1ti4np8
2026-05-21 07:57:39 [INFO    ] crawl_pipeline |   Re-enqueued pending post: 1th99h6
2026-05-21 07:57:39 [INFO    ] crawl_pipeline |   Re-enqueued pending post: 1th50yx
2026-05-21 07:57:39 [INFO    ] crawl_pipeline |   Re-enqueued pending post: 1tfu42t
2026-05-21 07:57:39 [INFO    ] crawl_pipeline |   Re-enqueued pending post: 1tf17yl
2026-05-21 07:57:39 [INFO    ] crawl_pipeline |   Re-enqueued pending post: 1tendzp
2026-05-21 07:57:39 [INFO    ] crawl_pipeline |   Re-enqueued pending post: 1t0ktlj
2026-05-21 07:57:39 [INFO    ] crawl_pipeline |   Re-enqueued pending post: 1sxzcff
2026-05-21 07:57:39 [INFO    ] crawl_pipeline |   Re-enqueued pending post: 1sw6n7j
2026-05-21 07:57:39 [INFO    ] crawl_pipeline |   Re-enqueued pending post: 1sqvh2y
2026-05-21 07:57:39 [INFO    ] crawl_pipeline |   Re-enqueued pending post: 1sl2w81
2026-05-21 07:57:39 [INFO    ] crawl_pipeline |   Re-enqueued pending post: 1s1b6so
2026-05-21 07:57:39 [INFO    ] crawl_pipeline |   Re-enqueued pending post: 1qww8tv
2026-05-21 07:57:39 [INFO    ] crawl_pipeline |   Re-enqueued pending post: 1qfwfai
2026-05-21 07:57:39 [INFO    ] crawl_pipeline |   Re-enqueued pending post: 1pxr7j3
2026-05-21 07:57:39 [INFO    ] crawl_pipeline |   Re-enqueued pending post: 1nfriyu
2026-05-21 07:57:39 [INFO    ] crawl_pipeline |   Re-enqueued pending post: 1ksrgyg
2026-05-21 07:57:39 [INFO    ] crawl_pipeline |   Re-enqueued pending post: 1iveec7
2026-05-21 07:57:39 [INFO    ] crawl_pipeline |   Re-enqueued pending post: 1e7sajx
2026-05-21 07:57:39 [INFO    ] crawl_pipeline |   Re-enqueued pending post: 1950ypa
2026-05-21 07:57:39 [INFO    ] crawl_pipeline |   Re-enqueued pending post: 17j1go7
2026-05-21 07:57:39 [INFO    ] crawl_pipeline |   Re-enqueued pending post: g8syi6
2026-05-21 07:57:39 [INFO    ] crawl_pipeline |   Re-enqueued pending post: 1tj6ztn
2026-05-21 07:57:39 [INFO    ] crawl_pipeline |   Re-enqueued pending post: 1tjbdes
2026-05-21 07:57:39 [INFO    ] crawl_pipeline |   Re-enqueued pending post: 1tj9w5e
2026-05-21 07:57:39 [INFO    ] crawl_pipeline |   Re-enqueued pending post: 1tjacae
2026-05-21 07:57:39 [INFO    ] crawl_pipeline |   Re-enqueued pending post: 1tj8t3n
2026-05-21 07:57:39 [INFO    ] crawl_pipeline |   Re-enqueued pending post: 1tibcqo
2026-05-21 07:57:39 [INFO    ] crawl_pipeline |   Re-enqueued pending post: 1tiik4m
2026-05-21 07:57:39 [INFO    ] crawl_pipeline |   Re-enqueued pending post: 1tj8ylx
2026-05-21 07:57:39 [INFO    ] crawl_pipeline |   Re-enqueued pending post: 1tj9gm1
2026-05-21 07:57:39 [INFO    ] crawl_pipeline |   Re-enqueued pending post: 1tj8csl
2026-05-21 07:57:39 [INFO    ] crawl_pipeline |   Re-enqueued pending post: 1tj3ox4
2026-05-21 07:57:39 [INFO    ] crawl_pipeline |   Re-enqueued pending post: 1tihpv9
2026-05-21 07:57:39 [INFO    ] crawl_pipeline |   Re-enqueued pending post: 1tjbemn
2026-05-21 07:57:39 [INFO    ] crawl_pipeline |   Re-enqueued pending post: 1thswt4
2026-05-21 07:57:39 [INFO    ] crawl_pipeline |   Re-enqueued pending post: 1tj1nh2
2026-05-21 07:57:39 [INFO    ] crawl_pipeline |   Re-enqueued pending post: 1tj9mxz
2026-05-21 07:57:39 [INFO    ] crawl_pipeline |   Re-enqueued pending post: 1tj8igp
2026-05-21 07:57:39 [INFO    ] crawl_pipeline |   Re-enqueued pending post: 1tj8fy0
2026-05-21 07:57:39 [INFO    ] crawl_pipeline |   Re-enqueued pending post: 1tj6xln
2026-05-21 07:57:39 [INFO    ] crawl_pipeline |   Re-enqueued pending post: 1tj4al8
2026-05-21 07:57:39 [INFO    ] crawl_pipeline |   Re-enqueued pending post: 1thoxm1
2026-05-21 07:57:39 [INFO    ] crawl_pipeline |   Re-enqueued pending post: 1tj8z62
2026-05-21 07:57:39 [INFO    ] crawl_pipeline.worker-4 | [Worker 4] Started.
2026-05-21 07:57:39 [INFO    ] crawl_pipeline |   Re-enqueued pending post: 1tj4zht
2026-05-21 07:57:39 [INFO    ] crawl_pipeline |   Re-enqueued pending post: 1tj6bqj
2026-05-21 07:57:39 [INFO    ] crawl_pipeline |   Re-enqueued pending post: 1tic2xl
2026-05-21 07:57:39 [INFO    ] crawl_pipeline.worker-0 | [Worker 0] Processing 1tj25jd (indonesia) — "..."
2026-05-21 07:57:39 [INFO    ] crawl_pipeline |   Re-enqueued pending post: 1ti7f4p
2026-05-21 07:57:39 [INFO    ] crawl_pipeline |   Re-enqueued pending post: 1tj5uy6
2026-05-21 07:57:39 [INFO    ] crawl_pipeline |   Re-enqueued pending post: 1iv9w98
2026-05-21 07:57:39 [INFO    ] crawl_pipeline |   Re-enqueued pending post: 1tj8y5c
2026-05-21 07:57:39 [INFO    ] crawl_pipeline.worker-2 | [Worker 2] Processing 1tj83ed (AdaIndonesiaCoy) — "..."
2026-05-21 07:57:39 [INFO    ] crawl_pipeline |   Re-enqueued pending post: 1tj803f
2026-05-21 07:57:39 [INFO    ] crawl_pipeline |   Re-enqueued pending post: 1tj5tas
2026-05-21 07:57:39 [INFO    ] crawl_pipeline.worker-3 | [Worker 3] Processing 1tj9rtq (finansial) — "..."
2026-05-21 07:57:39 [INFO    ] crawl_pipeline |   Re-enqueued pending post: 1tj6c1g
2026-05-21 07:57:39 [INFO    ] crawl_pipeline.worker-4 | [Worker 4] Processing 1tj283z (indonesiabebas) — "..."
2026-05-21 07:57:39 [INFO    ] crawl_pipeline |   Re-enqueued pending post: 1tj626i
2026-05-21 07:57:39 [INFO    ] crawl_pipeline |   Re-enqueued pending post: 1tiqn0z
2026-05-21 07:57:39 [INFO    ] crawl_pipeline |   Re-enqueued pending post: 1tjau4f
2026-05-21 07:57:39 [INFO    ] crawl_pipeline |   Re-enqueued pending post: 1tjaibh
2026-05-21 07:57:39 [INFO    ] crawl_pipeline |   Re-enqueued pending post: 1tj8bry
2026-05-21 07:57:39 [INFO    ] crawl_pipeline |   Re-enqueued pending post: 1ti6ckk
2026-05-21 07:57:39 [INFO    ] crawl_pipeline |   Re-enqueued pending post: 1tjagft
2026-05-21 07:57:39 [INFO    ] crawl_pipeline |   Re-enqueued pending post: 1tj2dcm
2026-05-21 07:57:39 [INFO    ] crawl_pipeline |   Re-enqueued pending post: 1tj6ls0
2026-05-21 07:57:39 [INFO    ] crawl_pipeline |   Re-enqueued pending post: 1tig6zt
2026-05-21 07:57:39 [INFO    ] crawl_pipeline |   Re-enqueued pending post: 1tj7klv
2026-05-21 07:57:39 [INFO    ] crawl_pipeline |   Re-enqueued pending post: 1tj1rdk
2026-05-21 07:57:39 [INFO    ] crawl_pipeline |   Re-enqueued pending post: 1tj5u61
2026-05-21 07:57:39 [INFO    ] crawl_pipeline |   Re-enqueued pending post: 1tjbda2
2026-05-21 07:57:39 [INFO    ] crawl_pipeline |   Re-enqueued pending post: 1tj8zwf
2026-05-21 07:57:39 [INFO    ] crawl_pipeline |   Re-enqueued pending post: 1tj8z68
2026-05-21 07:57:39 [INFO    ] crawl_pipeline |   Re-enqueued pending post: 1thmj7o
2026-05-21 07:57:39 [INFO    ] crawl_pipeline |   Re-enqueued pending post: 1tjag04
2026-05-21 07:57:39 [INFO    ] crawl_pipeline |   Re-enqueued pending post: 1tinh7b
2026-05-21 07:57:39 [INFO    ] crawl_pipeline |   Re-enqueued pending post: 1timrvg
2026-05-21 07:57:39 [INFO    ] crawl_pipeline |   Re-enqueued pending post: 1tj3w0b
2026-05-21 07:57:39 [INFO    ] crawl_pipeline |   Re-enqueued pending post: 1tj4she
2026-05-21 07:57:39 [INFO    ] crawl_pipeline |   Re-enqueued pending post: 1tj9ugp
2026-05-21 07:57:39 [INFO    ] crawl_pipeline |   Re-enqueued pending post: 1tiudkf
2026-05-21 07:57:39 [INFO    ] crawl_pipeline |   Re-enqueued pending post: 1tja2gb
2026-05-21 07:57:39 [INFO    ] crawl_pipeline |   Re-enqueued pending post: 1tiif24
2026-05-21 07:57:39 [INFO    ] crawl_pipeline |   Re-enqueued pending post: 1thq8w1
2026-05-21 07:57:39 [INFO    ] crawl_pipeline |   Re-enqueued pending post: 1tj7pnj
2026-05-21 07:57:39 [INFO    ] crawl_pipeline |   Re-enqueued pending post: 1tj5xnp
2026-05-21 07:57:39 [INFO    ] crawl_pipeline |   Re-enqueued pending post: 1tieaof
2026-05-21 07:57:39 [INFO    ] crawl_pipeline |   Re-enqueued pending post: 1tj9itd
2026-05-21 07:57:39 [INFO    ] crawl_pipeline |   Re-enqueued pending post: 1tj4a7c
2026-05-21 07:57:39 [INFO    ] crawl_pipeline |   Re-enqueued pending post: 1tiifgd
2026-05-21 07:57:39 [INFO    ] crawl_pipeline |   Re-enqueued pending post: 1tj2bu4
2026-05-21 07:57:39 [INFO    ] crawl_pipeline |   Re-enqueued pending post: 1tihqb0
2026-05-21 07:57:39 [INFO    ] crawl_pipeline |   Re-enqueued pending post: 1tj3ayw
2026-05-21 07:57:39 [INFO    ] crawl_pipeline |   Re-enqueued pending post: 1tizh1i
2026-05-21 07:57:39 [INFO    ] crawl_pipeline |   Re-enqueued pending post: 1tj640z
2026-05-21 07:57:39 [INFO    ] crawl_pipeline |   Re-enqueued pending post: 1tiu1hq
2026-05-21 07:57:39 [INFO    ] crawl_pipeline |   Re-enqueued pending post: 1tj3r4n
2026-05-21 07:57:39 [INFO    ] crawl_pipeline |   Re-enqueued pending post: 1thjn17
2026-05-21 07:57:39 [INFO    ] crawl_pipeline |   Re-enqueued pending post: 1tii40s
2026-05-21 07:57:39 [INFO    ] crawl_pipeline |   Re-enqueued pending post: 1til8zi
2026-05-21 07:57:39 [INFO    ] crawl_pipeline |   Re-enqueued pending post: 1tj9ywy
2026-05-21 07:57:39 [INFO    ] crawl_pipeline |   Re-enqueued pending post: 1tj8t0s
2026-05-21 07:57:39 [INFO    ] crawl_pipeline |   Re-enqueued pending post: 1thj6vn
2026-05-21 07:57:39 [INFO    ] crawl_pipeline |   Re-enqueued pending post: 1tjb6g0
2026-05-21 07:57:39 [INFO    ] crawl_pipeline |   Re-enqueued pending post: 1tiieqo
2026-05-21 07:57:39 [INFO    ] crawl_pipeline |   Re-enqueued pending post: 1tixm34
2026-05-21 07:57:39 [INFO    ] crawl_pipeline |   Re-enqueued pending post: 1tiq8xc
2026-05-21 07:57:39 [INFO    ] crawl_pipeline |   Re-enqueued pending post: 1tjafn8
2026-05-21 07:57:39 [INFO    ] crawl_pipeline |   Re-enqueued pending post: 1tii22q
2026-05-21 07:57:39 [INFO    ] crawl_pipeline |   Re-enqueued pending post: 1tj36fv
2026-05-21 07:57:39 [INFO    ] crawl_pipeline |   Re-enqueued pending post: 1ti8dc8
2026-05-21 07:57:39 [INFO    ] crawl_pipeline |   Re-enqueued pending post: 1tiqr00
2026-05-21 07:57:39 [INFO    ] crawl_pipeline |   Re-enqueued pending post: 1tj8lhd
2026-05-21 07:57:39 [INFO    ] crawl_pipeline |   Re-enqueued pending post: 1tigxe7
2026-05-21 07:57:39 [INFO    ] crawl_pipeline |   Re-enqueued pending post: 1tj8ew1
2026-05-21 07:57:39 [INFO    ] crawl_pipeline |   Re-enqueued pending post: 1tj8be4
2026-05-21 07:57:39 [INFO    ] crawl_pipeline |   Re-enqueued pending post: 1tiw9sf
2026-05-21 07:57:39 [INFO    ] crawl_pipeline |   Re-enqueued pending post: 1tikbwg
2026-05-21 07:57:39 [INFO    ] crawl_pipeline |   Re-enqueued pending post: 1ti5non
2026-05-21 07:57:39 [INFO    ] crawl_pipeline |   Re-enqueued pending post: 1tim1be
2026-05-21 07:57:39 [INFO    ] crawl_pipeline |   Re-enqueued pending post: 1tj7f7s
2026-05-21 07:57:39 [INFO    ] crawl_pipeline |   Re-enqueued pending post: 1tio1a5
2026-05-21 07:57:39 [INFO    ] crawl_pipeline |   Re-enqueued pending post: 1tigw0b
2026-05-21 07:57:39 [INFO    ] crawl_pipeline |   Re-enqueued pending post: 1tikp1s
2026-05-21 07:57:39 [INFO    ] crawl_pipeline |   Re-enqueued pending post: 1tih2v3
2026-05-21 07:57:39 [INFO    ] crawl_pipeline |   Re-enqueued pending post: 1tit7mz
2026-05-21 07:57:39 [INFO    ] crawl_pipeline |   Re-enqueued pending post: 1tj73oo
2026-05-21 07:57:39 [INFO    ] crawl_pipeline |   Re-enqueued pending post: 1tioixn
2026-05-21 07:57:39 [INFO    ] crawl_pipeline |   Re-enqueued pending post: 1tifrzy
2026-05-21 07:57:39 [INFO    ] crawl_pipeline |   Re-enqueued pending post: 1tio9e1
2026-05-21 07:57:39 [INFO    ] crawl_pipeline |   Re-enqueued pending post: 1th68dp
2026-05-21 07:57:39 [INFO    ] crawl_pipeline |   Re-enqueued pending post: 1thfj1u
2026-05-21 07:57:39 [INFO    ] crawl_pipeline |   Re-enqueued pending post: 1tj67mr
2026-05-21 07:57:39 [INFO    ] crawl_pipeline |   Re-enqueued pending post: 1tigby7
2026-05-21 07:57:39 [INFO    ] crawl_pipeline |   Re-enqueued pending post: 1tidetz
2026-05-21 07:57:39 [INFO    ] crawl_pipeline |   Re-enqueued pending post: 1tied2x
2026-05-21 07:57:39 [INFO    ] crawl_pipeline |   Re-enqueued pending post: 1tij9su
2026-05-21 07:57:39 [INFO    ] crawl_pipeline |   Re-enqueued pending post: 1tih1q5
2026-05-21 07:57:39 [INFO    ] crawl_pipeline |   Re-enqueued pending post: 1tincp2
2026-05-21 07:57:39 [INFO    ] crawl_pipeline |   Re-enqueued pending post: 1tiew7c
2026-05-21 07:57:39 [INFO    ] crawl_pipeline |   Re-enqueued pending post: 1ti78af
2026-05-21 07:57:39 [INFO    ] crawl_pipeline |   Re-enqueued pending post: 1tifjc6
2026-05-21 07:57:39 [INFO    ] crawl_pipeline |   Re-enqueued pending post: 1tikotv
2026-05-21 07:57:39 [INFO    ] crawl_pipeline |   Re-enqueued pending post: 1tihdie
2026-05-21 07:57:39 [INFO    ] crawl_pipeline |   Re-enqueued pending post: 1tied0l
2026-05-21 07:57:39 [INFO    ] crawl_pipeline |   Re-enqueued pending post: 1tj7rf5
2026-05-21 07:57:39 [INFO    ] crawl_pipeline |   Re-enqueued pending post: 1tij99x
2026-05-21 07:57:39 [INFO    ] crawl_pipeline |   Re-enqueued pending post: 1thl7b5
2026-05-21 07:57:39 [INFO    ] crawl_pipeline |   Re-enqueued pending post: 1tjae3f
2026-05-21 07:57:39 [INFO    ] crawl_pipeline |   Re-enqueued pending post: 1tjb61y
2026-05-21 07:57:39 [INFO    ] crawl_pipeline |   Re-enqueued pending post: 1tizym0
2026-05-21 07:57:39 [INFO    ] crawl_pipeline |   Re-enqueued pending post: 1tioo69
2026-05-21 07:57:39 [INFO    ] crawl_pipeline |   Re-enqueued pending post: 1tifm0m
2026-05-21 07:57:39 [INFO    ] crawl_pipeline |   Re-enqueued pending post: 1tj8479
2026-05-21 07:57:39 [INFO    ] crawl_pipeline |   Re-enqueued pending post: 1tiv0f4
2026-05-21 07:57:39 [INFO    ] crawl_pipeline |   Re-enqueued pending post: 1tiks85
2026-05-21 07:57:39 [INFO    ] crawl_pipeline |   Re-enqueued pending post: 1tia14x
2026-05-21 07:57:39 [INFO    ] crawl_pipeline |   Re-enqueued pending post: 1tipowo
2026-05-21 07:57:39 [INFO    ] crawl_pipeline |   Re-enqueued pending post: 1tii17l
2026-05-21 07:57:39 [INFO    ] crawl_pipeline |   Re-enqueued pending post: 1ti4dil
2026-05-21 07:57:39 [INFO    ] crawl_pipeline |   Re-enqueued pending post: 1tiocph
2026-05-21 07:57:39 [INFO    ] crawl_pipeline |   Re-enqueued pending post: 1thc3kq
2026-05-21 07:57:39 [INFO    ] crawl_pipeline |   Re-enqueued pending post: 1ti5x5b
2026-05-21 07:57:39 [INFO    ] crawl_pipeline |   Re-enqueued pending post: 1ti9dgi
2026-05-21 07:57:39 [INFO    ] crawl_pipeline |   Re-enqueued pending post: 1ti2cu4
2026-05-21 07:57:39 [INFO    ] crawl_pipeline |   Re-enqueued pending post: 1tioqe2
2026-05-21 07:57:39 [INFO    ] crawl_pipeline |   Re-enqueued pending post: 1tikhzi
2026-05-21 07:57:39 [INFO    ] crawl_pipeline |   Re-enqueued pending post: 1tia3kg
2026-05-21 07:57:39 [INFO    ] crawl_pipeline |   Re-enqueued pending post: 1timznb
2026-05-21 07:57:39 [INFO    ] crawl_pipeline |   Re-enqueued pending post: 1tidkcx
2026-05-21 07:57:39 [INFO    ] crawl_pipeline |   Re-enqueued pending post: 1tiigrq
2026-05-21 07:57:39 [INFO    ] crawl_pipeline |   Re-enqueued pending post: 1tic74b
2026-05-21 07:57:39 [INFO    ] crawl_pipeline |   Re-enqueued pending post: 1tigrpp
2026-05-21 07:57:39 [INFO    ] crawl_pipeline |   Re-enqueued pending post: 1tii5wh
2026-05-21 07:57:39 [INFO    ] crawl_pipeline |   Re-enqueued pending post: 1tic2qd
2026-05-21 07:57:39 [INFO    ] crawl_pipeline |   Re-enqueued pending post: 1tiv149
2026-05-21 07:57:39 [INFO    ] crawl_pipeline |   Re-enqueued pending post: 1thq6ld
2026-05-21 07:57:39 [INFO    ] crawl_pipeline |   Re-enqueued pending post: 1ticb5s
2026-05-21 07:57:39 [INFO    ] crawl_pipeline |   Re-enqueued pending post: 1tj7ao7
2026-05-21 07:57:39 [INFO    ] crawl_pipeline |   Re-enqueued pending post: 1tikrsm
2026-05-21 07:57:39 [INFO    ] crawl_pipeline |   Re-enqueued pending post: 1tiiacm
2026-05-21 07:57:39 [INFO    ] crawl_pipeline |   Re-enqueued pending post: 1thtbs4
2026-05-21 07:57:39 [INFO    ] crawl_pipeline |   Re-enqueued pending post: 1tj4bib
2026-05-21 07:57:39 [INFO    ] crawl_pipeline |   Re-enqueued pending post: 1tibg9z
2026-05-21 07:57:39 [INFO    ] crawl_pipeline |   Re-enqueued pending post: 1ti6byg
2026-05-21 07:57:39 [INFO    ] crawl_pipeline |   Re-enqueued pending post: 1tib8x6
2026-05-21 07:57:39 [INFO    ] crawl_pipeline.worker-2 | [Worker 2] 1tj83ed done — 0 thread(s)
2026-05-21 07:57:39 [INFO    ] crawl_pipeline.worker-4 | [Worker 4] 1tj283z done — 0 thread(s)
2026-05-21 07:57:39 [INFO    ] crawl_pipeline.worker-1 | [Worker 1] 1tj9v8c done — 0 thread(s)
2026-05-21 07:57:39 [INFO    ] crawl_pipeline.worker-3 | [Worker 3] 1tj9rtq done — 0 thread(s)
2026-05-21 07:57:40 [INFO    ] crawl_pipeline.worker-0 | [Worker 0] 1tj25jd done — 0 thread(s)
2026-05-21 07:57:41 [INFO    ] crawl_pipeline.worker-2 | [Worker 2] Processing 1tj964n (indotech) — "..."
2026-05-21 07:57:41 [INFO    ] crawl_pipeline |   Re-enqueued pending post: 1tifqlc
2026-05-21 07:57:41 [INFO    ] crawl_pipeline.worker-4 | [Worker 4] Processing 1tj8jro (kulineria) — "..."
2026-05-21 07:57:41 [INFO    ] crawl_pipeline |   Re-enqueued pending post: 1tic66t
2026-05-21 07:57:41 [INFO    ] crawl_pipeline.worker-1 | [Worker 1] Processing 1tj9y4k (indowibu) — "..."
2026-05-21 07:57:41 [INFO    ] crawl_pipeline |   Re-enqueued pending post: 1ti8b6m
2026-05-21 07:57:41 [INFO    ] crawl_pipeline.worker-3 | [Worker 3] Processing 1tj7ptd (Bandung) — "..."
2026-05-21 07:57:41 [INFO    ] crawl_pipeline |   Re-enqueued pending post: 1tj9iko
2026-05-21 07:57:41 [INFO    ] crawl_pipeline.worker-4 | [Worker 4] 1tj8jro done — 0 thread(s)
2026-05-21 07:57:42 [INFO    ] crawl_pipeline.worker-1 | [Worker 1] 1tj9y4k done — 0 thread(s)
2026-05-21 07:57:42 [INFO    ] crawl_pipeline.worker-3 | [Worker 3] 1tj7ptd done — 0 thread(s)
2026-05-21 07:57:42 [INFO    ] crawl_pipeline.worker-2 | [Worker 2] 1tj964n done — 3 thread(s)
2026-05-21 07:57:42 [INFO    ] crawl_pipeline.worker-0 | [Worker 0] Processing 1tj0qd1 (jualbeliindonesia) — "..."
2026-05-21 07:57:42 [INFO    ] crawl_pipeline |   Re-enqueued pending post: 1tio2nm
2026-05-21 07:57:42 [INFO    ] crawl_pipeline.worker-0 | [Worker 0] 1tj0qd1 done — 0 thread(s)
2026-05-21 07:57:43 [INFO    ] crawl_pipeline.worker-4 | [Worker 4] Processing 1tjadc5 (IndoGamer) — "..."
2026-05-21 07:57:43 [INFO    ] crawl_pipeline |   Re-enqueued pending post: 1tijvdk
2026-05-21 07:57:44 [INFO    ] crawl_pipeline |   Re-enqueued pending post: 1tip34q
2026-05-21 07:57:44 [INFO    ] crawl_pipeline.worker-1 | [Worker 1] Processing 1tj5e6v (Jakarta) — "..."
2026-05-21 07:57:44 [INFO    ] crawl_pipeline.worker-3 | [Worker 3] Processing 1tinmog (Cekrek) — "..."
2026-05-21 07:57:44 [INFO    ] crawl_pipeline |   Re-enqueued pending post: 1tigty2
2026-05-21 07:57:44 [INFO    ] crawl_pipeline.worker-4 | [Worker 4] 1tjadc5 done — 0 thread(s)
2026-05-21 07:57:44 [INFO    ] crawl_pipeline.worker-2 | [Worker 2] Processing 1tipj3x (bali) — "..."
2026-05-21 07:57:44 [INFO    ] crawl_pipeline |   Re-enqueued pending post: 1tieur8
2026-05-21 07:57:44 [INFO    ] crawl_pipeline.worker-1 | [Worker 1] 1tj5e6v done — 0 thread(s)
2026-05-21 07:57:44 [INFO    ] crawl_pipeline.worker-3 | [Worker 3] 1tinmog done — 0 thread(s)
2026-05-21 07:57:44 [INFO    ] crawl_pipeline.worker-2 | [Worker 2] 1tipj3x done — 3 thread(s)
2026-05-21 07:57:44 [INFO    ] crawl_pipeline.worker-0 | [Worker 0] Processing 1tj7217 (BaliTravelTips) — "..."
2026-05-21 07:57:44 [INFO    ] crawl_pipeline |   Re-enqueued pending post: 1tir7fo
2026-05-21 07:57:45 [INFO    ] crawl_pipeline.worker-0 | [Worker 0] 1tj7217 done — 3 thread(s)
2026-05-21 07:57:46 [INFO    ] crawl_pipeline.worker-4 | [Worker 4] Processing 1tici50 (JudiSaham) — "..."
2026-05-21 07:57:46 [INFO    ] crawl_pipeline |   Re-enqueued pending post: 1tianvh
2026-05-21 07:57:46 [INFO    ] crawl_pipeline.worker-1 | [Worker 1] Processing 1tikidt (Perempuan) — "..."
2026-05-21 07:57:46 [INFO    ] crawl_pipeline |   Re-enqueued pending post: 1tigax5
2026-05-21 07:57:46 [INFO    ] crawl_pipeline.worker-3 | [Worker 3] Processing 1tilnn7 (sehat) — "..."
2026-05-21 07:57:46 [INFO    ] crawl_pipeline |   Re-enqueued pending post: 1tid9yq
2026-05-21 07:57:46 [INFO    ] crawl_pipeline.worker-2 | [Worker 2] Processing 1tihk4f (karir) — "..."
2026-05-21 07:57:46 [INFO    ] crawl_pipeline |   Re-enqueued pending post: 1ti5c9z
2026-05-21 07:57:46 [INFO    ] crawl_pipeline.worker-1 | [Worker 1] 1tikidt done — 1 thread(s)
2026-05-21 07:57:46 [INFO    ] crawl_pipeline.worker-4 | [Worker 4] 1tici50 done — 0 thread(s)
2026-05-21 07:57:46 [INFO    ] crawl_pipeline.worker-3 | [Worker 3] 1tilnn7 done — 1 thread(s)
2026-05-21 07:57:46 [INFO    ] crawl_pipeline.worker-2 | [Worker 2] 1tihk4f done — 0 thread(s)
2026-05-21 07:57:47 [INFO    ] crawl_pipeline.worker-0 | [Worker 0] Processing 1ti4w8o (indocartalk) — "..."
2026-05-21 07:57:47 [INFO    ] crawl_pipeline |   Re-enqueued pending post: 1ti906j
2026-05-21 07:57:47 [INFO    ] crawl_pipeline.worker-0 | [Worker 0] 1ti4w8o done — 0 thread(s)
2026-05-21 07:57:48 [INFO    ] crawl_pipeline.worker-1 | [Worker 1] Processing 1ti77ma (pria) — "..."
2026-05-21 07:57:48 [INFO    ] crawl_pipeline |   Re-enqueued pending post: 1tiiljn
2026-05-21 07:57:48 [INFO    ] crawl_pipeline.worker-4 | [Worker 4] Processing 1tibqub (indonesian) — "..."
2026-05-21 07:57:48 [INFO    ] crawl_pipeline |   Re-enqueued pending post: 1tila69
2026-05-21 07:57:48 [INFO    ] crawl_pipeline.worker-3 | [Worker 3] Processing 1ti4np8 (surabaya) — "..."
2026-05-21 07:57:48 [INFO    ] crawl_pipeline |   Re-enqueued pending post: 1tilkir
2026-05-21 07:57:48 [INFO    ] crawl_pipeline.worker-2 | [Worker 2] Processing 1th99h6 (indolostmedia) — "..."
2026-05-21 07:57:48 [INFO    ] crawl_pipeline |   Re-enqueued pending post: 1ti838n
2026-05-21 07:57:48 [INFO    ] crawl_pipeline.worker-1 | [Worker 1] 1ti77ma done — 0 thread(s)
2026-05-21 07:57:49 [INFO    ] crawl_pipeline.worker-4 | [Worker 4] 1tibqub done — 2 thread(s)
2026-05-21 07:57:49 [INFO    ] crawl_pipeline.worker-3 | [Worker 3] 1ti4np8 done — 0 thread(s)
2026-05-21 07:57:49 [INFO    ] crawl_pipeline.worker-0 | [Worker 0] Processing 1th50yx (IndonesiaPics) — "..."
2026-05-21 07:57:49 [INFO    ] crawl_pipeline |   Re-enqueued pending post: 1qf7pub
2026-05-21 07:57:49 [INFO    ] crawl_pipeline.worker-2 | [Worker 2] 1th99h6 done — 0 thread(s)
2026-05-21 07:57:49 [INFO    ] crawl_pipeline.worker-0 | [Worker 0] 1th50yx done — 0 thread(s)
2026-05-21 07:57:50 [INFO    ] crawl_pipeline.worker-1 | [Worker 1] Processing 1tfu42t (r4rindonesia) — "..."
2026-05-21 07:57:50 [INFO    ] crawl_pipeline |   Re-enqueued pending post: 1ti7fkp
2026-05-21 07:57:51 [INFO    ] crawl_pipeline.worker-4 | [Worker 4] Processing 1tf17yl (malang) — "..."
2026-05-21 07:57:51 [INFO    ] crawl_pipeline |   Re-enqueued pending post: 1tidzi1
2026-05-21 07:57:51 [INFO    ] crawl_pipeline.worker-3 | [Worker 3] Processing 1tendzp (DIYogyakarta) — "..."
2026-05-21 07:57:51 [INFO    ] crawl_pipeline |   Re-enqueued pending post: 1tirt9a
2026-05-21 07:57:51 [INFO    ] crawl_pipeline.worker-1 | [Worker 1] 1tfu42t done — 0 thread(s)
2026-05-21 07:57:51 [INFO    ] crawl_pipeline.worker-4 | [Worker 4] 1tf17yl done — 0 thread(s)
2026-05-21 07:57:51 [INFO    ] crawl_pipeline.worker-3 | [Worker 3] 1tendzp done — 0 thread(s)
2026-05-21 07:57:51 [INFO    ] crawl_pipeline.worker-2 | [Worker 2] Processing 1t0ktlj (ngeteh) — "..."
2026-05-21 07:57:51 [INFO    ] crawl_pipeline |   Re-enqueued pending post: 1ti4q9w
2026-05-21 07:57:51 [INFO    ] crawl_pipeline.worker-0 | [Worker 0] Processing 1sxzcff (IndoFlicks) — "..."
2026-05-21 07:57:51 [INFO    ] crawl_pipeline |   Re-enqueued pending post: 1tij0rt
2026-05-21 07:57:51 [INFO    ] crawl_pipeline.worker-2 | [Worker 2] 1t0ktlj done — 0 thread(s)
2026-05-21 07:57:52 [INFO    ] crawl_pipeline.worker-0 | [Worker 0] 1sxzcff done — 0 thread(s)
2026-05-21 07:57:53 [INFO    ] crawl_pipeline.worker-1 | [Worker 1] Processing 1sw6n7j (RajaAmpat) — "..."
2026-05-21 07:57:53 [INFO    ] crawl_pipeline |   Re-enqueued pending post: 1thjuef
2026-05-21 07:57:53 [INFO    ] crawl_pipeline.worker-4 | [Worker 4] Processing 1sqvh2y (SalinTempel) — "..."
2026-05-21 07:57:53 [INFO    ] crawl_pipeline |   Re-enqueued pending post: 1tift9f
2026-05-21 07:57:53 [INFO    ] crawl_pipeline.worker-3 | [Worker 3] Processing 1sl2w81 (idiotdijalanan) — "..."
2026-05-21 07:57:53 [INFO    ] crawl_pipeline |   Re-enqueued pending post: 1tigy6p
2026-05-21 07:57:53 [INFO    ] crawl_pipeline.worker-1 | [Worker 1] 1sw6n7j done — 3 thread(s)
2026-05-21 07:57:53 [INFO    ] crawl_pipeline.worker-4 | [Worker 4] 1sqvh2y done — 1 thread(s)
2026-05-21 07:57:53 [INFO    ] crawl_pipeline.worker-3 | [Worker 3] 1sl2w81 done — 0 thread(s)
2026-05-21 07:57:53 [INFO    ] crawl_pipeline.worker-2 | [Worker 2] Processing 1s1b6so (IndonesianCoffee) — "..."
2026-05-21 07:57:53 [INFO    ] crawl_pipeline |   Re-enqueued pending post: 1tif8e6
2026-05-21 07:57:54 [INFO    ] crawl_pipeline |   Re-enqueued pending post: 1ti51ke
2026-05-21 07:57:54 [INFO    ] crawl_pipeline.worker-0 | [Worker 0] Processing 1qww8tv (sejarah) — "..."
2026-05-21 07:57:54 [INFO    ] crawl_pipeline.worker-2 | [Worker 2] 1s1b6so done — 0 thread(s)
2026-05-21 07:57:54 [INFO    ] crawl_pipeline.worker-0 | [Worker 0] 1qww8tv done — 0 thread(s)
2026-05-21 07:57:55 [INFO    ] crawl_pipeline.worker-1 | [Worker 1] Processing 1qfwfai (aku_ddn) — "..."
2026-05-21 07:57:55 [INFO    ] crawl_pipeline |   Re-enqueued pending post: 1tic8qr
2026-05-21 07:57:55 [INFO    ] crawl_pipeline.worker-4 | [Worker 4] Processing 1pxr7j3 (IndoLGBT) — "..."
2026-05-21 07:57:55 [INFO    ] crawl_pipeline |   Re-enqueued pending post: 1tj0m38
2026-05-21 07:57:55 [INFO    ] crawl_pipeline.worker-3 | [Worker 3] Processing 1nfriyu (NusantaraRaya) — "..."
2026-05-21 07:57:55 [INFO    ] crawl_pipeline |   Re-enqueued pending post: 1tigzzr
2026-05-21 07:57:55 [INFO    ] crawl_pipeline.worker-1 | [Worker 1] 1qfwfai done — 0 thread(s)
2026-05-21 07:57:55 [INFO    ] crawl_pipeline.worker-4 | [Worker 4] 1pxr7j3 done — 1 thread(s)
2026-05-21 07:57:56 [INFO    ] crawl_pipeline.worker-3 | [Worker 3] 1nfriyu done — 1 thread(s)
2026-05-21 07:57:56 [INFO    ] crawl_pipeline.worker-2 | [Worker 2] Processing 1ksrgyg (RisetIndonesia) — "..."
2026-05-21 07:57:56 [INFO    ] crawl_pipeline |   Re-enqueued pending post: 1ti9490
2026-05-21 07:57:56 [INFO    ] crawl_pipeline.worker-2 | [Worker 2] 1ksrgyg done — 0 thread(s)
2026-05-21 07:57:56 [INFO    ] crawl_pipeline.worker-0 | [Worker 0] Processing 1iveec7 (Pisang) — "..."
2026-05-21 07:57:56 [INFO    ] crawl_pipeline |   Re-enqueued pending post: 1ti8b9h
2026-05-21 07:57:56 [INFO    ] crawl_pipeline.worker-0 | [Worker 0] 1iveec7 done — 0 thread(s)
2026-05-21 07:57:57 [INFO    ] crawl_pipeline.worker-1 | [Worker 1] Processing 1e7sajx (bukanposronda) — "..."
2026-05-21 07:57:57 [INFO    ] crawl_pipeline |   Re-enqueued pending post: 1tijhqt
2026-05-21 07:57:57 [INFO    ] crawl_pipeline.worker-4 | [Worker 4] Processing 1950ypa (IndonesianExMuslim) — "..."
2026-05-21 07:57:57 [INFO    ] crawl_pipeline |   Re-enqueued pending post: 1tiehjk
2026-05-21 07:57:58 [INFO    ] crawl_pipeline.worker-3 | [Worker 3] Processing 17j1go7 (GamerMobileIndonesia) — "..."
2026-05-21 07:57:58 [INFO    ] crawl_pipeline |   Re-enqueued pending post: 1tic8aj
2026-05-21 07:57:58 [INFO    ] crawl_pipeline.worker-1 | [Worker 1] 1e7sajx done — 0 thread(s)
2026-05-21 07:57:58 [INFO    ] crawl_pipeline.worker-4 | [Worker 4] 1950ypa done — 0 thread(s)
2026-05-21 07:57:58 [INFO    ] crawl_pipeline.worker-3 | [Worker 3] 17j1go7 done — 0 thread(s)
2026-05-21 07:57:58 [INFO    ] crawl_pipeline |   Re-enqueued pending post: 1iuoy23
2026-05-21 07:57:58 [INFO    ] crawl_pipeline.worker-2 | [Worker 2] Processing g8syi6 (indomusic) — "..."
2026-05-21 07:57:58 [INFO    ] crawl_pipeline.worker-2 | [Worker 2] g8syi6 done — 0 thread(s)
2026-05-21 07:57:58 [INFO    ] crawl_pipeline.worker-0 | [Worker 0] Processing 1tj6ztn (BaliTravelTips) — "..."
2026-05-21 07:57:58 [INFO    ] crawl_pipeline |   Re-enqueued pending post: 1tiph1t
2026-05-21 07:57:58 [INFO    ] crawl_pipeline.worker-0 | [Worker 0] 1tj6ztn done — 2 thread(s)
2026-05-21 07:58:00 [INFO    ] crawl_pipeline.worker-1 | [Worker 1] Processing 1tjbdes (BaliTravelTips) — "..."
2026-05-21 07:58:00 [INFO    ] crawl_pipeline |   Re-enqueued pending post: 1ti58dq
2026-05-21 07:58:00 [INFO    ] crawl_pipeline.worker-4 | [Worker 4] Processing 1tj9w5e (indonesiabebas) — "..."
2026-05-21 07:58:00 [INFO    ] crawl_pipeline |   Re-enqueued pending post: 1ti7668
2026-05-21 07:58:00 [INFO    ] crawl_pipeline.worker-3 | [Worker 3] Processing 1tjacae (BaliTravelTips) — "..."
2026-05-21 07:58:00 [INFO    ] crawl_pipeline |   Re-enqueued pending post: 1tiby2f
2026-05-21 07:58:00 [INFO    ] crawl_pipeline.worker-1 | [Worker 1] 1tjbdes done — 3 thread(s)
2026-05-21 07:58:00 [INFO    ] crawl_pipeline.worker-4 | [Worker 4] 1tj9w5e done — 0 thread(s)
2026-05-21 07:58:00 [INFO    ] crawl_pipeline.worker-3 | [Worker 3] 1tjacae done — 1 thread(s)
2026-05-21 07:58:00 [INFO    ] crawl_pipeline.worker-2 | [Worker 2] Processing 1tj8t3n (jualbeliindonesia) — "..."
2026-05-21 07:58:00 [INFO    ] crawl_pipeline |   Re-enqueued pending post: 1ticwuf
2026-05-21 07:58:00 [INFO    ] crawl_pipeline.worker-0 | [Worker 0] Processing 1tibcqo (Perempuan) — "..."
2026-05-21 07:58:00 [INFO    ] crawl_pipeline |   Re-enqueued pending post: 1tint8e
2026-05-21 07:58:00 [INFO    ] crawl_pipeline.worker-2 | [Worker 2] 1tj8t3n done — 0 thread(s)
2026-05-21 07:58:01 [INFO    ] crawl_pipeline.worker-0 | [Worker 0] 1tibcqo done — 0 thread(s)
2026-05-21 07:58:02 [INFO    ] crawl_pipeline.worker-1 | [Worker 1] Processing 1tiik4m (Perempuan) — "..."
2026-05-21 07:58:02 [INFO    ] crawl_pipeline |   Re-enqueued pending post: 1thbb2h
2026-05-21 07:58:02 [INFO    ] crawl_pipeline.worker-4 | [Worker 4] Processing 1tj8ylx (BaliTravelTips) — "..."
2026-05-21 07:58:02 [INFO    ] crawl_pipeline |   Re-enqueued pending post: 1tinbvm
2026-05-21 07:58:02 [INFO    ] crawl_pipeline.worker-3 | [Worker 3] Processing 1tj9gm1 (IndoGamer) — "..."
2026-05-21 07:58:02 [INFO    ] crawl_pipeline |   Re-enqueued pending post: 1tifgob
2026-05-21 07:58:02 [INFO    ] crawl_pipeline.worker-1 | [Worker 1] 1tiik4m done — 1 thread(s)
2026-05-21 07:58:02 [INFO    ] crawl_pipeline.worker-4 | [Worker 4] 1tj8ylx done — 0 thread(s)
2026-05-21 07:58:02 [INFO    ] crawl_pipeline.worker-2 | [Worker 2] Processing 1tj8csl (BaliTravelTips) — "..."
2026-05-21 07:58:03 [INFO    ] crawl_pipeline |   Re-enqueued pending post: 1tid0og
2026-05-21 07:58:03 [INFO    ] crawl_pipeline.worker-2 | [Worker 2] 1tj8csl done — 0 thread(s)
2026-05-21 07:58:03 [INFO    ] crawl_pipeline.worker-0 | [Worker 0] Processing 1tj3ox4 (indonesiabebas) — "..."
2026-05-21 07:58:03 [INFO    ] crawl_pipeline |   Re-enqueued pending post: 1tifq6t
2026-05-21 07:58:03 [INFO    ] crawl_pipeline.worker-3 | [Worker 3] 1tj9gm1 done — 8 thread(s)
2026-05-21 07:58:04 [INFO    ] crawl_pipeline.worker-0 | [Worker 0] 1tj3ox4 done — 0 thread(s)
2026-05-21 07:58:04 [INFO    ] crawl_pipeline.worker-1 | [Worker 1] Processing 1tihpv9 (JudiSaham) — "..."
2026-05-21 07:58:04 [INFO    ] crawl_pipeline |   Re-enqueued pending post: 1ti9d9e
2026-05-21 07:58:04 [INFO    ] crawl_pipeline.worker-4 | [Worker 4] Processing 1tjbemn (bali) — "..."
2026-05-21 07:58:04 [INFO    ] crawl_pipeline |   Re-enqueued pending post: 1tijl8l
2026-05-21 07:58:05 [INFO    ] crawl_pipeline.worker-1 | [Worker 1] 1tihpv9 done — 0 thread(s)
2026-05-21 07:58:05 [INFO    ] crawl_pipeline.worker-4 | [Worker 4] 1tjbemn done — 0 thread(s)
2026-05-21 07:58:05 [INFO    ] crawl_pipeline.worker-2 | [Worker 2] Processing 1thswt4 (surabaya) — "..."
2026-05-21 07:58:05 [INFO    ] crawl_pipeline |   Re-enqueued pending post: 1tid27l
2026-05-21 07:58:05 [INFO    ] crawl_pipeline.worker-2 | [Worker 2] 1thswt4 done — 0 thread(s)
2026-05-21 07:58:05 [INFO    ] crawl_pipeline.worker-3 | [Worker 3] Processing 1tj1nh2 (AdaIndonesiaCoy) — "..."
2026-05-21 07:58:05 [INFO    ] crawl_pipeline |   Re-enqueued pending post: 1thvv13
2026-05-21 07:58:05 [INFO    ] crawl_pipeline.worker-3 | [Worker 3] 1tj1nh2 done — 0 thread(s)
2026-05-21 07:58:06 [INFO    ] crawl_pipeline.worker-0 | [Worker 0] Processing 1tj9mxz (AdaIndonesiaCoy) — "..."
2026-05-21 07:58:06 [INFO    ] crawl_pipeline |   Re-enqueued pending post: 1tisptt
2026-05-21 07:58:06 [INFO    ] crawl_pipeline.worker-0 | [Worker 0] 1tj9mxz done — 0 thread(s)
2026-05-21 07:58:07 [INFO    ] crawl_pipeline.worker-1 | [Worker 1] Processing 1tj8igp (jualbeliindonesia) — "..."
2026-05-21 07:58:07 [INFO    ] crawl_pipeline |   Re-enqueued pending post: 1tierdb
2026-05-21 07:58:07 [INFO    ] crawl_pipeline |   Re-enqueued pending post: 1tie41f
2026-05-21 07:58:07 [INFO    ] crawl_pipeline.worker-4 | [Worker 4] Processing 1tj8fy0 (jualbeliindonesia) — "..."
2026-05-21 07:58:07 [INFO    ] crawl_pipeline.worker-1 | [Worker 1] 1tj8igp done — 0 thread(s)
2026-05-21 07:58:07 [INFO    ] crawl_pipeline.worker-4 | [Worker 4] 1tj8fy0 done — 0 thread(s)
2026-05-21 07:58:07 [INFO    ] crawl_pipeline |   Re-enqueued pending post: 1tie4o2
2026-05-21 07:58:07 [INFO    ] crawl_pipeline.worker-2 | [Worker 2] Processing 1tj6xln (indonesia) — "..."
2026-05-21 07:58:07 [INFO    ] crawl_pipeline.worker-2 | [Worker 2] 1tj6xln done — 0 thread(s)
2026-05-21 07:58:07 [INFO    ] crawl_pipeline.worker-3 | [Worker 3] Processing 1tj4al8 (indonesia) — "..."
2026-05-21 07:58:07 [INFO    ] crawl_pipeline |   Re-enqueued pending post: 1tieg4r
2026-05-21 07:58:08 [INFO    ] crawl_pipeline.worker-3 | [Worker 3] 1tj4al8 done — 0 thread(s)
2026-05-21 07:58:08 [INFO    ] crawl_pipeline.worker-0 | [Worker 0] Processing 1thoxm1 (indocartalk) — "..."
2026-05-21 07:58:08 [INFO    ] crawl_pipeline |   Re-enqueued pending post: 1tijqnf
2026-05-21 07:58:08 [INFO    ] crawl_pipeline.worker-0 | [Worker 0] 1thoxm1 done — 0 thread(s)
2026-05-21 07:58:09 [INFO    ] crawl_pipeline.worker-1 | [Worker 1] Processing 1tj8z62 (indotech) — "..."
2026-05-21 07:58:09 [INFO    ] crawl_pipeline |   Re-enqueued pending post: 1tib5lu
2026-05-21 07:58:09 [INFO    ] crawl_pipeline.worker-4 | [Worker 4] Processing 1tj4zht (WkwkwkLand) — "..."
2026-05-21 07:58:09 [INFO    ] crawl_pipeline |   Re-enqueued pending post: 1ti3oi8
2026-05-21 07:58:09 [INFO    ] crawl_pipeline.worker-1 | [Worker 1] 1tj8z62 done — 0 thread(s)
2026-05-21 07:58:09 [INFO    ] crawl_pipeline.worker-4 | [Worker 4] 1tj4zht done — 0 thread(s)
2026-05-21 07:58:09 [INFO    ] crawl_pipeline.worker-2 | [Worker 2] Processing 1tj6bqj (indonesia) — "..."
2026-05-21 07:58:09 [INFO    ] crawl_pipeline |   Re-enqueued pending post: 1tiq31g
2026-05-21 07:58:10 [INFO    ] crawl_pipeline.worker-3 | [Worker 3] Processing 1tic2xl (IndoGamer) — "..."
2026-05-21 07:58:10 [INFO    ] crawl_pipeline |   Re-enqueued pending post: 1ti8n9v
2026-05-21 07:58:10 [INFO    ] crawl_pipeline.worker-3 | [Worker 3] 1tic2xl done — 0 thread(s)
2026-05-21 07:58:10 [INFO    ] crawl_pipeline.worker-2 | [Worker 2] 1tj6bqj done — 0 thread(s)
2026-05-21 07:58:10 [INFO    ] crawl_pipeline.worker-0 | [Worker 0] Processing 1ti7f4p (indocartalk) — "..."
2026-05-21 07:58:10 [INFO    ] crawl_pipeline |   Re-enqueued pending post: 1tieezc
2026-05-21 07:58:11 [INFO    ] crawl_pipeline.worker-0 | [Worker 0] 1ti7f4p done — 4 thread(s)
2026-05-21 07:58:11 [INFO    ] crawl_pipeline.worker-1 | [Worker 1] Processing 1tj5uy6 (WkwkwkLand) — "..."
2026-05-21 07:58:11 [INFO    ] crawl_pipeline |   Re-enqueued pending post: 1tg58hq
2026-05-21 07:58:11 [INFO    ] crawl_pipeline.worker-4 | [Worker 4] Processing 1iv9w98 (Pisang) — "..."
2026-05-21 07:58:11 [INFO    ] crawl_pipeline |   Re-enqueued pending post: 1tia4un
2026-05-21 07:58:12 [INFO    ] crawl_pipeline.worker-4 | [Worker 4] 1iv9w98 done — 0 thread(s)
2026-05-21 07:58:12 [INFO    ] crawl_pipeline.worker-1 | [Worker 1] 1tj5uy6 done — 0 thread(s)
2026-05-21 07:58:12 [INFO    ] crawl_pipeline.worker-3 | [Worker 3] Processing 1tj8y5c (indowibu) — "..."
2026-05-21 07:58:12 [INFO    ] crawl_pipeline |   Re-enqueued pending post: 1tie6u0
2026-05-21 07:58:12 [INFO    ] crawl_pipeline.worker-2 | [Worker 2] Processing 1tj803f (indonesia) — "..."
2026-05-21 07:58:12 [INFO    ] crawl_pipeline |   Re-enqueued pending post: 1ti5nvy
2026-05-21 07:58:13 [INFO    ] crawl_pipeline.worker-3 | [Worker 3] 1tj8y5c done — 0 thread(s)
2026-05-21 07:58:13 [INFO    ] crawl_pipeline.worker-0 | [Worker 0] Processing 1tj5tas (jualbeliindonesia) — "..."
2026-05-21 07:58:13 [INFO    ] crawl_pipeline |   Re-enqueued pending post: 1tj8iah
2026-05-21 07:58:13 [INFO    ] crawl_pipeline.worker-2 | [Worker 2] 1tj803f done — 5 thread(s)
2026-05-21 07:58:13 [INFO    ] crawl_pipeline.worker-0 | [Worker 0] 1tj5tas done — 0 thread(s)
2026-05-21 07:58:14 [INFO    ] crawl_pipeline.worker-4 | [Worker 4] Processing 1tj6c1g (indonesia) — "..."
2026-05-21 07:58:14 [INFO    ] crawl_pipeline |   Re-enqueued pending post: 1tiny21
2026-05-21 07:58:14 [INFO    ] crawl_pipeline.worker-1 | [Worker 1] Processing 1tj626i (WkwkwkLand) — "..."
2026-05-21 07:58:14 [INFO    ] crawl_pipeline |   Re-enqueued pending post: 1tja8wz
2026-05-21 07:58:14 [INFO    ] crawl_pipeline.worker-4 | [Worker 4] 1tj6c1g done — 0 thread(s)
2026-05-21 07:58:15 [INFO    ] crawl_pipeline.worker-1 | [Worker 1] 1tj626i done — 0 thread(s)
2026-05-21 07:58:15 [INFO    ] crawl_pipeline.worker-3 | [Worker 3] Processing 1tiqn0z (Cekrek) — "..."
2026-05-21 07:58:15 [INFO    ] crawl_pipeline |   Re-enqueued pending post: 1thepsr
2026-05-21 07:58:15 [INFO    ] crawl_pipeline.worker-2 | [Worker 2] Processing 1tjau4f (IndoGamer) — "..."
2026-05-21 07:58:15 [INFO    ] crawl_pipeline |   Re-enqueued pending post: 1tinrr4
2026-05-21 07:58:15 [INFO    ] crawl_pipeline.worker-3 | [Worker 3] 1tiqn0z done — 0 thread(s)
2026-05-21 07:58:15 [INFO    ] crawl_pipeline.worker-0 | [Worker 0] Processing 1tjaibh (jualbeliindonesia) — "..."
2026-05-21 07:58:15 [INFO    ] crawl_pipeline |   Re-enqueued pending post: 1thgz72
2026-05-21 07:58:15 [INFO    ] crawl_pipeline.worker-2 | [Worker 2] 1tjau4f done — 0 thread(s)
2026-05-21 07:58:15 [INFO    ] crawl_pipeline.worker-0 | [Worker 0] 1tjaibh done — 2 thread(s)
2026-05-21 07:58:16 [INFO    ] crawl_pipeline.worker-4 | [Worker 4] Processing 1tj8bry (indotech) — "..."
2026-05-21 07:58:16 [INFO    ] crawl_pipeline |   Re-enqueued pending post: 1tibdoz
2026-05-21 07:58:17 [INFO    ] crawl_pipeline.worker-1 | [Worker 1] Processing 1ti6ckk (Perempuan) — "..."
2026-05-21 07:58:17 [INFO    ] crawl_pipeline |   Re-enqueued pending post: 1tink0y
2026-05-21 07:58:17 [INFO    ] crawl_pipeline.worker-4 | [Worker 4] 1tj8bry done — 6 thread(s)
2026-05-21 07:58:17 [INFO    ] crawl_pipeline.worker-1 | [Worker 1] 1ti6ckk done — 3 thread(s)
2026-05-21 07:58:17 [INFO    ] crawl_pipeline.worker-3 | [Worker 3] Processing 1tjagft (WkwkwkLand) — "..."
2026-05-21 07:58:17 [INFO    ] crawl_pipeline |   Re-enqueued pending post: 1tiilja
2026-05-21 07:58:17 [INFO    ] crawl_pipeline.worker-2 | [Worker 2] Processing 1tj2dcm (indowibu) — "..."
2026-05-21 07:58:17 [INFO    ] crawl_pipeline |   Re-enqueued pending post: 1ti5m00
2026-05-21 07:58:17 [INFO    ] crawl_pipeline.worker-3 | [Worker 3] 1tjagft done — 0 thread(s)
2026-05-21 07:58:17 [INFO    ] crawl_pipeline.worker-2 | [Worker 2] 1tj2dcm done — 0 thread(s)
2026-05-21 07:58:17 [INFO    ] crawl_pipeline |   Re-enqueued pending post: 1tixlvv
2026-05-21 07:58:17 [INFO    ] crawl_pipeline.worker-0 | [Worker 0] Processing 1tj6ls0 (WkwkwkLand) — "..."
2026-05-21 07:58:18 [INFO    ] crawl_pipeline.worker-0 | [Worker 0] 1tj6ls0 done — 0 thread(s)
2026-05-21 07:58:19 [INFO    ] crawl_pipeline.worker-4 | [Worker 4] Processing 1tig6zt (JudiSaham) — "..."
2026-05-21 07:58:19 [INFO    ] crawl_pipeline |   Re-enqueued pending post: 1ti5hrt
2026-05-21 07:58:19 [INFO    ] crawl_pipeline.worker-1 | [Worker 1] Processing 1tj7klv (indotech) — "..."
2026-05-21 07:58:19 [INFO    ] crawl_pipeline |   Re-enqueued pending post: 1tiah1q
2026-05-21 07:58:19 [INFO    ] crawl_pipeline.worker-4 | [Worker 4] 1tig6zt done — 1 thread(s)
2026-05-21 07:58:19 [INFO    ] crawl_pipeline.worker-1 | [Worker 1] 1tj7klv done — 1 thread(s)
2026-05-21 07:58:19 [INFO    ] crawl_pipeline.worker-3 | [Worker 3] Processing 1tj1rdk (BaliTravelTips) — "..."
2026-05-21 07:58:19 [INFO    ] crawl_pipeline |   Re-enqueued pending post: 1ti7q2d
2026-05-21 07:58:19 [INFO    ] crawl_pipeline.worker-2 | [Worker 2] Processing 1tj5u61 (finansial) — "..."
2026-05-21 07:58:19 [INFO    ] crawl_pipeline |   Re-enqueued pending post: 1ti8dl4
2026-05-21 07:58:20 [INFO    ] crawl_pipeline.worker-3 | [Worker 3] 1tj1rdk done — 0 thread(s)
2026-05-21 07:58:20 [INFO    ] crawl_pipeline.worker-0 | [Worker 0] Processing 1tjbda2 (jualbeliindonesia) — "..."
2026-05-21 07:58:20 [INFO    ] crawl_pipeline |   Re-enqueued pending post: 1tihpq1
2026-05-21 07:58:20 [INFO    ] crawl_pipeline.worker-2 | [Worker 2] 1tj5u61 done — 6 thread(s)
2026-05-21 07:58:20 [INFO    ] crawl_pipeline.worker-0 | [Worker 0] 1tjbda2 done — 0 thread(s)
2026-05-21 07:58:21 [INFO    ] crawl_pipeline.worker-4 | [Worker 4] Processing 1tj8zwf (indonesia) — "..."
2026-05-21 07:58:21 [INFO    ] crawl_pipeline |   Re-enqueued pending post: 1tid0ir
2026-05-21 07:58:21 [INFO    ] crawl_pipeline.worker-1 | [Worker 1] Processing 1tj8z68 (indotech) — "..."
2026-05-21 07:58:21 [INFO    ] crawl_pipeline |   Re-enqueued pending post: 1tikmbx
2026-05-21 07:58:22 [INFO    ] crawl_pipeline.worker-1 | [Worker 1] 1tj8z68 done — 0 thread(s)
2026-05-21 07:58:22 [INFO    ] crawl_pipeline.worker-3 | [Worker 3] Processing 1thmj7o (indonesian) — "..."
2026-05-21 07:58:22 [INFO    ] crawl_pipeline |   Re-enqueued pending post: 1tijdop
2026-05-21 07:58:22 [INFO    ] crawl_pipeline.worker-4 | [Worker 4] 1tj8zwf done — 0 thread(s)
2026-05-21 07:58:22 [INFO    ] crawl_pipeline.worker-3 | [Worker 3] 1thmj7o done — 1 thread(s)
2026-05-21 07:58:22 [INFO    ] crawl_pipeline.worker-2 | [Worker 2] Processing 1tjag04 (WkwkwkLand) — "..."
2026-05-21 07:58:22 [INFO    ] crawl_pipeline |   Re-enqueued pending post: 1tib7pj
2026-05-21 07:58:22 [INFO    ] crawl_pipeline.worker-0 | [Worker 0] Processing 1tinh7b (indonesiabebas) — "..."
2026-05-21 07:58:22 [INFO    ] crawl_pipeline |   Re-enqueued pending post: 1thqkds
2026-05-21 07:58:22 [INFO    ] crawl_pipeline.worker-2 | [Worker 2] 1tjag04 done — 0 thread(s)
2026-05-21 07:58:23 [INFO    ] crawl_pipeline.worker-0 | [Worker 0] 1tinh7b done — 0 thread(s)
2026-05-21 07:58:24 [INFO    ] crawl_pipeline.worker-1 | [Worker 1] Processing 1timrvg (indonesia) — "..."
2026-05-21 07:58:24 [INFO    ] crawl_pipeline |   Re-enqueued pending post: 1tilphd
2026-05-21 07:58:24 [INFO    ] crawl_pipeline.worker-4 | [Worker 4] Processing 1tj3w0b (AdaIndonesiaCoy) — "..."
2026-05-21 07:58:24 [INFO    ] crawl_pipeline |   Re-enqueued pending post: 1tileg8
2026-05-21 07:58:24 [INFO    ] crawl_pipeline.worker-3 | [Worker 3] Processing 1tj4she (jualbeliindonesia) — "..."
2026-05-21 07:58:24 [INFO    ] crawl_pipeline |   Re-enqueued pending post: 1tigjo0
2026-05-21 07:58:24 [INFO    ] crawl_pipeline.worker-4 | [Worker 4] 1tj3w0b done — 0 thread(s)
2026-05-21 07:58:24 [INFO    ] crawl_pipeline.worker-3 | [Worker 3] 1tj4she done — 0 thread(s)
2026-05-21 07:58:24 [INFO    ] crawl_pipeline.worker-2 | [Worker 2] Processing 1tj9ugp (indonesia) — "..."
2026-05-21 07:58:24 [INFO    ] crawl_pipeline |   Re-enqueued pending post: 1ti8040
2026-05-21 07:58:25 [INFO    ] crawl_pipeline.worker-0 | [Worker 0] Processing 1tiudkf (indonesia) — "..."
2026-05-21 07:58:25 [INFO    ] crawl_pipeline |   Re-enqueued pending post: 1ti85zc
2026-05-21 07:58:25 [INFO    ] crawl_pipeline.worker-1 | [Worker 1] 1timrvg done — 0 thread(s)
2026-05-21 07:58:25 [INFO    ] crawl_pipeline.worker-2 | [Worker 2] 1tj9ugp done — 0 thread(s)
2026-05-21 07:58:25 [INFO    ] crawl_pipeline.worker-0 | [Worker 0] 1tiudkf done — 0 thread(s)
2026-05-21 07:58:26 [INFO    ] crawl_pipeline.worker-4 | [Worker 4] Processing 1tja2gb (finansial) — "..."
2026-05-21 07:58:26 [INFO    ] crawl_pipeline |   Re-enqueued pending post: 1ti6jwx
2026-05-21 07:58:26 [INFO    ] crawl_pipeline.worker-3 | [Worker 3] Processing 1tiif24 (kulineria) — "..."
2026-05-21 07:58:26 [INFO    ] crawl_pipeline |   Re-enqueued pending post: 1tj7wno
2026-05-21 07:58:26 [WARNING ] crawl_pipeline.comments | Rate-limited (429). Waiting 2s (attempt 1/5)
2026-05-21 07:58:27 [INFO    ] crawl_pipeline.worker-1 | [Worker 1] Processing 1thq8w1 (indocartalk) — "..."
2026-05-21 07:58:27 [INFO    ] crawl_pipeline |   Re-enqueued pending post: 1tilsnv
2026-05-21 07:58:27 [INFO    ] crawl_pipeline.worker-2 | [Worker 2] Processing 1tj7pnj (indonesia) — "..."
2026-05-21 07:58:27 [INFO    ] crawl_pipeline |   Re-enqueued pending post: 1tih0px
2026-05-21 07:58:27 [WARNING ] crawl_pipeline.comments | Rate-limited (429). Waiting 2s (attempt 1/5)
2026-05-21 07:58:27 [WARNING ] crawl_pipeline.comments | Rate-limited (429). Waiting 2s (attempt 1/5)
2026-05-21 07:58:27 [INFO    ] crawl_pipeline.worker-0 | [Worker 0] Processing 1tj5xnp (indotech) — "..."
2026-05-21 07:58:27 [INFO    ] crawl_pipeline |   Re-enqueued pending post: 1tjab3r
2026-05-21 07:58:27 [WARNING ] crawl_pipeline.comments | Rate-limited (429). Waiting 2s (attempt 1/5)
2026-05-21 07:58:27 [WARNING ] crawl_pipeline.comments | Rate-limited (429). Waiting 2s (attempt 1/5)
2026-05-21 07:58:29 [WARNING ] crawl_pipeline.comments | Rate-limited (429). Waiting 4s (attempt 2/5)
2026-05-21 07:58:29 [WARNING ] crawl_pipeline.comments | Rate-limited (429). Waiting 4s (attempt 2/5)
2026-05-21 07:58:29 [WARNING ] crawl_pipeline.comments | Rate-limited (429). Waiting 4s (attempt 2/5)
2026-05-21 07:58:29 [WARNING ] crawl_pipeline.comments | Rate-limited (429). Waiting 4s (attempt 2/5)
2026-05-21 07:58:29 [WARNING ] crawl_pipeline.comments | Rate-limited (429). Waiting 4s (attempt 2/5)
2026-05-21 07:58:33 [WARNING ] crawl_pipeline.comments | Rate-limited (429). Waiting 6s (attempt 3/5)
2026-05-21 07:58:33 [WARNING ] crawl_pipeline.comments | Rate-limited (429). Waiting 6s (attempt 3/5)
2026-05-21 07:58:33 [WARNING ] crawl_pipeline.comments | Rate-limited (429). Waiting 6s (attempt 3/5)
2026-05-21 07:58:33 [WARNING ] crawl_pipeline.comments | Rate-limited (429). Waiting 6s (attempt 3/5)
2026-05-21 07:58:34 [WARNING ] crawl_pipeline.comments | Rate-limited (429). Waiting 6s (attempt 3/5)
2026-05-21 07:58:39 [WARNING ] crawl_pipeline.comments | Rate-limited (429). Waiting 8s (attempt 4/5)
2026-05-21 07:58:39 [WARNING ] crawl_pipeline.comments | Rate-limited (429). Waiting 8s (attempt 4/5)
2026-05-21 07:58:39 [WARNING ] crawl_pipeline.comments | Rate-limited (429). Waiting 8s (attempt 4/5)
2026-05-21 07:58:40 [WARNING ] crawl_pipeline.comments | Rate-limited (429). Waiting 8s (attempt 4/5)
2026-05-21 07:58:40 [WARNING ] crawl_pipeline.comments | Rate-limited (429). Waiting 8s (attempt 4/5)
2026-05-21 07:58:47 [WARNING ] crawl_pipeline.comments | Rate-limited (429). Waiting 10s (attempt 5/5)
2026-05-21 07:58:48 [WARNING ] crawl_pipeline.comments | Rate-limited (429). Waiting 10s (attempt 5/5)
2026-05-21 07:58:48 [WARNING ] crawl_pipeline.comments | Rate-limited (429). Waiting 10s (attempt 5/5)
2026-05-21 07:58:48 [WARNING ] crawl_pipeline.comments | Rate-limited (429). Waiting 10s (attempt 5/5)
2026-05-21 07:58:48 [WARNING ] crawl_pipeline.comments | Rate-limited (429). Waiting 10s (attempt 5/5)
2026-05-21 07:58:57 [ERROR   ] crawl_pipeline.comments | Could not fetch comments for post 1tja2gb: Failed after 5 retries: https://www.reddit.com/r/finansial/comments/1tja2gb.json
2026-05-21 07:58:57 [ERROR   ] crawl_pipeline.worker-4 | [Worker 4] 1tja2gb failed: Failed after 5 retries: https://www.reddit.com/r/finansial/comments/1tja2gb.json
2026-05-21 07:58:58 [ERROR   ] crawl_pipeline.comments | Could not fetch comments for post 1tiif24: Failed after 5 retries: https://www.reddit.com/r/kulineria/comments/1tiif24.json
2026-05-21 07:58:58 [ERROR   ] crawl_pipeline.worker-3 | [Worker 3] 1tiif24 failed: Failed after 5 retries: https://www.reddit.com/r/kulineria/comments/1tiif24.json
2026-05-21 07:58:58 [ERROR   ] crawl_pipeline.comments | Could not fetch comments for post 1thq8w1: Failed after 5 retries: https://www.reddit.com/r/indocartalk/comments/1thq8w1.json
2026-05-21 07:58:58 [ERROR   ] crawl_pipeline.worker-1 | [Worker 1] 1thq8w1 failed: Failed after 5 retries: https://www.reddit.com/r/indocartalk/comments/1thq8w1.json
2026-05-21 07:58:58 [ERROR   ] crawl_pipeline.comments | Could not fetch comments for post 1tj7pnj: Failed after 5 retries: https://www.reddit.com/r/indonesia/comments/1tj7pnj.json
2026-05-21 07:58:58 [ERROR   ] crawl_pipeline.worker-2 | [Worker 2] 1tj7pnj failed: Failed after 5 retries: https://www.reddit.com/r/indonesia/comments/1tj7pnj.json
2026-05-21 07:58:58 [ERROR   ] crawl_pipeline.comments | Could not fetch comments for post 1tj5xnp: Failed after 5 retries: https://www.reddit.com/r/indotech/comments/1tj5xnp.json
2026-05-21 07:58:58 [ERROR   ] crawl_pipeline.worker-0 | [Worker 0] 1tj5xnp failed: Failed after 5 retries: https://www.reddit.com/r/indotech/comments/1tj5xnp.json
2026-05-21 07:58:59 [INFO    ] crawl_pipeline.worker-4 | [Worker 4] Processing 1tieaof (jualbeliindonesia) — "..."
2026-05-21 07:58:59 [INFO    ] crawl_pipeline |   Re-enqueued pending post: 1ti8sv5
2026-05-21 07:58:59 [WARNING ] crawl_pipeline.comments | Rate-limited (429). Waiting 2s (attempt 1/5)
2026-05-21 07:59:00 [INFO    ] crawl_pipeline |   Re-enqueued pending post: 1ti7lrk
2026-05-21 07:59:00 [INFO    ] crawl_pipeline.worker-3 | [Worker 3] Processing 1tj9itd (finansial) — "..."
2026-05-21 07:59:00 [INFO    ] crawl_pipeline.worker-1 | [Worker 1] Processing 1tj4a7c (WkwkwkLand) — "..."
2026-05-21 07:59:00 [INFO    ] crawl_pipeline |   Re-enqueued pending post: 1tilf83
2026-05-21 07:59:00 [INFO    ] crawl_pipeline.worker-2 | [Worker 2] Processing 1tiifgd (Cekrek) — "..."
2026-05-21 07:59:00 [INFO    ] crawl_pipeline |   Re-enqueued pending post: 1ti9v72
2026-05-21 07:59:00 [WARNING ] crawl_pipeline.comments | Rate-limited (429). Waiting 2s (attempt 1/5)
2026-05-21 07:59:00 [WARNING ] crawl_pipeline.comments | Rate-limited (429). Waiting 2s (attempt 1/5)
2026-05-21 07:59:00 [INFO    ] crawl_pipeline |   Re-enqueued pending post: 1ti3012
2026-05-21 07:59:00 [INFO    ] crawl_pipeline.worker-0 | [Worker 0] Processing 1tj2bu4 (WkwkwkLand) — "..."
2026-05-21 07:59:00 [WARNING ] crawl_pipeline.comments | Rate-limited (429). Waiting 2s (attempt 1/5)
2026-05-21 07:59:00 [WARNING ] crawl_pipeline.comments | Rate-limited (429). Waiting 2s (attempt 1/5)
2026-05-21 07:59:02 [WARNING ] crawl_pipeline.comments | Rate-limited (429). Waiting 4s (attempt 2/5)
2026-05-21 07:59:02 [WARNING ] crawl_pipeline.comments | Rate-limited (429). Waiting 4s (attempt 2/5)
2026-05-21 07:59:02 [WARNING ] crawl_pipeline.comments | Rate-limited (429). Waiting 4s (attempt 2/5)
2026-05-21 07:59:02 [WARNING ] crawl_pipeline.comments | Rate-limited (429). Waiting 4s (attempt 2/5)
2026-05-21 07:59:02 [WARNING ] crawl_pipeline.comments | Rate-limited (429). Waiting 4s (attempt 2/5)
2026-05-21 07:59:06 [WARNING ] crawl_pipeline.comments | Rate-limited (429). Waiting 6s (attempt 3/5)
2026-05-21 07:59:06 [WARNING ] crawl_pipeline.comments | Rate-limited (429). Waiting 6s (attempt 3/5)
2026-05-21 07:59:06 [WARNING ] crawl_pipeline.comments | Rate-limited (429). Waiting 6s (attempt 3/5)
2026-05-21 07:59:06 [WARNING ] crawl_pipeline.comments | Rate-limited (429). Waiting 6s (attempt 3/5)
2026-05-21 07:59:07 [WARNING ] crawl_pipeline.comments | Rate-limited (429). Waiting 6s (attempt 3/5)
2026-05-21 07:59:12 [WARNING ] crawl_pipeline.comments | Rate-limited (429). Waiting 8s (attempt 4/5)
2026-05-21 07:59:13 [WARNING ] crawl_pipeline.comments | Rate-limited (429). Waiting 8s (attempt 4/5)
2026-05-21 07:59:13 [WARNING ] crawl_pipeline.comments | Rate-limited (429). Waiting 8s (attempt 4/5)
2026-05-21 07:59:13 [WARNING ] crawl_pipeline.comments | Rate-limited (429). Waiting 8s (attempt 4/5)
2026-05-21 07:59:13 [WARNING ] crawl_pipeline.comments | Rate-limited (429). Waiting 8s (attempt 4/5)
2026-05-21 07:59:20 [WARNING ] crawl_pipeline.comments | Rate-limited (429). Waiting 10s (attempt 5/5)
2026-05-21 07:59:21 [WARNING ] crawl_pipeline.comments | Rate-limited (429). Waiting 10s (attempt 5/5)
2026-05-21 07:59:21 [WARNING ] crawl_pipeline.comments | Rate-limited (429). Waiting 10s (attempt 5/5)
2026-05-21 07:59:21 [WARNING ] crawl_pipeline.comments | Rate-limited (429). Waiting 10s (attempt 5/5)
2026-05-21 07:59:21 [WARNING ] crawl_pipeline.comments | Rate-limited (429). Waiting 10s (attempt 5/5)
2026-05-21 07:59:30 [ERROR   ] crawl_pipeline.comments | Could not fetch comments for post 1tieaof: Failed after 5 retries: https://www.reddit.com/r/jualbeliindonesia/comments/1tieaof.json
2026-05-21 07:59:30 [ERROR   ] crawl_pipeline.worker-4 | [Worker 4] 1tieaof failed: Failed after 5 retries: https://www.reddit.com/r/jualbeliindonesia/comments/1tieaof.json
2026-05-21 07:59:31 [ERROR   ] crawl_pipeline.comments | Could not fetch comments for post 1tj4a7c: Failed after 5 retries: https://www.reddit.com/r/WkwkwkLand/comments/1tj4a7c.json
2026-05-21 07:59:31 [ERROR   ] crawl_pipeline.worker-1 | [Worker 1] 1tj4a7c failed: Failed after 5 retries: https://www.reddit.com/r/WkwkwkLand/comments/1tj4a7c.json
2026-05-21 07:59:31 [ERROR   ] crawl_pipeline.comments | Could not fetch comments for post 1tj9itd: Failed after 5 retries: https://www.reddit.com/r/finansial/comments/1tj9itd.json
2026-05-21 07:59:31 [ERROR   ] crawl_pipeline.worker-3 | [Worker 3] 1tj9itd failed: Failed after 5 retries: https://www.reddit.com/r/finansial/comments/1tj9itd.json
2026-05-21 07:59:31 [ERROR   ] crawl_pipeline.comments | Could not fetch comments for post 1tiifgd: Failed after 5 retries: https://www.reddit.com/r/Cekrek/comments/1tiifgd.json
2026-05-21 07:59:31 [ERROR   ] crawl_pipeline.worker-2 | [Worker 2] 1tiifgd failed: Failed after 5 retries: https://www.reddit.com/r/Cekrek/comments/1tiifgd.json
2026-05-21 07:59:31 [ERROR   ] crawl_pipeline.comments | Could not fetch comments for post 1tj2bu4: Failed after 5 retries: https://www.reddit.com/r/WkwkwkLand/comments/1tj2bu4.json
2026-05-21 07:59:31 [ERROR   ] crawl_pipeline.worker-0 | [Worker 0] 1tj2bu4 failed: Failed after 5 retries: https://www.reddit.com/r/WkwkwkLand/comments/1tj2bu4.json
2026-05-21 07:59:32 [INFO    ] crawl_pipeline.worker-4 | [Worker 4] Processing 1tihqb0 (WkwkwkLand) — "..."
2026-05-21 07:59:32 [INFO    ] crawl_pipeline |   Re-enqueued pending post: 1tho50j
2026-05-21 07:59:33 [WARNING ] crawl_pipeline.comments | Rate-limited (429). Waiting 2s (attempt 1/5)
2026-05-21 07:59:33 [INFO    ] crawl_pipeline |   Re-enqueued pending post: 1ti9u6y
2026-05-21 07:59:33 [INFO    ] crawl_pipeline.worker-1 | [Worker 1] Processing 1tj3ayw (WkwkwkLand) — "..."
2026-05-21 07:59:33 [INFO    ] crawl_pipeline |   Re-enqueued pending post: 1tiim8o
2026-05-21 07:59:33 [INFO    ] crawl_pipeline.worker-3 | [Worker 3] Processing 1tizh1i (jualbeliindonesia) — "..."
2026-05-21 07:59:33 [INFO    ] crawl_pipeline |   Re-enqueued pending post: 1ti3c1n
2026-05-21 07:59:33 [INFO    ] crawl_pipeline.worker-2 | [Worker 2] Processing 1tj640z (jualbeliindonesia) — "..."
2026-05-21 07:59:33 [WARNING ] crawl_pipeline.comments | Rate-limited (429). Waiting 2s (attempt 1/5)
2026-05-21 07:59:33 [WARNING ] crawl_pipeline.comments | Rate-limited (429). Waiting 2s (attempt 1/5)
2026-05-21 07:59:33 [INFO    ] crawl_pipeline |   Re-enqueued pending post: 1tigcgs
2026-05-21 07:59:33 [INFO    ] crawl_pipeline.worker-0 | [Worker 0] Processing 1tiu1hq (BaliTravelTips) — "..."
2026-05-21 07:59:33 [WARNING ] crawl_pipeline.comments | Rate-limited (429). Waiting 2s (attempt 1/5)
2026-05-21 07:59:33 [WARNING ] crawl_pipeline.comments | Rate-limited (429). Waiting 2s (attempt 1/5)
2026-05-21 07:59:35 [WARNING ] crawl_pipeline.comments | Rate-limited (429). Waiting 4s (attempt 2/5)
2026-05-21 07:59:35 [WARNING ] crawl_pipeline.comments | Rate-limited (429). Waiting 4s (attempt 2/5)
2026-05-21 07:59:35 [WARNING ] crawl_pipeline.comments | Rate-limited (429). Waiting 4s (attempt 2/5)
2026-05-21 07:59:35 [WARNING ] crawl_pipeline.comments | Rate-limited (429). Waiting 4s (attempt 2/5)
2026-05-21 07:59:36 [WARNING ] crawl_pipeline.comments | Rate-limited (429). Waiting 4s (attempt 2/5)
2026-05-21 07:59:39 [WARNING ] crawl_pipeline.comments | Rate-limited (429). Waiting 6s (attempt 3/5)
2026-05-21 07:59:39 [WARNING ] crawl_pipeline.comments | Rate-limited (429). Waiting 6s (attempt 3/5)
2026-05-21 07:59:39 [WARNING ] crawl_pipeline.comments | Rate-limited (429). Waiting 6s (attempt 3/5)
2026-05-21 07:59:40 [WARNING ] crawl_pipeline.comments | Rate-limited (429). Waiting 6s (attempt 3/5)
2026-05-21 07:59:40 [WARNING ] crawl_pipeline.comments | Rate-limited (429). Waiting 6s (attempt 3/5)
2026-05-21 07:59:46 [WARNING ] crawl_pipeline.comments | Rate-limited (429). Waiting 8s (attempt 4/5)
2026-05-21 07:59:46 [WARNING ] crawl_pipeline.comments | Rate-limited (429). Waiting 8s (attempt 4/5)
2026-05-21 07:59:46 [WARNING ] crawl_pipeline.comments | Rate-limited (429). Waiting 8s (attempt 4/5)
2026-05-21 07:59:46 [WARNING ] crawl_pipeline.comments | Rate-limited (429). Waiting 8s (attempt 4/5)
2026-05-21 07:59:46 [WARNING ] crawl_pipeline.comments | Rate-limited (429). Waiting 8s (attempt 4/5)
2026-05-21 07:59:54 [WARNING ] crawl_pipeline.comments | Rate-limited (429). Waiting 10s (attempt 5/5)
2026-05-21 07:59:54 [WARNING ] crawl_pipeline.comments | Rate-limited (429). Waiting 10s (attempt 5/5)
2026-05-21 07:59:54 [WARNING ] crawl_pipeline.comments | Rate-limited (429). Waiting 10s (attempt 5/5)
2026-05-21 07:59:54 [WARNING ] crawl_pipeline.comments | Rate-limited (429). Waiting 10s (attempt 5/5)
2026-05-21 07:59:54 [WARNING ] crawl_pipeline.comments | Rate-limited (429). Waiting 10s (attempt 5/5)
2026-05-21 08:00:04 [ERROR   ] crawl_pipeline.comments | Could not fetch comments for post 1tihqb0: Failed after 5 retries: https://www.reddit.com/r/WkwkwkLand/comments/1tihqb0.json
2026-05-21 08:00:04 [ERROR   ] crawl_pipeline.worker-4 | [Worker 4] 1tihqb0 failed: Failed after 5 retries: https://www.reddit.com/r/WkwkwkLand/comments/1tihqb0.json
2026-05-21 08:00:04 [ERROR   ] crawl_pipeline.comments | Could not fetch comments for post 1tizh1i: Failed after 5 retries: https://www.reddit.com/r/jualbeliindonesia/comments/1tizh1i.json
2026-05-21 08:00:04 [ERROR   ] crawl_pipeline.worker-3 | [Worker 3] 1tizh1i failed: Failed after 5 retries: https://www.reddit.com/r/jualbeliindonesia/comments/1tizh1i.json
2026-05-21 08:00:04 [ERROR   ] crawl_pipeline.comments | Could not fetch comments for post 1tj3ayw: Failed after 5 retries: https://www.reddit.com/r/WkwkwkLand/comments/1tj3ayw.json
2026-05-21 08:00:04 [ERROR   ] crawl_pipeline.worker-1 | [Worker 1] 1tj3ayw failed: Failed after 5 retries: https://www.reddit.com/r/WkwkwkLand/comments/1tj3ayw.json
2026-05-21 08:00:04 [ERROR   ] crawl_pipeline.comments | Could not fetch comments for post 1tiu1hq: Failed after 5 retries: https://www.reddit.com/r/BaliTravelTips/comments/1tiu1hq.json
2026-05-21 08:00:04 [ERROR   ] crawl_pipeline.worker-0 | [Worker 0] 1tiu1hq failed: Failed after 5 retries: https://www.reddit.com/r/BaliTravelTips/comments/1tiu1hq.json
2026-05-21 08:00:04 [ERROR   ] crawl_pipeline.comments | Could not fetch comments for post 1tj640z: Failed after 5 retries: https://www.reddit.com/r/jualbeliindonesia/comments/1tj640z.json
2026-05-21 08:00:04 [ERROR   ] crawl_pipeline.worker-2 | [Worker 2] 1tj640z failed: Failed after 5 retries: https://www.reddit.com/r/jualbeliindonesia/comments/1tj640z.json
2026-05-21 08:00:06 [INFO    ] crawl_pipeline |   Re-enqueued pending post: 1thqgu6
2026-05-21 08:00:06 [INFO    ] crawl_pipeline.worker-4 | [Worker 4] Processing 1tj3r4n (WkwkwkLand) — "..."
2026-05-21 08:00:06 [INFO    ] crawl_pipeline |   Re-enqueued pending post: 1ti1bfc
2026-05-21 08:00:06 [INFO    ] crawl_pipeline.worker-3 | [Worker 3] Processing 1thjn17 (indocartalk) — "..."
2026-05-21 08:00:06 [INFO    ] crawl_pipeline |   Re-enqueued pending post: 1tif12d
2026-05-21 08:00:06 [INFO    ] crawl_pipeline.worker-1 | [Worker 1] Processing 1tii40s (AdaIndonesiaCoy) — "..."
2026-05-21 08:00:06 [INFO    ] crawl_pipeline |   Re-enqueued pending post: 1tia1hv
2026-05-21 08:00:06 [INFO    ] crawl_pipeline.worker-0 | [Worker 0] Processing 1til8zi (bali) — "..."
2026-05-21 08:00:06 [INFO    ] crawl_pipeline.worker-2 | [Worker 2] Processing 1tj9ywy (WkwkwkLand) — "..."
2026-05-21 08:00:06 [INFO    ] crawl_pipeline |   Re-enqueued pending post: 1thzio6
2026-05-21 08:00:07 [INFO    ] crawl_pipeline.worker-0 | [Worker 0] 1til8zi done — 0 thread(s)
2026-05-21 08:00:08 [INFO    ] crawl_pipeline.worker-3 | [Worker 3] 1thjn17 done — 0 thread(s)
2026-05-21 08:00:09 [INFO    ] crawl_pipeline.worker-1 | [Worker 1] 1tii40s done — 0 thread(s)
2026-05-21 08:00:09 [INFO    ] crawl_pipeline.worker-0 | [Worker 0] Processing 1tj8t0s (indotech) — "..."
2026-05-21 08:00:09 [INFO    ] crawl_pipeline |   Re-enqueued pending post: 1tiqhcj
2026-05-21 08:00:10 [INFO    ] crawl_pipeline.worker-4 | [Worker 4] 1tj3r4n done — 0 thread(s)
2026-05-21 08:00:10 [INFO    ] crawl_pipeline.worker-3 | [Worker 3] Processing 1thj6vn (indocartalk) — "..."
2026-05-21 08:00:10 [INFO    ] crawl_pipeline |   Re-enqueued pending post: 1tiizi1
2026-05-21 08:00:11 [INFO    ] crawl_pipeline.worker-1 | [Worker 1] Processing 1tjb6g0 (indotech) — "..."
2026-05-21 08:00:11 [INFO    ] crawl_pipeline |   Re-enqueued pending post: 1tj3xo0
2026-05-21 08:00:12 [INFO    ] crawl_pipeline.worker-4 | [Worker 4] Processing 1tiieqo (indonesia) — "..."
2026-05-21 08:00:12 [INFO    ] crawl_pipeline |   Re-enqueued pending post: 1tiezg0
2026-05-21 08:00:12 [INFO    ] crawl_pipeline.worker-3 | [Worker 3] 1thj6vn done — 0 thread(s)
2026-05-21 08:00:13 [INFO    ] crawl_pipeline.worker-1 | [Worker 1] 1tjb6g0 done — 0 thread(s)
2026-05-21 08:00:13 [INFO    ] crawl_pipeline.worker-2 | [Worker 2] 1tj9ywy done — 0 thread(s)
2026-05-21 08:00:13 [INFO    ] crawl_pipeline.worker-0 | [Worker 0] 1tj8t0s done — 0 thread(s)
2026-05-21 08:00:14 [INFO    ] crawl_pipeline.worker-3 | [Worker 3] Processing 1tixm34 (bali) — "..."
2026-05-21 08:00:14 [INFO    ] crawl_pipeline |   Re-enqueued pending post: 1tiip1x
2026-05-21 08:00:15 [INFO    ] crawl_pipeline.worker-1 | [Worker 1] Processing 1tiq8xc (WkwkwkLand) — "..."
2026-05-21 08:00:15 [INFO    ] crawl_pipeline |   Re-enqueued pending post: 1timyvm
2026-05-21 08:00:15 [INFO    ] crawl_pipeline.worker-2 | [Worker 2] Processing 1tjafn8 (WkwkwkLand) — "..."
2026-05-21 08:00:15 [INFO    ] crawl_pipeline |   Re-enqueued pending post: 1tifmkq
2026-05-21 08:00:15 [INFO    ] crawl_pipeline.worker-0 | [Worker 0] Processing 1tii22q (jualbeliindonesia) — "..."
2026-05-21 08:00:15 [INFO    ] crawl_pipeline |   Re-enqueued pending post: 1tiewyo
2026-05-21 08:00:16 [INFO    ] crawl_pipeline.worker-2 | [Worker 2] 1tjafn8 done — 0 thread(s)
2026-05-21 08:00:17 [INFO    ] crawl_pipeline.worker-4 | [Worker 4] 1tiieqo done — 0 thread(s)
2026-05-21 08:00:17 [INFO    ] crawl_pipeline.worker-0 | [Worker 0] 1tii22q done — 0 thread(s)
2026-05-21 08:00:18 [INFO    ] crawl_pipeline.worker-2 | [Worker 2] Processing 1tj36fv (indonesia) — "..."
2026-05-21 08:00:18 [INFO    ] crawl_pipeline |   Re-enqueued pending post: 1ti1cbs
2026-05-21 08:00:18 [INFO    ] crawl_pipeline.worker-1 | [Worker 1] 1tiq8xc done — 0 thread(s)
2026-05-21 08:00:19 [INFO    ] crawl_pipeline.worker-3 | [Worker 3] 1tixm34 done — 2 thread(s)
2026-05-21 08:00:19 [INFO    ] crawl_pipeline.worker-4 | [Worker 4] Processing 1ti8dc8 (jualbeliindonesia) — "..."
2026-05-21 08:00:19 [INFO    ] crawl_pipeline |   Re-enqueued pending post: 1tig5si
2026-05-21 08:00:19 [INFO    ] crawl_pipeline.worker-0 | [Worker 0] Processing 1tiqr00 (BaliTravelTips) — "..."
2026-05-21 08:00:19 [INFO    ] crawl_pipeline |   Re-enqueued pending post: 1tis7hg
2026-05-21 08:00:20 [INFO    ] crawl_pipeline.worker-0 | [Worker 0] 1tiqr00 done — 2 thread(s)
2026-05-21 08:00:20 [INFO    ] crawl_pipeline.worker-2 | [Worker 2] 1tj36fv done — 0 thread(s)
2026-05-21 08:00:20 [INFO    ] crawl_pipeline.worker-1 | [Worker 1] Processing 1tj8lhd (jualbeliindonesia) — "..."
2026-05-21 08:00:20 [INFO    ] crawl_pipeline |   Re-enqueued pending post: 1ti57it
2026-05-21 08:00:21 [INFO    ] crawl_pipeline.worker-3 | [Worker 3] Processing 1tigxe7 (indonesiabebas) — "..."
2026-05-21 08:00:21 [INFO    ] crawl_pipeline |   Re-enqueued pending post: 1thao89
2026-05-21 08:00:21 [INFO    ] crawl_pipeline.worker-1 | [Worker 1] 1tj8lhd done — 0 thread(s)
2026-05-21 08:00:21 [INFO    ] crawl_pipeline.worker-3 | [Worker 3] 1tigxe7 done — 0 thread(s)
2026-05-21 08:00:22 [INFO    ] crawl_pipeline |   Re-enqueued pending post: 1thief0
2026-05-21 08:00:22 [INFO    ] crawl_pipeline.worker-0 | [Worker 0] Processing 1tj8ew1 (jualbeliindonesia) — "..."
2026-05-21 08:00:22 [INFO    ] crawl_pipeline.worker-2 | [Worker 2] Processing 1tj8be4 (jualbeliindonesia) — "..."
2026-05-21 08:00:22 [INFO    ] crawl_pipeline |   Re-enqueued pending post: 1ti14wa
2026-05-21 08:00:22 [INFO    ] crawl_pipeline.worker-4 | [Worker 4] 1ti8dc8 done — 0 thread(s)
2026-05-21 08:00:23 [INFO    ] crawl_pipeline.worker-1 | [Worker 1] Processing 1tiw9sf (indowibu) — "..."
2026-05-21 08:00:23 [INFO    ] crawl_pipeline |   Re-enqueued pending post: 1tigyrs
2026-05-21 08:00:23 [INFO    ] crawl_pipeline.worker-3 | [Worker 3] Processing 1tikbwg (indonesia) — "..."
2026-05-21 08:00:23 [INFO    ] crawl_pipeline |   Re-enqueued pending post: 1tgk0v3
2026-05-21 08:00:23 [INFO    ] crawl_pipeline.worker-1 | [Worker 1] 1tiw9sf done — 0 thread(s)
2026-05-21 08:00:24 [INFO    ] crawl_pipeline.worker-0 | [Worker 0] 1tj8ew1 done — 0 thread(s)
2026-05-21 08:00:24 [INFO    ] crawl_pipeline.worker-2 | [Worker 2] 1tj8be4 done — 0 thread(s)
2026-05-21 08:00:24 [INFO    ] crawl_pipeline.worker-3 | [Worker 3] 1tikbwg done — 0 thread(s)
2026-05-21 08:00:24 [INFO    ] crawl_pipeline.worker-4 | [Worker 4] Processing 1ti5non (IndoGamer) — "..."
2026-05-21 08:00:24 [INFO    ] crawl_pipeline |   Re-enqueued pending post: 1thij13
2026-05-21 08:00:25 [INFO    ] crawl_pipeline.worker-1 | [Worker 1] Processing 1tim1be (indonesia) — "..."
2026-05-21 08:00:25 [INFO    ] crawl_pipeline |   Re-enqueued pending post: 1thuhuq
2026-05-21 08:00:26 [INFO    ] crawl_pipeline.worker-4 | [Worker 4] 1ti5non done — 0 thread(s)
2026-05-21 08:00:26 [INFO    ] crawl_pipeline.worker-0 | [Worker 0] Processing 1tj7f7s (jualbeliindonesia) — "..."
2026-05-21 08:00:26 [INFO    ] crawl_pipeline |   Re-enqueued pending post: 1thj49g
2026-05-21 08:00:26 [INFO    ] crawl_pipeline.worker-2 | [Worker 2] Processing 1tio1a5 (WkwkwkLand) — "..."
2026-05-21 08:00:26 [INFO    ] crawl_pipeline |   Re-enqueued pending post: 1thszp0
2026-05-21 08:00:26 [INFO    ] crawl_pipeline.worker-3 | [Worker 3] Processing 1tigw0b (kulineria) — "..."
2026-05-21 08:00:26 [INFO    ] crawl_pipeline |   Re-enqueued pending post: 1ths6mx
2026-05-21 08:00:27 [INFO    ] crawl_pipeline.worker-3 | [Worker 3] 1tigw0b done — 0 thread(s)
2026-05-21 08:00:28 [INFO    ] crawl_pipeline.worker-4 | [Worker 4] Processing 1tikp1s (jualbeliindonesia) — "..."
2026-05-21 08:00:28 [INFO    ] crawl_pipeline |   Re-enqueued pending post: 1ti3dmg
2026-05-21 08:00:28 [INFO    ] crawl_pipeline.worker-2 | [Worker 2] 1tio1a5 done — 0 thread(s)
2026-05-21 08:00:29 [INFO    ] crawl_pipeline.worker-3 | [Worker 3] Processing 1tih2v3 (indonesia) — "..."
2026-05-21 08:00:29 [INFO    ] crawl_pipeline |   Re-enqueued pending post: 1tj5rcg
2026-05-21 08:00:29 [INFO    ] crawl_pipeline.worker-4 | [Worker 4] 1tikp1s done — 0 thread(s)
2026-05-21 08:00:30 [INFO    ] crawl_pipeline.worker-1 | [Worker 1] 1tim1be done — 0 thread(s)
2026-05-21 08:00:30 [INFO    ] crawl_pipeline.worker-2 | [Worker 2] Processing 1tit7mz (jualbeliindonesia) — "..."
2026-05-21 08:00:30 [INFO    ] crawl_pipeline |   Re-enqueued pending post: 1ti1gyu
2026-05-21 08:00:30 [INFO    ] crawl_pipeline.worker-0 | [Worker 0] 1tj7f7s done — 0 thread(s)
2026-05-21 08:00:31 [INFO    ] crawl_pipeline.worker-4 | [Worker 4] Processing 1tj73oo (jualbeliindonesia) — "..."
2026-05-21 08:00:31 [INFO    ] crawl_pipeline |   Re-enqueued pending post: 1tgomfe
2026-05-21 08:00:31 [INFO    ] crawl_pipeline.worker-2 | [Worker 2] 1tit7mz done — 0 thread(s)
2026-05-21 08:00:31 [INFO    ] crawl_pipeline.worker-3 | [Worker 3] 1tih2v3 done — 0 thread(s)
2026-05-21 08:00:32 [INFO    ] crawl_pipeline.worker-1 | [Worker 1] Processing 1tioixn (BaliTravelTips) — "..."
2026-05-21 08:00:32 [INFO    ] crawl_pipeline |   Re-enqueued pending post: 1ti199d
2026-05-21 08:00:32 [INFO    ] crawl_pipeline.worker-0 | [Worker 0] Processing 1tifrzy (Cekrek) — "..."
2026-05-21 08:00:32 [INFO    ] crawl_pipeline |   Re-enqueued pending post: 1ti186x
2026-05-21 08:00:33 [INFO    ] crawl_pipeline.worker-4 | [Worker 4] 1tj73oo done — 0 thread(s)
2026-05-21 08:00:33 [INFO    ] crawl_pipeline.worker-2 | [Worker 2] Processing 1tio9e1 (BaliTravelTips) — "..."
2026-05-21 08:00:33 [INFO    ] crawl_pipeline |   Re-enqueued pending post: 1thds4l
2026-05-21 08:00:33 [INFO    ] crawl_pipeline.worker-3 | [Worker 3] Processing 1th68dp (indocartalk) — "..."
2026-05-21 08:00:33 [INFO    ] crawl_pipeline |   Re-enqueued pending post: 1ti68kz
2026-05-21 08:00:35 [INFO    ] crawl_pipeline.worker-4 | [Worker 4] Processing 1thfj1u (bali) — "..."
2026-05-21 08:00:35 [INFO    ] crawl_pipeline |   Re-enqueued pending post: 1ti6hqn
2026-05-21 08:00:35 [INFO    ] crawl_pipeline.worker-3 | [Worker 3] 1th68dp done — 0 thread(s)
2026-05-21 08:00:35 [INFO    ] crawl_pipeline.worker-1 | [Worker 1] 1tioixn done — 0 thread(s)
2026-05-21 08:00:35 [INFO    ] crawl_pipeline.worker-2 | [Worker 2] 1tio9e1 done — 0 thread(s)
2026-05-21 08:00:36 [INFO    ] crawl_pipeline.worker-4 | [Worker 4] 1thfj1u done — 0 thread(s)
2026-05-21 08:00:37 [INFO    ] crawl_pipeline.worker-3 | [Worker 3] Processing 1tj67mr (jualbeliindonesia) — "..."
2026-05-21 08:00:37 [INFO    ] crawl_pipeline |   Re-enqueued pending post: 1tidpvz
2026-05-21 08:00:37 [INFO    ] crawl_pipeline.worker-1 | [Worker 1] Processing 1tigby7 (WkwkwkLand) — "..."
2026-05-21 08:00:37 [INFO    ] crawl_pipeline |   Re-enqueued pending post: 1tilk2z
2026-05-21 08:00:37 [INFO    ] crawl_pipeline.worker-2 | [Worker 2] Processing 1tidetz (indonesiabebas) — "..."
2026-05-21 08:00:37 [INFO    ] crawl_pipeline |   Re-enqueued pending post: 1thit2e
2026-05-21 08:00:38 [INFO    ] crawl_pipeline.worker-4 | [Worker 4] Processing 1tied2x (indowibu) — "..."
2026-05-21 08:00:38 [INFO    ] crawl_pipeline |   Re-enqueued pending post: 1tifn3s
2026-05-21 08:00:38 [INFO    ] crawl_pipeline.worker-3 | [Worker 3] 1tj67mr done — 0 thread(s)
2026-05-21 08:00:40 [INFO    ] crawl_pipeline.worker-3 | [Worker 3] Processing 1tij9su (kulineria) — "..."
2026-05-21 08:00:40 [INFO    ] crawl_pipeline |   Re-enqueued pending post: 1thn7lp
2026-05-21 08:00:40 [INFO    ] crawl_pipeline.worker-4 | [Worker 4] 1tied2x done — 0 thread(s)
2026-05-21 08:00:40 [INFO    ] crawl_pipeline.worker-1 | [Worker 1] 1tigby7 done — 0 thread(s)
2026-05-21 08:00:42 [INFO    ] crawl_pipeline.worker-2 | [Worker 2] 1tidetz done — 0 thread(s)
2026-05-21 08:00:42 [INFO    ] crawl_pipeline.worker-4 | [Worker 4] Processing 1tih1q5 (WkwkwkLand) — "..."
2026-05-21 08:00:42 [INFO    ] crawl_pipeline |   Re-enqueued pending post: 1ti0r3l
2026-05-21 08:00:42 [INFO    ] crawl_pipeline |   Re-enqueued pending post: 1ti4kcj
2026-05-21 08:00:42 [INFO    ] crawl_pipeline.worker-1 | [Worker 1] Processing 1tincp2 (indonesiabebas) — "..."
2026-05-21 08:00:43 [INFO    ] crawl_pipeline.worker-3 | [Worker 3] 1tij9su done — 0 thread(s)
2026-05-21 08:00:44 [INFO    ] crawl_pipeline.worker-4 | [Worker 4] 1tih1q5 done — 0 thread(s)
2026-05-21 08:00:44 [INFO    ] crawl_pipeline.worker-2 | [Worker 2] Processing 1tiew7c (indonesia) — "..."
2026-05-21 08:00:44 [INFO    ] crawl_pipeline |   Re-enqueued pending post: 1thk5a7
2026-05-21 08:00:45 [INFO    ] crawl_pipeline.worker-3 | [Worker 3] Processing 1ti78af (jualbeliindonesia) — "..."
2026-05-21 08:00:45 [INFO    ] crawl_pipeline |   Re-enqueued pending post: 1tighow
2026-05-21 08:00:46 [INFO    ] crawl_pipeline.worker-4 | [Worker 4] Processing 1tifjc6 (indonesia) — "..."
2026-05-21 08:00:46 [INFO    ] crawl_pipeline |   Re-enqueued pending post: 1tifzx3
2026-05-21 08:00:47 [INFO    ] crawl_pipeline.worker-1 | [Worker 1] 1tincp2 done — 0 thread(s)
2026-05-21 08:00:47 [INFO    ] crawl_pipeline.worker-4 | [Worker 4] 1tifjc6 done — 0 thread(s)
2026-05-21 08:00:47 [WARNING ] crawl_pipeline.comments | Request error: HTTPSConnectionPool(host='www.reddit.com', port=443): Read timed out. (read timeout=15). Retrying in 2s...
2026-05-21 08:00:49 [INFO    ] crawl_pipeline.worker-1 | [Worker 1] Processing 1tikotv (indotech) — "..."
2026-05-21 08:00:49 [INFO    ] crawl_pipeline |   Re-enqueued pending post: 1ticukp
2026-05-21 08:00:49 [INFO    ] crawl_pipeline.worker-4 | [Worker 4] Processing 1tihdie (WkwkwkLand) — "..."
2026-05-21 08:00:49 [INFO    ] crawl_pipeline |   Re-enqueued pending post: 1th6ptd
2026-05-21 08:00:49 [INFO    ] crawl_pipeline.worker-1 | [Worker 1] 1tikotv done — 0 thread(s)
2026-05-21 08:00:49 [INFO    ] crawl_pipeline.worker-3 | [Worker 3] 1ti78af done — 0 thread(s)
2026-05-21 08:00:50 [INFO    ] crawl_pipeline.worker-0 | [Worker 0] 1tifrzy done — 1 thread(s)
2026-05-21 08:00:50 [INFO    ] crawl_pipeline.worker-4 | [Worker 4] 1tihdie done — 0 thread(s)
2026-05-21 08:00:51 [INFO    ] crawl_pipeline |   Re-enqueued pending post: 1ti575f
2026-05-21 08:00:51 [INFO    ] crawl_pipeline.worker-1 | [Worker 1] Processing 1tied0l (indonesia) — "..."
2026-05-21 08:00:51 [INFO    ] crawl_pipeline.worker-3 | [Worker 3] Processing 1tj7rf5 (indonesiabebas) — "..."
2026-05-21 08:00:51 [INFO    ] crawl_pipeline |   Re-enqueued pending post: 1thrcfg
2026-05-21 08:00:52 [INFO    ] crawl_pipeline.worker-2 | [Worker 2] 1tiew7c done — 0 thread(s)
2026-05-21 08:00:52 [INFO    ] crawl_pipeline.worker-0 | [Worker 0] Processing 1tij99x (WkwkwkLand) — "..."
2026-05-21 08:00:52 [INFO    ] crawl_pipeline |   Re-enqueued pending post: 1ti9wc5
2026-05-21 08:00:52 [INFO    ] crawl_pipeline.worker-4 | [Worker 4] Processing 1thl7b5 (bali) — "..."
2026-05-21 08:00:52 [INFO    ] crawl_pipeline |   Re-enqueued pending post: 1tib9b2
2026-05-21 08:00:53 [INFO    ] crawl_pipeline.worker-0 | [Worker 0] 1tij99x done — 0 thread(s)
2026-05-21 08:00:54 [INFO    ] crawl_pipeline.worker-2 | [Worker 2] Processing 1tjae3f (WkwkwkLand) — "..."
2026-05-21 08:00:54 [INFO    ] crawl_pipeline |   Re-enqueued pending post: 1thuy2w
2026-05-21 08:00:54 [INFO    ] crawl_pipeline.worker-3 | [Worker 3] 1tj7rf5 done — 0 thread(s)
2026-05-21 08:00:54 [INFO    ] crawl_pipeline.worker-2 | [Worker 2] 1tjae3f done — 0 thread(s)
2026-05-21 08:00:54 [INFO    ] crawl_pipeline.worker-4 | [Worker 4] 1thl7b5 done — 0 thread(s)
2026-05-21 08:00:55 [INFO    ] crawl_pipeline.worker-0 | [Worker 0] Processing 1tjb61y (AdaIndonesiaCoy) — "..."
2026-05-21 08:00:55 [INFO    ] crawl_pipeline |   Re-enqueued pending post: 1thdnwm
2026-05-21 08:00:56 [INFO    ] crawl_pipeline |   Re-enqueued pending post: 1ticepg
2026-05-21 08:00:56 [INFO    ] crawl_pipeline.worker-3 | [Worker 3] Processing 1tizym0 (indotech) — "..."
2026-05-21 08:00:56 [INFO    ] crawl_pipeline.worker-2 | [Worker 2] Processing 1tioo69 (indotech) — "..."
2026-05-21 08:00:56 [INFO    ] crawl_pipeline |   Re-enqueued pending post: 1tio31k
2026-05-21 08:00:56 [INFO    ] crawl_pipeline.worker-4 | [Worker 4] Processing 1tifm0m (jualbeliindonesia) — "..."
2026-05-21 08:00:56 [INFO    ] crawl_pipeline |   Re-enqueued pending post: 1ti39rv
2026-05-21 08:00:56 [INFO    ] crawl_pipeline.worker-0 | [Worker 0] 1tjb61y done — 0 thread(s)
2026-05-21 08:00:57 [INFO    ] crawl_pipeline.worker-3 | [Worker 3] 1tizym0 done — 0 thread(s)
2026-05-21 08:00:57 [INFO    ] crawl_pipeline.worker-1 | [Worker 1] 1tied0l done — 0 thread(s)
2026-05-21 08:00:57 [INFO    ] crawl_pipeline.worker-2 | [Worker 2] 1tioo69 done — 0 thread(s)
2026-05-21 08:00:57 [INFO    ] crawl_pipeline.worker-4 | [Worker 4] 1tifm0m done — 0 thread(s)
2026-05-21 08:00:58 [INFO    ] crawl_pipeline.worker-0 | [Worker 0] Processing 1tj8479 (indonesia) — "..."
2026-05-21 08:00:58 [INFO    ] crawl_pipeline |   Re-enqueued pending post: 1thk0k5
2026-05-21 08:00:59 [INFO    ] crawl_pipeline.worker-3 | [Worker 3] Processing 1tiv0f4 (AdaIndonesiaCoy) — "..."
2026-05-21 08:00:59 [INFO    ] crawl_pipeline |   Re-enqueued pending post: 1ti6yoa
2026-05-21 08:00:59 [INFO    ] crawl_pipeline.worker-1 | [Worker 1] Processing 1tiks85 (BaliTravelTips) — "..."
2026-05-21 08:00:59 [INFO    ] crawl_pipeline |   Re-enqueued pending post: 1ti70vl
2026-05-21 08:00:59 [INFO    ] crawl_pipeline.worker-2 | [Worker 2] Processing 1tia14x (indotech) — "..."
2026-05-21 08:00:59 [INFO    ] crawl_pipeline |   Re-enqueued pending post: 1thftb8
2026-05-21 08:00:59 [INFO    ] crawl_pipeline.worker-4 | [Worker 4] Processing 1tipowo (WkwkwkLand) — "..."
2026-05-21 08:00:59 [INFO    ] crawl_pipeline |   Re-enqueued pending post: 1ti4ne2
2026-05-21 08:00:59 [INFO    ] crawl_pipeline.worker-3 | [Worker 3] 1tiv0f4 done — 0 thread(s)
2026-05-21 08:01:00 [INFO    ] crawl_pipeline.worker-1 | [Worker 1] 1tiks85 done — 4 thread(s)
2026-05-21 08:01:00 [INFO    ] crawl_pipeline.worker-4 | [Worker 4] 1tipowo done — 0 thread(s)
2026-05-21 08:01:00 [INFO    ] crawl_pipeline.worker-2 | [Worker 2] 1tia14x done — 0 thread(s)
2026-05-21 08:01:00 [INFO    ] crawl_pipeline.worker-0 | [Worker 0] 1tj8479 done — 0 thread(s)
2026-05-21 08:01:01 [INFO    ] crawl_pipeline |   Re-enqueued pending post: 1tgskmq
2026-05-21 08:01:01 [INFO    ] crawl_pipeline.worker-3 | [Worker 3] Processing 1tii17l (kulineria) — "..."
2026-05-21 08:01:02 [INFO    ] crawl_pipeline.worker-1 | [Worker 1] Processing 1ti4dil (bali) — "..."
2026-05-21 08:01:02 [INFO    ] crawl_pipeline |   Re-enqueued pending post: 1thmxcz
2026-05-21 08:01:02 [INFO    ] crawl_pipeline.worker-4 | [Worker 4] Processing 1tiocph (bali) — "..."
2026-05-21 08:01:02 [INFO    ] crawl_pipeline |   Re-enqueued pending post: 1ti6abx
2026-05-21 08:01:02 [INFO    ] crawl_pipeline.worker-2 | [Worker 2] Processing 1thc3kq (Cekrek) — "..."
2026-05-21 08:01:02 [INFO    ] crawl_pipeline |   Re-enqueued pending post: 1ti95pq
2026-05-21 08:01:02 [INFO    ] crawl_pipeline.worker-0 | [Worker 0] Processing 1ti5x5b (indonesia) — "..."
2026-05-21 08:01:02 [INFO    ] crawl_pipeline |   Re-enqueued pending post: 1ticjqq
2026-05-21 08:01:03 [INFO    ] crawl_pipeline.worker-4 | [Worker 4] 1tiocph done — 1 thread(s)
2026-05-21 08:01:03 [INFO    ] crawl_pipeline.worker-1 | [Worker 1] 1ti4dil done — 9 thread(s)
2026-05-21 08:01:03 [INFO    ] crawl_pipeline.worker-3 | [Worker 3] 1tii17l done — 0 thread(s)
2026-05-21 08:01:04 [INFO    ] crawl_pipeline.worker-0 | [Worker 0] 1ti5x5b done — 0 thread(s)
2026-05-21 08:01:04 [INFO    ] crawl_pipeline.worker-2 | [Worker 2] 1thc3kq done — 0 thread(s)
2026-05-21 08:01:05 [INFO    ] crawl_pipeline.worker-4 | [Worker 4] Processing 1ti9dgi (AdaIndonesiaCoy) — "..."
2026-05-21 08:01:05 [INFO    ] crawl_pipeline |   Re-enqueued pending post: 1thk34y
2026-05-21 08:01:05 [INFO    ] crawl_pipeline.worker-1 | [Worker 1] Processing 1ti2cu4 (Cekrek) — "..."
2026-05-21 08:01:05 [INFO    ] crawl_pipeline |   Re-enqueued pending post: 1ti66j8
2026-05-21 08:01:05 [INFO    ] crawl_pipeline |   Re-enqueued pending post: 1tih0t0
2026-05-21 08:01:05 [INFO    ] crawl_pipeline.worker-3 | [Worker 3] Processing 1tioqe2 (indowibu) — "..."
2026-05-21 08:01:05 [INFO    ] crawl_pipeline.worker-4 | [Worker 4] 1ti9dgi done — 0 thread(s)
2026-05-21 08:01:06 [INFO    ] crawl_pipeline.worker-1 | [Worker 1] 1ti2cu4 done — 0 thread(s)
2026-05-21 08:01:06 [INFO    ] crawl_pipeline.worker-0 | [Worker 0] Processing 1tikhzi (AdaIndonesiaCoy) — "..."
2026-05-21 08:01:06 [INFO    ] crawl_pipeline |   Re-enqueued pending post: 1tgf9l7
2026-05-21 08:01:06 [INFO    ] crawl_pipeline.worker-2 | [Worker 2] Processing 1tia3kg (BaliTravelTips) — "..."
2026-05-21 08:01:06 [INFO    ] crawl_pipeline |   Re-enqueued pending post: 1tge0md
2026-05-21 08:01:06 [INFO    ] crawl_pipeline.worker-2 | [Worker 2] 1tia3kg done — 3 thread(s)
2026-05-21 08:01:07 [INFO    ] crawl_pipeline.worker-4 | [Worker 4] Processing 1timznb (indonesia) — "..."
2026-05-21 08:01:07 [INFO    ] crawl_pipeline |   Re-enqueued pending post: 1thk4ni
2026-05-21 08:01:08 [INFO    ] crawl_pipeline.worker-1 | [Worker 1] Processing 1tidkcx (WkwkwkLand) — "..."
2026-05-21 08:01:08 [INFO    ] crawl_pipeline |   Re-enqueued pending post: 1tihlqf
2026-05-21 08:01:08 [INFO    ] crawl_pipeline.worker-3 | [Worker 3] 1tioqe2 done — 0 thread(s)
2026-05-21 08:01:08 [INFO    ] crawl_pipeline.worker-0 | [Worker 0] 1tikhzi done — 0 thread(s)
2026-05-21 08:01:08 [INFO    ] crawl_pipeline.worker-2 | [Worker 2] Processing 1tiigrq (BaliTravelTips) — "..."
2026-05-21 08:01:08 [INFO    ] crawl_pipeline |   Re-enqueued pending post: 1thk4a2
2026-05-21 08:01:09 [INFO    ] crawl_pipeline.worker-1 | [Worker 1] 1tidkcx done — 0 thread(s)
2026-05-21 08:01:09 [INFO    ] crawl_pipeline.worker-2 | [Worker 2] 1tiigrq done — 2 thread(s)
2026-05-21 08:01:09 [INFO    ] crawl_pipeline.worker-4 | [Worker 4] 1timznb done — 0 thread(s)
2026-05-21 08:01:10 [INFO    ] crawl_pipeline.worker-3 | [Worker 3] Processing 1tic74b (indonesiabebas) — "..."
2026-05-21 08:01:10 [INFO    ] crawl_pipeline |   Re-enqueued pending post: 1thhb9d
2026-05-21 08:01:10 [INFO    ] crawl_pipeline.worker-0 | [Worker 0] Processing 1tigrpp (indowibu) — "..."
2026-05-21 08:01:10 [INFO    ] crawl_pipeline |   Re-enqueued pending post: 1tiay9v
2026-05-21 08:01:10 [INFO    ] crawl_pipeline.worker-3 | [Worker 3] 1tic74b done — 0 thread(s)
2026-05-21 08:01:11 [INFO    ] crawl_pipeline |   Re-enqueued pending post: 1ti96k4
2026-05-21 08:01:11 [INFO    ] crawl_pipeline.worker-1 | [Worker 1] Processing 1tii5wh (indotech) — "..."
2026-05-21 08:01:11 [INFO    ] crawl_pipeline.worker-1 | [Worker 1] 1tii5wh done — 0 thread(s)
2026-05-21 08:01:11 [INFO    ] crawl_pipeline.worker-2 | [Worker 2] Processing 1tic2qd (WkwkwkLand) — "..."
2026-05-21 08:01:11 [INFO    ] crawl_pipeline |   Re-enqueued pending post: 1thkc4f
2026-05-21 08:01:11 [INFO    ] crawl_pipeline.worker-4 | [Worker 4] Processing 1tiv149 (WkwkwkLand) — "..."
2026-05-21 08:01:11 [INFO    ] crawl_pipeline |   Re-enqueued pending post: 1thmeiz
2026-05-21 08:01:12 [INFO    ] crawl_pipeline.worker-4 | [Worker 4] 1tiv149 done — 0 thread(s)
2026-05-21 08:01:12 [INFO    ] crawl_pipeline.worker-2 | [Worker 2] 1tic2qd done — 0 thread(s)
2026-05-21 08:01:12 [INFO    ] crawl_pipeline.worker-3 | [Worker 3] Processing 1thq6ld (indocartalk) — "..."
2026-05-21 08:01:12 [INFO    ] crawl_pipeline |   Re-enqueued pending post: 1thecgs
2026-05-21 08:01:13 [INFO    ] crawl_pipeline.worker-1 | [Worker 1] Processing 1ticb5s (indowibu) — "..."
2026-05-21 08:01:13 [INFO    ] crawl_pipeline |   Re-enqueued pending post: 1thvrtw
2026-05-21 08:01:13 [INFO    ] crawl_pipeline.worker-0 | [Worker 0] 1tigrpp done — 0 thread(s)
2026-05-21 08:01:14 [INFO    ] crawl_pipeline.worker-3 | [Worker 3] 1thq6ld done — 2 thread(s)
2026-05-21 08:01:14 [INFO    ] crawl_pipeline.worker-4 | [Worker 4] Processing 1tj7ao7 (indonesia) — "..."
2026-05-21 08:01:14 [INFO    ] crawl_pipeline |   Re-enqueued pending post: 1then50
2026-05-21 08:01:14 [INFO    ] crawl_pipeline.worker-2 | [Worker 2] Processing 1tikrsm (bali) — "..."
2026-05-21 08:01:14 [INFO    ] crawl_pipeline |   Re-enqueued pending post: 1tgrq3r
2026-05-21 08:01:15 [INFO    ] crawl_pipeline.worker-1 | [Worker 1] 1ticb5s done — 0 thread(s)
2026-05-21 08:01:15 [INFO    ] crawl_pipeline.worker-0 | [Worker 0] Processing 1tiiacm (indonesia) — "..."
2026-05-21 08:01:15 [INFO    ] crawl_pipeline |   Re-enqueued pending post: 1thrd8v
2026-05-21 08:01:16 [INFO    ] crawl_pipeline.worker-3 | [Worker 3] Processing 1thtbs4 (Cekrek) — "..."
2026-05-21 08:01:16 [INFO    ] crawl_pipeline |   Re-enqueued pending post: 1ti56r8
2026-05-21 08:01:16 [INFO    ] crawl_pipeline.worker-0 | [Worker 0] 1tiiacm done — 0 thread(s)
2026-05-21 08:01:16 [INFO    ] crawl_pipeline.worker-4 | [Worker 4] 1tj7ao7 done — 0 thread(s)
2026-05-21 08:01:16 [INFO    ] crawl_pipeline.worker-3 | [Worker 3] 1thtbs4 done — 0 thread(s)
2026-05-21 08:01:16 [INFO    ] crawl_pipeline.worker-2 | [Worker 2] 1tikrsm done — 1 thread(s)
2026-05-21 08:01:17 [INFO    ] crawl_pipeline.worker-1 | [Worker 1] Processing 1tj4bib (WkwkwkLand) — "..."
2026-05-21 08:01:17 [INFO    ] crawl_pipeline |   Re-enqueued pending post: 1ti38ud
2026-05-21 08:01:18 [INFO    ] crawl_pipeline.worker-1 | [Worker 1] 1tj4bib done — 0 thread(s)
2026-05-21 08:01:18 [INFO    ] crawl_pipeline.worker-0 | [Worker 0] Processing 1tibg9z (WkwkwkLand) — "..."
2026-05-21 08:01:18 [INFO    ] crawl_pipeline |   Re-enqueued pending post: 1thh8r5
2026-05-21 08:01:18 [INFO    ] crawl_pipeline |   Re-enqueued pending post: 1ti6xxd
2026-05-21 08:01:18 [INFO    ] crawl_pipeline.worker-4 | [Worker 4] Processing 1ti6byg (indonesia) — "..."
2026-05-21 08:01:18 [INFO    ] crawl_pipeline.worker-3 | [Worker 3] Processing 1tib8x6 (indonesia) — "..."
2026-05-21 08:01:18 [INFO    ] crawl_pipeline |   Re-enqueued pending post: 1thlbsk
2026-05-21 08:01:18 [INFO    ] crawl_pipeline.worker-2 | [Worker 2] Processing 1tifqlc (kulineria) — "..."
2026-05-21 08:01:18 [INFO    ] crawl_pipeline |   Re-enqueued pending post: 1ti6p2w
2026-05-21 08:01:19 [INFO    ] crawl_pipeline.worker-0 | [Worker 0] 1tibg9z done — 0 thread(s)
2026-05-21 08:01:19 [INFO    ] crawl_pipeline.worker-4 | [Worker 4] 1ti6byg done — 0 thread(s)
2026-05-21 08:01:19 [INFO    ] crawl_pipeline.worker-2 | [Worker 2] 1tifqlc done — 0 thread(s)
2026-05-21 08:01:20 [INFO    ] crawl_pipeline.worker-1 | [Worker 1] Processing 1tic66t (indonesia) — "..."
2026-05-21 08:01:20 [INFO    ] crawl_pipeline |   Re-enqueued pending post: 1thg5d8
2026-05-21 08:01:20 [INFO    ] crawl_pipeline.worker-3 | [Worker 3] 1tib8x6 done — 0 thread(s)
2026-05-21 08:01:20 [INFO    ] crawl_pipeline.worker-1 | [Worker 1] 1tic66t done — 0 thread(s)
2026-05-21 08:01:21 [INFO    ] crawl_pipeline.worker-0 | [Worker 0] Processing 1ti8b6m (indonesiabebas) — "..."
2026-05-21 08:01:21 [INFO    ] crawl_pipeline |   Re-enqueued pending post: 1ti69lw
2026-05-21 08:01:21 [INFO    ] crawl_pipeline.worker-4 | [Worker 4] Processing 1tj9iko (finansial) — "..."
2026-05-21 08:01:21 [INFO    ] crawl_pipeline |   Re-enqueued pending post: 1thamdl
2026-05-21 08:01:21 [INFO    ] crawl_pipeline.worker-2 | [Worker 2] Processing 1tio2nm (indonesia) — "..."
2026-05-21 08:01:21 [INFO    ] crawl_pipeline |   Re-enqueued pending post: 1tiifl9
2026-05-21 08:01:21 [INFO    ] crawl_pipeline.worker-0 | [Worker 0] 1ti8b6m done — 0 thread(s)
2026-05-21 08:01:22 [INFO    ] crawl_pipeline.worker-4 | [Worker 4] 1tj9iko done — 2 thread(s)
2026-05-21 08:01:22 [INFO    ] crawl_pipeline.worker-3 | [Worker 3] Processing 1tijvdk (jualbeliindonesia) — "..."
2026-05-21 08:01:22 [INFO    ] crawl_pipeline |   Re-enqueued pending post: 1thl78l
2026-05-21 08:01:22 [INFO    ] crawl_pipeline.worker-2 | [Worker 2] 1tio2nm done — 0 thread(s)
2026-05-21 08:01:22 [INFO    ] crawl_pipeline |   Re-enqueued pending post: 1thnqbs
2026-05-21 08:01:22 [INFO    ] crawl_pipeline.worker-1 | [Worker 1] Processing 1tip34q (indowibu) — "..."
2026-05-21 08:01:22 [INFO    ] crawl_pipeline.worker-3 | [Worker 3] 1tijvdk done — 0 thread(s)
2026-05-21 08:01:23 [INFO    ] crawl_pipeline.worker-1 | [Worker 1] 1tip34q done — 0 thread(s)
2026-05-21 08:01:23 [INFO    ] crawl_pipeline.worker-0 | [Worker 0] Processing 1tigty2 (AdaIndonesiaCoy) — "..."
2026-05-21 08:01:23 [INFO    ] crawl_pipeline |   Re-enqueued pending post: 1thkrza
2026-05-21 08:01:24 [INFO    ] crawl_pipeline.worker-4 | [Worker 4] Processing 1tieur8 (jualbeliindonesia) — "..."
2026-05-21 08:01:24 [INFO    ] crawl_pipeline |   Re-enqueued pending post: 1they4x
2026-05-21 08:01:24 [WARNING ] crawl_pipeline.comments | Rate-limited (429). Waiting 2s (attempt 1/5)
2026-05-21 08:01:24 [INFO    ] crawl_pipeline.worker-0 | [Worker 0] 1tigty2 done — 0 thread(s)
2026-05-21 08:01:24 [INFO    ] crawl_pipeline.worker-2 | [Worker 2] Processing 1tir7fo (indowibu) — "..."
2026-05-21 08:01:24 [INFO    ] crawl_pipeline |   Re-enqueued pending post: 1thdd46
2026-05-21 08:01:24 [WARNING ] crawl_pipeline.comments | Rate-limited (429). Waiting 2s (attempt 1/5)
2026-05-21 08:01:24 [INFO    ] crawl_pipeline.worker-3 | [Worker 3] Processing 1tianvh (indonesiabebas) — "..."
2026-05-21 08:01:24 [INFO    ] crawl_pipeline |   Re-enqueued pending post: 1tho2m8
2026-05-21 08:01:25 [WARNING ] crawl_pipeline.comments | Rate-limited (429). Waiting 2s (attempt 1/5)
2026-05-21 08:01:25 [INFO    ] crawl_pipeline.worker-1 | [Worker 1] Processing 1tigax5 (WkwkwkLand) — "..."
2026-05-21 08:01:25 [INFO    ] crawl_pipeline |   Re-enqueued pending post: 1thdjdx
2026-05-21 08:01:25 [WARNING ] crawl_pipeline.comments | Rate-limited (429). Waiting 2s (attempt 1/5)
2026-05-21 08:01:26 [INFO    ] crawl_pipeline.worker-0 | [Worker 0] Processing 1tid9yq (indowibu) — "..."
2026-05-21 08:01:26 [INFO    ] crawl_pipeline |   Re-enqueued pending post: 1thdocy
2026-05-21 08:01:26 [WARNING ] crawl_pipeline.comments | Rate-limited (429). Waiting 4s (attempt 2/5)
2026-05-21 08:01:26 [WARNING ] crawl_pipeline.comments | Rate-limited (429). Waiting 2s (attempt 1/5)
2026-05-21 08:01:26 [WARNING ] crawl_pipeline.comments | Rate-limited (429). Waiting 4s (attempt 2/5)
2026-05-21 08:01:27 [WARNING ] crawl_pipeline.comments | Rate-limited (429). Waiting 4s (attempt 2/5)
2026-05-21 08:01:28 [WARNING ] crawl_pipeline.comments | Rate-limited (429). Waiting 4s (attempt 2/5)
2026-05-21 08:01:28 [WARNING ] crawl_pipeline.comments | Rate-limited (429). Waiting 4s (attempt 2/5)
2026-05-21 08:01:30 [WARNING ] crawl_pipeline.comments | Rate-limited (429). Waiting 6s (attempt 3/5)
2026-05-21 08:01:31 [WARNING ] crawl_pipeline.comments | Rate-limited (429). Waiting 6s (attempt 3/5)
2026-05-21 08:01:31 [WARNING ] crawl_pipeline.comments | Rate-limited (429). Waiting 6s (attempt 3/5)
2026-05-21 08:01:32 [WARNING ] crawl_pipeline.comments | Rate-limited (429). Waiting 6s (attempt 3/5)
2026-05-21 08:01:33 [WARNING ] crawl_pipeline.comments | Rate-limited (429). Waiting 6s (attempt 3/5)
2026-05-21 08:01:36 [WARNING ] crawl_pipeline.comments | Rate-limited (429). Waiting 8s (attempt 4/5)
2026-05-21 08:01:37 [WARNING ] crawl_pipeline.comments | Rate-limited (429). Waiting 8s (attempt 4/5)
2026-05-21 08:01:37 [WARNING ] crawl_pipeline.comments | Rate-limited (429). Waiting 8s (attempt 4/5)
2026-05-21 08:01:38 [WARNING ] crawl_pipeline.comments | Rate-limited (429). Waiting 8s (attempt 4/5)
2026-05-21 08:01:39 [WARNING ] crawl_pipeline | 
[Pipeline] SIGINT received — finishing current posts then exiting...
2026-05-21 08:01:39 [WARNING ] crawl_pipeline | 
[Pipeline] SIGINT received — finishing current posts then exiting...
2026-05-21 08:01:39 [WARNING ] crawl_pipeline | 
[Pipeline] SIGINT received — finishing current posts then exiting...
2026-05-21 08:01:39 [WARNING ] crawl_pipeline | 
[Pipeline] SIGINT received — finishing current posts then exiting...
2026-05-21 08:01:39 [WARNING ] crawl_pipeline | 
[Pipeline] SIGINT received — finishing current posts then exiting...
2026-05-21 08:01:39 [WARNING ] crawl_pipeline | 
[Pipeline] SIGINT received — finishing current posts then exiting...
2026-05-21 08:01:39 [WARNING ] crawl_pipeline.comments | Rate-limited (429). Waiting 8s (attempt 4/5)
2026-05-21 08:01:42 [WARNING ] crawl_pipeline | 
[Pipeline] SIGINT received — finishing current posts then exiting...
2026-05-21 08:01:42 [WARNING ] crawl_pipeline | 
[Pipeline] SIGINT received — finishing current posts then exiting...
2026-05-21 08:01:42 [WARNING ] crawl_pipeline | 
[Pipeline] SIGINT received — finishing current posts then exiting...
2026-05-21 08:01:42 [WARNING ] crawl_pipeline | 
[Pipeline] SIGINT received — finishing current posts then exiting...
2026-05-21 08:01:42 [WARNING ] crawl_pipeline | 
[Pipeline] SIGINT received — finishing current posts then exiting...
2026-05-21 08:01:42 [WARNING ] crawl_pipeline | 
[Pipeline] SIGINT received — finishing current posts then exiting...
2026-05-21 08:01:44 [WARNING ] crawl_pipeline | 
[Pipeline] SIGINT received — finishing current posts then exiting...
2026-05-21 08:01:44 [WARNING ] crawl_pipeline | 
[Pipeline] SIGINT received — finishing current posts then exiting...
2026-05-21 08:01:44 [WARNING ] crawl_pipeline | 
[Pipeline] SIGINT received — finishing current posts then exiting...
2026-05-21 08:01:44 [WARNING ] crawl_pipeline | 
[Pipeline] SIGINT received — finishing current posts then exiting...
2026-05-21 08:01:44 [WARNING ] crawl_pipeline | 
[Pipeline] SIGINT received — finishing current posts then exiting...
2026-05-21 08:01:44 [WARNING ] crawl_pipeline | 
[Pipeline] SIGINT received — finishing current posts then exiting...
2026-05-21 08:01:45 [WARNING ] crawl_pipeline | 
[Pipeline] SIGINT received — finishing current posts then exiting...
2026-05-21 08:01:45 [WARNING ] crawl_pipeline | 
[Pipeline] SIGINT received — finishing current posts then exiting...
2026-05-21 08:01:45 [WARNING ] crawl_pipeline | 
[Pipeline] SIGINT received — finishing current posts then exiting...
2026-05-21 08:01:45 [WARNING ] crawl_pipeline | 
[Pipeline] SIGINT received — finishing current posts then exiting...
2026-05-21 08:01:45 [WARNING ] crawl_pipeline | 
[Pipeline] SIGINT received — finishing current posts then exiting...
2026-05-21 08:01:45 [WARNING ] crawl_pipeline | 
[Pipeline] SIGINT received — finishing current posts then exiting...
2026-05-21 08:01:45 [WARNING ] crawl_pipeline.comments | Rate-limited (429). Waiting 10s (attempt 5/5)
2026-05-21 08:01:45 [WARNING ] crawl_pipeline.comments | Rate-limited (429). Waiting 10s (attempt 5/5)
2026-05-21 08:01:45 [WARNING ] crawl_pipeline | 
[Pipeline] SIGINT received — finishing current posts then exiting...
2026-05-21 08:01:45 [WARNING ] crawl_pipeline | 
[Pipeline] SIGINT received — finishing current posts then exiting...
2026-05-21 08:01:45 [WARNING ] crawl_pipeline | 
[Pipeline] SIGINT received — finishing current posts then exiting...
2026-05-21 08:01:45 [WARNING ] crawl_pipeline | 
[Pipeline] SIGINT received — finishing current posts then exiting...
2026-05-21 08:01:45 [WARNING ] crawl_pipeline | 
[Pipeline] SIGINT received — finishing current posts then exiting...
2026-05-21 08:01:45 [WARNING ] crawl_pipeline | 
[Pipeline] SIGINT received — finishing current posts then exiting...
2026-05-21 08:01:45 [WARNING ] crawl_pipeline.comments | Rate-limited (429). Waiting 10s (attempt 5/5)
2026-05-21 08:01:46 [WARNING ] crawl_pipeline.comments | Rate-limited (429). Waiting 10s (attempt 5/5)
2026-05-21 08:01:47 [WARNING ] crawl_pipeline | 
[Pipeline] SIGINT received — finishing current posts then exiting...
2026-05-21 08:01:47 [WARNING ] crawl_pipeline | 
[Pipeline] SIGINT received — finishing current posts then exiting...
2026-05-21 08:01:47 [WARNING ] crawl_pipeline | 
[Pipeline] SIGINT received — finishing current posts then exiting...
2026-05-21 08:01:47 [WARNING ] crawl_pipeline | 
[Pipeline] SIGINT received — finishing current posts then exiting...
2026-05-21 08:01:47 [WARNING ] crawl_pipeline | 
[Pipeline] SIGINT received — finishing current posts then exiting...
2026-05-21 08:01:47 [WARNING ] crawl_pipeline | 
[Pipeline] SIGINT received — finishing current posts then exiting...
2026-05-21 08:01:47 [WARNING ] crawl_pipeline.comments | Rate-limited (429). Waiting 10s (attempt 5/5)
2026-05-21 08:01:47 [WARNING ] crawl_pipeline | 
[Pipeline] SIGINT received — finishing current posts then exiting...
2026-05-21 08:01:47 [WARNING ] crawl_pipeline | 
[Pipeline] SIGINT received — finishing current posts then exiting...
2026-05-21 08:01:47 [WARNING ] crawl_pipeline | 
[Pipeline] SIGINT received — finishing current posts then exiting...
2026-05-21 08:01:47 [WARNING ] crawl_pipeline | 
[Pipeline] SIGINT received — finishing current posts then exiting...
2026-05-21 08:01:47 [WARNING ] crawl_pipeline | 
[Pipeline] SIGINT received — finishing current posts then exiting...
2026-05-21 08:01:47 [WARNING ] crawl_pipeline | 
[Pipeline] SIGINT received — finishing current posts then exiting...
2026-05-21 08:01:48 [WARNING ] crawl_pipeline | 
[Pipeline] SIGINT received — finishing current posts then exiting...
2026-05-21 08:01:48 [WARNING ] crawl_pipeline | 
[Pipeline] SIGINT received — finishing current posts then exiting...
2026-05-21 08:01:48 [WARNING ] crawl_pipeline | 
[Pipeline] SIGINT received — finishing current posts then exiting...
2026-05-21 08:01:48 [WARNING ] crawl_pipeline | 
[Pipeline] SIGINT received — finishing current posts then exiting...
2026-05-21 08:01:48 [WARNING ] crawl_pipeline | 
[Pipeline] SIGINT received — finishing current posts then exiting...
2026-05-21 08:01:48 [WARNING ] crawl_pipeline | 
[Pipeline] SIGINT received — finishing current posts then exiting...
2026-05-21 08:01:48 [WARNING ] crawl_pipeline | 
[Pipeline] SIGINT received — finishing current posts then exiting...
2026-05-21 08:01:48 [WARNING ] crawl_pipeline | 
[Pipeline] SIGINT received — finishing current posts then exiting...
2026-05-21 08:01:48 [WARNING ] crawl_pipeline | 
[Pipeline] SIGINT received — finishing current posts then exiting...
2026-05-21 08:01:48 [WARNING ] crawl_pipeline | 
[Pipeline] SIGINT received — finishing current posts then exiting...
2026-05-21 08:01:48 [WARNING ] crawl_pipeline | 
[Pipeline] SIGINT received — finishing current posts then exiting...
2026-05-21 08:01:48 [WARNING ] crawl_pipeline | 
[Pipeline] SIGINT received — finishing current posts then exiting...
2026-05-21 08:01:55 [ERROR   ] crawl_pipeline.comments | Could not fetch comments for post 1tieur8: Failed after 5 retries: https://www.reddit.com/r/jualbeliindonesia/comments/1tieur8.json
2026-05-21 08:01:55 [ERROR   ] crawl_pipeline.worker-4 | [Worker 4] 1tieur8 failed: Failed after 5 retries: https://www.reddit.com/r/jualbeliindonesia/comments/1tieur8.json
2026-05-21 08:01:55 [ERROR   ] crawl_pipeline.comments | Could not fetch comments for post 1tir7fo: Failed after 5 retries: https://www.reddit.com/r/indowibu/comments/1tir7fo.json
2026-05-21 08:01:55 [ERROR   ] crawl_pipeline.worker-2 | [Worker 2] 1tir7fo failed: Failed after 5 retries: https://www.reddit.com/r/indowibu/comments/1tir7fo.json
2026-05-21 08:01:55 [ERROR   ] crawl_pipeline.comments | Could not fetch comments for post 1tianvh: Failed after 5 retries: https://www.reddit.com/r/indonesiabebas/comments/1tianvh.json
2026-05-21 08:01:55 [ERROR   ] crawl_pipeline.worker-3 | [Worker 3] 1tianvh failed: Failed after 5 retries: https://www.reddit.com/r/indonesiabebas/comments/1tianvh.json
2026-05-21 08:01:56 [ERROR   ] crawl_pipeline.comments | Could not fetch comments for post 1tigax5: Failed after 5 retries: https://www.reddit.com/r/WkwkwkLand/comments/1tigax5.json
2026-05-21 08:01:56 [ERROR   ] crawl_pipeline.worker-1 | [Worker 1] 1tigax5 failed: Failed after 5 retries: https://www.reddit.com/r/WkwkwkLand/comments/1tigax5.json
2026-05-21 08:01:57 [INFO    ] crawl_pipeline |   Re-enqueued pending post: 1thh6dn
2026-05-21 08:01:57 [INFO    ] crawl_pipeline.worker-4 | [Worker 4] Processing 1ti5c9z (kulineria) — "..."
2026-05-21 08:01:57 [WARNING ] crawl_pipeline.comments | Rate-limited (429). Waiting 2s (attempt 1/5)
2026-05-21 08:01:57 [ERROR   ] crawl_pipeline.comments | Could not fetch comments for post 1tid9yq: Failed after 5 retries: https://www.reddit.com/r/indowibu/comments/1tid9yq.json
2026-05-21 08:01:57 [ERROR   ] crawl_pipeline.worker-0 | [Worker 0] 1tid9yq failed: Failed after 5 retries: https://www.reddit.com/r/indowibu/comments/1tid9yq.json
2026-05-21 08:01:57 [INFO    ] crawl_pipeline.worker-2 | [Worker 2] Processing 1ti906j (AdaIndonesiaCoy) — "..."
2026-05-21 08:01:57 [INFO    ] crawl_pipeline |   Re-enqueued pending post: 1thlt9w
2026-05-21 08:01:57 [WARNING ] crawl_pipeline.comments | Rate-limited (429). Waiting 2s (attempt 1/5)
2026-05-21 08:01:57 [INFO    ] crawl_pipeline.worker-3 | [Worker 3] Processing 1tiiljn (indonesiabebas) — "..."
2026-05-21 08:01:57 [INFO    ] crawl_pipeline |   Re-enqueued pending post: 1thbozu
2026-05-21 08:01:58 [WARNING ] crawl_pipeline.comments | Rate-limited (429). Waiting 2s (attempt 1/5)
2026-05-21 08:01:58 [INFO    ] crawl_pipeline.worker-1 | [Worker 1] Processing 1tila69 (indonesia) — "..."
2026-05-21 08:01:58 [INFO    ] crawl_pipeline |   Re-enqueued pending post: 1tigik4
2026-05-21 08:01:58 [WARNING ] crawl_pipeline.comments | Rate-limited (429). Waiting 2s (attempt 1/5)
2026-05-21 08:01:59 [INFO    ] crawl_pipeline.worker-0 | [Worker 0] Processing 1tilkir (indonesiabebas) — "..."
2026-05-21 08:01:59 [INFO    ] crawl_pipeline |   Re-enqueued pending post: 1tiajne
2026-05-21 08:01:59 [WARNING ] crawl_pipeline.comments | Rate-limited (429). Waiting 4s (attempt 2/5)
2026-05-21 08:01:59 [WARNING ] crawl_pipeline.comments | Rate-limited (429). Waiting 2s (attempt 1/5)
2026-05-21 08:01:59 [WARNING ] crawl_pipeline | 
[Pipeline] SIGINT received — finishing current posts then exiting...
2026-05-21 08:01:59 [WARNING ] crawl_pipeline | 
[Pipeline] SIGINT received — finishing current posts then exiting...
2026-05-21 08:01:59 [WARNING ] crawl_pipeline | 
[Pipeline] SIGINT received — finishing current posts then exiting...
2026-05-21 08:01:59 [WARNING ] crawl_pipeline | 
[Pipeline] SIGINT received — finishing current posts then exiting...
2026-05-21 08:01:59 [WARNING ] crawl_pipeline | 
[Pipeline] SIGINT received — finishing current posts then exiting...
2026-05-21 08:01:59 [WARNING ] crawl_pipeline | 
[Pipeline] SIGINT received — finishing current posts then exiting...
2026-05-21 08:01:59 [WARNING ] crawl_pipeline.comments | Rate-limited (429). Waiting 4s (attempt 2/5)
2026-05-21 08:02:00 [WARNING ] crawl_pipeline.comments | Rate-limited (429). Waiting 4s (attempt 2/5)
2026-05-21 08:02:00 [WARNING ] crawl_pipeline | 
[Pipeline] SIGINT received — finishing current posts then exiting...
2026-05-21 08:02:00 [WARNING ] crawl_pipeline | 
[Pipeline] SIGINT received — finishing current posts then exiting...
2026-05-21 08:02:00 [WARNING ] crawl_pipeline | 
[Pipeline] SIGINT received — finishing current posts then exiting...
2026-05-21 08:02:00 [WARNING ] crawl_pipeline | 
[Pipeline] SIGINT received — finishing current posts then exiting...
2026-05-21 08:02:00 [WARNING ] crawl_pipeline | 
[Pipeline] SIGINT received — finishing current posts then exiting...
2026-05-21 08:02:00 [WARNING ] crawl_pipeline | 
[Pipeline] SIGINT received — finishing current posts then exiting...
2026-05-21 08:02:00 [WARNING ] crawl_pipeline | 
[Pipeline] SIGINT received — finishing current posts then exiting...
2026-05-21 08:02:00 [WARNING ] crawl_pipeline | 
[Pipeline] SIGINT received — finishing current posts then exiting...
2026-05-21 08:02:00 [WARNING ] crawl_pipeline | 
[Pipeline] SIGINT received — finishing current posts then exiting...
2026-05-21 08:02:00 [WARNING ] crawl_pipeline | 
[Pipeline] SIGINT received — finishing current posts then exiting...
2026-05-21 08:02:00 [WARNING ] crawl_pipeline | 
[Pipeline] SIGINT received — finishing current posts then exiting...
2026-05-21 08:02:00 [WARNING ] crawl_pipeline | 
[Pipeline] SIGINT received — finishing current posts then exiting...
2026-05-21 08:02:01 [WARNING ] crawl_pipeline | 
[Pipeline] SIGINT received — finishing current posts then exiting...
2026-05-21 08:02:01 [WARNING ] crawl_pipeline | 
[Pipeline] SIGINT received — finishing current posts then exiting...
2026-05-21 08:02:01 [WARNING ] crawl_pipeline | 
[Pipeline] SIGINT received — finishing current posts then exiting...
2026-05-21 08:02:01 [WARNING ] crawl_pipeline | 
[Pipeline] SIGINT received — finishing current posts then exiting...
2026-05-21 08:02:01 [WARNING ] crawl_pipeline | 
[Pipeline] SIGINT received — finishing current posts then exiting...
2026-05-21 08:02:01 [WARNING ] crawl_pipeline | 
[Pipeline] SIGINT received — finishing current posts then exiting...
2026-05-21 08:02:01 [WARNING ] crawl_pipeline | 
[Pipeline] SIGINT received — finishing current posts then exiting...
2026-05-21 08:02:01 [WARNING ] crawl_pipeline | 
[Pipeline] SIGINT received — finishing current posts then exiting...
2026-05-21 08:02:01 [WARNING ] crawl_pipeline | 
[Pipeline] SIGINT received — finishing current posts then exiting...
2026-05-21 08:02:01 [WARNING ] crawl_pipeline | 
[Pipeline] SIGINT received — finishing current posts then exiting...
2026-05-21 08:02:01 [WARNING ] crawl_pipeline | 
[Pipeline] SIGINT received — finishing current posts then exiting...
2026-05-21 08:02:01 [WARNING ] crawl_pipeline | 
[Pipeline] SIGINT received — finishing current posts then exiting...
2026-05-21 08:02:01 [WARNING ] crawl_pipeline | 
[Pipeline] SIGINT received — finishing current posts then exiting...
2026-05-21 08:02:01 [WARNING ] crawl_pipeline | 
[Pipeline] SIGINT received — finishing current posts then exiting...
2026-05-21 08:02:01 [WARNING ] crawl_pipeline | 
[Pipeline] SIGINT received — finishing current posts then exiting...
2026-05-21 08:02:01 [WARNING ] crawl_pipeline | 
[Pipeline] SIGINT received — finishing current posts then exiting...
2026-05-21 08:02:01 [WARNING ] crawl_pipeline | 
[Pipeline] SIGINT received — finishing current posts then exiting...
2026-05-21 08:02:01 [WARNING ] crawl_pipeline | 
[Pipeline] SIGINT received — finishing current posts then exiting...
2026-05-21 08:02:01 [WARNING ] crawl_pipeline.comments | Rate-limited (429). Waiting 4s (attempt 2/5)
2026-05-21 08:02:01 [WARNING ] crawl_pipeline | 
[Pipeline] SIGINT received — finishing current posts then exiting...
2026-05-21 08:02:01 [WARNING ] crawl_pipeline | 
[Pipeline] SIGINT received — finishing current posts then exiting...
2026-05-21 08:02:01 [WARNING ] crawl_pipeline | 
[Pipeline] SIGINT received — finishing current posts then exiting...
2026-05-21 08:02:01 [WARNING ] crawl_pipeline | 
[Pipeline] SIGINT received — finishing current posts then exiting...
2026-05-21 08:02:01 [WARNING ] crawl_pipeline | 
[Pipeline] SIGINT received — finishing current posts then exiting...
2026-05-21 08:02:01 [WARNING ] crawl_pipeline | 
[Pipeline] SIGINT received — finishing current posts then exiting...
2026-05-21 08:02:01 [WARNING ] crawl_pipeline | 
[Pipeline] SIGINT received — finishing current posts then exiting...
2026-05-21 08:02:01 [WARNING ] crawl_pipeline | 
[Pipeline] SIGINT received — finishing current posts then exiting...
2026-05-21 08:02:01 [WARNING ] crawl_pipeline | 
[Pipeline] SIGINT received — finishing current posts then exiting...
2026-05-21 08:02:01 [WARNING ] crawl_pipeline | 
[Pipeline] SIGINT received — finishing current posts then exiting...
2026-05-21 08:02:01 [WARNING ] crawl_pipeline | 
[Pipeline] SIGINT received — finishing current posts then exiting...
2026-05-21 08:02:01 [WARNING ] crawl_pipeline | 
[Pipeline] SIGINT received — finishing current posts then exiting...
2026-05-21 08:02:01 [WARNING ] crawl_pipeline.comments | Rate-limited (429). Waiting 4s (attempt 2/5)
2026-05-21 08:02:01 [WARNING ] crawl_pipeline | 
[Pipeline] SIGINT received — finishing current posts then exiting...
2026-05-21 08:02:01 [WARNING ] crawl_pipeline | 
[Pipeline] SIGINT received — finishing current posts then exiting...
2026-05-21 08:02:01 [WARNING ] crawl_pipeline | 
[Pipeline] SIGINT received — finishing current posts then exiting...
2026-05-21 08:02:01 [WARNING ] crawl_pipeline | 
[Pipeline] SIGINT received — finishing current posts then exiting...
2026-05-21 08:02:01 [WARNING ] crawl_pipeline | 
[Pipeline] SIGINT received — finishing current posts then exiting...
2026-05-21 08:02:01 [WARNING ] crawl_pipeline | 
[Pipeline] SIGINT received — finishing current posts then exiting...
2026-05-21 08:02:02 [WARNING ] crawl_pipeline | 
[Pipeline] SIGINT received — finishing current posts then exiting...
2026-05-21 08:02:02 [WARNING ] crawl_pipeline | 
[Pipeline] SIGINT received — finishing current posts then exiting...
2026-05-21 08:02:02 [WARNING ] crawl_pipeline | 
[Pipeline] SIGINT received — finishing current posts then exiting...
2026-05-21 08:02:02 [WARNING ] crawl_pipeline | 
[Pipeline] SIGINT received — finishing current posts then exiting...
2026-05-21 08:02:02 [WARNING ] crawl_pipeline | 
[Pipeline] SIGINT received — finishing current posts then exiting...
2026-05-21 08:02:02 [WARNING ] crawl_pipeline | 
[Pipeline] SIGINT received — finishing current posts then exiting...
2026-05-21 08:02:02 [WARNING ] crawl_pipeline | 
[Pipeline] SIGINT received — finishing current posts then exiting...
2026-05-21 08:02:02 [WARNING ] crawl_pipeline | 
[Pipeline] SIGINT received — finishing current posts then exiting...
2026-05-21 08:02:02 [WARNING ] crawl_pipeline | 
[Pipeline] SIGINT received — finishing current posts then exiting...
2026-05-21 08:02:02 [WARNING ] crawl_pipeline | 
[Pipeline] SIGINT received — finishing current posts then exiting...
2026-05-21 08:02:02 [WARNING ] crawl_pipeline | 
[Pipeline] SIGINT received — finishing current posts then exiting...
2026-05-21 08:02:02 [WARNING ] crawl_pipeline | 
[Pipeline] SIGINT received — finishing current posts then exiting...
2026-05-21 08:02:02 [WARNING ] crawl_pipeline | 
[Pipeline] SIGINT received — finishing current posts then exiting...
2026-05-21 08:02:02 [WARNING ] crawl_pipeline | 
[Pipeline] SIGINT received — finishing current posts then exiting...
2026-05-21 08:02:02 [WARNING ] crawl_pipeline | 
[Pipeline] SIGINT received — finishing current posts then exiting...
2026-05-21 08:02:02 [WARNING ] crawl_pipeline | 
[Pipeline] SIGINT received — finishing current posts then exiting...
2026-05-21 08:02:02 [WARNING ] crawl_pipeline | 
[Pipeline] SIGINT received — finishing current posts then exiting...
2026-05-21 08:02:02 [WARNING ] crawl_pipeline | 
[Pipeline] SIGINT received — finishing current posts then exiting...
2026-05-21 08:02:02 [WARNING ] crawl_pipeline | 
[Pipeline] SIGINT received — finishing current posts then exiting...
2026-05-21 08:02:02 [WARNING ] crawl_pipeline | 
[Pipeline] SIGINT received — finishing current posts then exiting...
2026-05-21 08:02:02 [WARNING ] crawl_pipeline | 
[Pipeline] SIGINT received — finishing current posts then exiting...
2026-05-21 08:02:02 [WARNING ] crawl_pipeline | 
[Pipeline] SIGINT received — finishing current posts then exiting...
2026-05-21 08:02:02 [WARNING ] crawl_pipeline | 
[Pipeline] SIGINT received — finishing current posts then exiting...
2026-05-21 08:02:02 [WARNING ] crawl_pipeline | 
[Pipeline] SIGINT received — finishing current posts then exiting...
2026-05-21 08:02:02 [WARNING ] crawl_pipeline | 
[Pipeline] SIGINT received — finishing current posts then exiting...
2026-05-21 08:02:02 [WARNING ] crawl_pipeline | 
[Pipeline] SIGINT received — finishing current posts then exiting...
2026-05-21 08:02:02 [WARNING ] crawl_pipeline | 
[Pipeline] SIGINT received — finishing current posts then exiting...
2026-05-21 08:02:02 [WARNING ] crawl_pipeline | 
[Pipeline] SIGINT received — finishing current posts then exiting...
2026-05-21 08:02:02 [WARNING ] crawl_pipeline | 
[Pipeline] SIGINT received — finishing current posts then exiting...
2026-05-21 08:02:02 [WARNING ] crawl_pipeline | 
[Pipeline] SIGINT received — finishing current posts then exiting...
2026-05-21 08:02:03 [WARNING ] crawl_pipeline | 
[Pipeline] SIGINT received — finishing current posts then exiting...
2026-05-21 08:02:03 [WARNING ] crawl_pipeline | 
[Pipeline] SIGINT received — finishing current posts then exiting...
2026-05-21 08:02:03 [WARNING ] crawl_pipeline | 
[Pipeline] SIGINT received — finishing current posts then exiting...
2026-05-21 08:02:03 [WARNING ] crawl_pipeline | 
[Pipeline] SIGINT received — finishing current posts then exiting...
2026-05-21 08:02:03 [WARNING ] crawl_pipeline | 
[Pipeline] SIGINT received — finishing current posts then exiting...
2026-05-21 08:02:03 [WARNING ] crawl_pipeline | 
[Pipeline] SIGINT received — finishing current posts then exiting...
2026-05-21 08:02:03 [WARNING ] crawl_pipeline | 
[Pipeline] SIGINT received — finishing current posts then exiting...
2026-05-21 08:02:03 [WARNING ] crawl_pipeline | 
[Pipeline] SIGINT received — finishing current posts then exiting...
2026-05-21 08:02:03 [WARNING ] crawl_pipeline | 
[Pipeline] SIGINT received — finishing current posts then exiting...
2026-05-21 08:02:03 [WARNING ] crawl_pipeline | 
[Pipeline] SIGINT received — finishing current posts then exiting...
2026-05-21 08:02:03 [WARNING ] crawl_pipeline | 
[Pipeline] SIGINT received — finishing current posts then exiting...
2026-05-21 08:02:03 [WARNING ] crawl_pipeline | 
[Pipeline] SIGINT received — finishing current posts then exiting...
2026-05-21 08:02:03 [WARNING ] crawl_pipeline | 
[Pipeline] SIGINT received — finishing current posts then exiting...
2026-05-21 08:02:03 [WARNING ] crawl_pipeline | 
[Pipeline] SIGINT received — finishing current posts then exiting...
2026-05-21 08:02:03 [WARNING ] crawl_pipeline | 
[Pipeline] SIGINT received — finishing current posts then exiting...
2026-05-21 08:02:03 [WARNING ] crawl_pipeline | 
[Pipeline] SIGINT received — finishing current posts then exiting...
2026-05-21 08:02:03 [WARNING ] crawl_pipeline | 
[Pipeline] SIGINT received — finishing current posts then exiting...
2026-05-21 08:02:03 [WARNING ] crawl_pipeline | 
[Pipeline] SIGINT received — finishing current posts then exiting...
2026-05-21 08:02:03 [WARNING ] crawl_pipeline | 
[Pipeline] SIGINT received — finishing current posts then exiting...
2026-05-21 08:02:03 [WARNING ] crawl_pipeline | 
[Pipeline] SIGINT received — finishing current posts then exiting...
2026-05-21 08:02:03 [WARNING ] crawl_pipeline | 
[Pipeline] SIGINT received — finishing current posts then exiting...
2026-05-21 08:02:03 [WARNING ] crawl_pipeline | 
[Pipeline] SIGINT received — finishing current posts then exiting...
2026-05-21 08:02:03 [WARNING ] crawl_pipeline | 
[Pipeline] SIGINT received — finishing current posts then exiting...
2026-05-21 08:02:03 [WARNING ] crawl_pipeline | 
[Pipeline] SIGINT received — finishing current posts then exiting...
2026-05-21 08:02:03 [WARNING ] crawl_pipeline.comments | Rate-limited (429). Waiting 6s (attempt 3/5)
2026-05-21 08:02:03 [WARNING ] crawl_pipeline | 
[Pipeline] SIGINT received — finishing current posts then exiting...
2026-05-21 08:02:03 [WARNING ] crawl_pipeline | 
[Pipeline] SIGINT received — finishing current posts then exiting...
2026-05-21 08:02:03 [WARNING ] crawl_pipeline | 
[Pipeline] SIGINT received — finishing current posts then exiting...
2026-05-21 08:02:03 [WARNING ] crawl_pipeline | 
[Pipeline] SIGINT received — finishing current posts then exiting...
2026-05-21 08:02:03 [WARNING ] crawl_pipeline | 
[Pipeline] SIGINT received — finishing current posts then exiting...
2026-05-21 08:02:03 [WARNING ] crawl_pipeline | 
[Pipeline] SIGINT received — finishing current posts then exiting...
2026-05-21 08:02:04 [WARNING ] crawl_pipeline.comments | Rate-limited (429). Waiting 6s (attempt 3/5)
2026-05-21 08:02:04 [WARNING ] crawl_pipeline.comments | Rate-limited (429). Waiting 6s (attempt 3/5)
2026-05-21 08:02:05 [WARNING ] crawl_pipeline.comments | Rate-limited (429). Waiting 6s (attempt 3/5)
2026-05-21 08:02:06 [WARNING ] crawl_pipeline.comments | Rate-limited (429). Waiting 6s (attempt 3/5)
2026-05-21 08:02:07 [WARNING ] crawl_pipeline | 
[Pipeline] SIGINT received — finishing current posts then exiting...
2026-05-21 08:02:07 [WARNING ] crawl_pipeline | 
[Pipeline] SIGINT received — finishing current posts then exiting...
2026-05-21 08:02:07 [WARNING ] crawl_pipeline | 
[Pipeline] SIGINT received — finishing current posts then exiting...
2026-05-21 08:02:07 [WARNING ] crawl_pipeline | 
[Pipeline] SIGINT received — finishing current posts then exiting...
2026-05-21 08:02:07 [WARNING ] crawl_pipeline | 
[Pipeline] SIGINT received — finishing current posts then exiting...
2026-05-21 08:02:07 [WARNING ] crawl_pipeline | 
[Pipeline] SIGINT received — finishing current posts then exiting...
2026-05-21 08:02:08 [WARNING ] crawl_pipeline | 
[Pipeline] SIGINT received — finishing current posts then exiting...
2026-05-21 08:02:08 [WARNING ] crawl_pipeline | 
[Pipeline] SIGINT received — finishing current posts then exiting...
2026-05-21 08:02:08 [WARNING ] crawl_pipeline | 
[Pipeline] SIGINT received — finishing current posts then exiting...
2026-05-21 08:02:08 [WARNING ] crawl_pipeline | 
[Pipeline] SIGINT received — finishing current posts then exiting...
2026-05-21 08:02:08 [WARNING ] crawl_pipeline | 
[Pipeline] SIGINT received — finishing current posts then exiting...
2026-05-21 08:02:08 [WARNING ] crawl_pipeline | 
[Pipeline] SIGINT received — finishing current posts then exiting...
2026-05-21 08:02:09 [WARNING ] crawl_pipeline | 
[Pipeline] SIGINT received — finishing current posts then exiting...
2026-05-21 08:02:09 [WARNING ] crawl_pipeline | 
[Pipeline] SIGINT received — finishing current posts then exiting...
2026-05-21 08:02:09 [WARNING ] crawl_pipeline | 
[Pipeline] SIGINT received — finishing current posts then exiting...
2026-05-21 08:02:09 [WARNING ] crawl_pipeline | 
[Pipeline] SIGINT received — finishing current posts then exiting...
2026-05-21 08:02:09 [WARNING ] crawl_pipeline | 
[Pipeline] SIGINT received — finishing current posts then exiting...
2026-05-21 08:02:09 [WARNING ] crawl_pipeline | 
[Pipeline] SIGINT received — finishing current posts then exiting...
2026-05-21 08:02:09 [WARNING ] crawl_pipeline | 
[Pipeline] SIGINT received — finishing current posts then exiting...
2026-05-21 08:02:09 [WARNING ] crawl_pipeline | 
[Pipeline] SIGINT received — finishing current posts then exiting...
2026-05-21 08:02:09 [WARNING ] crawl_pipeline | 
[Pipeline] SIGINT received — finishing current posts then exiting...
2026-05-21 08:02:09 [WARNING ] crawl_pipeline | 
[Pipeline] SIGINT received — finishing current posts then exiting...
2026-05-21 08:02:09 [WARNING ] crawl_pipeline | 
[Pipeline] SIGINT received — finishing current posts then exiting...
2026-05-21 08:02:09 [WARNING ] crawl_pipeline | 
[Pipeline] SIGINT received — finishing current posts then exiting...
2026-05-21 08:02:09 [WARNING ] crawl_pipeline | 
[Pipeline] SIGINT received — finishing current posts then exiting...
2026-05-21 08:02:09 [WARNING ] crawl_pipeline | 
[Pipeline] SIGINT received — finishing current posts then exiting...
2026-05-21 08:02:09 [WARNING ] crawl_pipeline | 
[Pipeline] SIGINT received — finishing current posts then exiting...
2026-05-21 08:02:09 [WARNING ] crawl_pipeline | 
[Pipeline] SIGINT received — finishing current posts then exiting...
2026-05-21 08:02:09 [WARNING ] crawl_pipeline | 
[Pipeline] SIGINT received — finishing current posts then exiting...
2026-05-21 08:02:09 [WARNING ] crawl_pipeline | 
[Pipeline] SIGINT received — finishing current posts then exiting...
2026-05-21 08:02:10 [WARNING ] crawl_pipeline.comments | Rate-limited (429). Waiting 8s (attempt 4/5)
2026-05-21 08:02:10 [WARNING ] crawl_pipeline | 
[Pipeline] SIGINT received — finishing current posts then exiting...
2026-05-21 08:02:10 [WARNING ] crawl_pipeline | 
[Pipeline] SIGINT received — finishing current posts then exiting...
2026-05-21 08:02:10 [WARNING ] crawl_pipeline | 
[Pipeline] SIGINT received — finishing current posts then exiting...
2026-05-21 08:02:10 [WARNING ] crawl_pipeline | 
[Pipeline] SIGINT received — finishing current posts then exiting...
2026-05-21 08:02:10 [WARNING ] crawl_pipeline | 
[Pipeline] SIGINT received — finishing current posts then exiting...
2026-05-21 08:02:10 [WARNING ] crawl_pipeline | 
[Pipeline] SIGINT received — finishing current posts then exiting...
2026-05-21 08:02:10 [WARNING ] crawl_pipeline.comments | Rate-limited (429). Waiting 8s (attempt 4/5)
2026-05-21 08:02:10 [WARNING ] crawl_pipeline | 
[Pipeline] SIGINT received — finishing current posts then exiting...
2026-05-21 08:02:10 [WARNING ] crawl_pipeline | 
[Pipeline] SIGINT received — finishing current posts then exiting...
2026-05-21 08:02:10 [WARNING ] crawl_pipeline | 
[Pipeline] SIGINT received — finishing current posts then exiting...
2026-05-21 08:02:10 [WARNING ] crawl_pipeline | 
[Pipeline] SIGINT received — finishing current posts then exiting...
2026-05-21 08:02:10 [WARNING ] crawl_pipeline | 
[Pipeline] SIGINT received — finishing current posts then exiting...
2026-05-21 08:02:10 [WARNING ] crawl_pipeline | 
[Pipeline] SIGINT received — finishing current posts then exiting...
2026-05-21 08:02:11 [WARNING ] crawl_pipeline | 
[Pipeline] SIGINT received — finishing current posts then exiting...
2026-05-21 08:02:11 [WARNING ] crawl_pipeline | 
[Pipeline] SIGINT received — finishing current posts then exiting...
2026-05-21 08:02:11 [WARNING ] crawl_pipeline | 
[Pipeline] SIGINT received — finishing current posts then exiting...
2026-05-21 08:02:11 [WARNING ] crawl_pipeline | 
[Pipeline] SIGINT received — finishing current posts then exiting...
2026-05-21 08:02:11 [WARNING ] crawl_pipeline | 
[Pipeline] SIGINT received — finishing current posts then exiting...
2026-05-21 08:02:11 [WARNING ] crawl_pipeline | 
[Pipeline] SIGINT received — finishing current posts then exiting...
2026-05-21 08:02:11 [WARNING ] crawl_pipeline.comments | Rate-limited (429). Waiting 8s (attempt 4/5)
2026-05-21 08:02:11 [WARNING ] crawl_pipeline | 
[Pipeline] SIGINT received — finishing current posts then exiting...
2026-05-21 08:02:11 [WARNING ] crawl_pipeline | 
[Pipeline] SIGINT received — finishing current posts then exiting...
2026-05-21 08:02:11 [WARNING ] crawl_pipeline | 
[Pipeline] SIGINT received — finishing current posts then exiting...
2026-05-21 08:02:11 [WARNING ] crawl_pipeline | 
[Pipeline] SIGINT received — finishing current posts then exiting...
2026-05-21 08:02:11 [WARNING ] crawl_pipeline | 
[Pipeline] SIGINT received — finishing current posts then exiting...
2026-05-21 08:02:11 [WARNING ] crawl_pipeline | 
[Pipeline] SIGINT received — finishing current posts then exiting...
2026-05-21 08:02:11 [WARNING ] crawl_pipeline.comments | Rate-limited (429). Waiting 8s (attempt 4/5)
2026-05-21 08:02:12 [WARNING ] crawl_pipeline | 
[Pipeline] SIGINT received — finishing current posts then exiting...
2026-05-21 08:02:12 [WARNING ] crawl_pipeline | 
[Pipeline] SIGINT received — finishing current posts then exiting...
2026-05-21 08:02:12 [WARNING ] crawl_pipeline | 
[Pipeline] SIGINT received — finishing current posts then exiting...
2026-05-21 08:02:12 [WARNING ] crawl_pipeline | 
[Pipeline] SIGINT received — finishing current posts then exiting...
2026-05-21 08:02:12 [WARNING ] crawl_pipeline | 
[Pipeline] SIGINT received — finishing current posts then exiting...
2026-05-21 08:02:12 [WARNING ] crawl_pipeline | 
[Pipeline] SIGINT received — finishing current posts then exiting...
2026-05-21 08:02:12 [WARNING ] crawl_pipeline.comments | Rate-limited (429). Waiting 8s (attempt 4/5)
2026-05-21 08:02:12 [WARNING ] crawl_pipeline | 
[Pipeline] SIGINT received — finishing current posts then exiting...
2026-05-21 08:02:12 [WARNING ] crawl_pipeline | 
[Pipeline] SIGINT received — finishing current posts then exiting...
2026-05-21 08:02:12 [WARNING ] crawl_pipeline | 
[Pipeline] SIGINT received — finishing current posts then exiting...
2026-05-21 08:02:12 [WARNING ] crawl_pipeline | 
[Pipeline] SIGINT received — finishing current posts then exiting...
2026-05-21 08:02:12 [WARNING ] crawl_pipeline | 
[Pipeline] SIGINT received — finishing current posts then exiting...
2026-05-21 08:02:12 [WARNING ] crawl_pipeline | 
[Pipeline] SIGINT received — finishing current posts then exiting...
2026-05-21 08:02:12 [WARNING ] crawl_pipeline | 
[Pipeline] SIGINT received — finishing current posts then exiting...
2026-05-21 08:02:12 [WARNING ] crawl_pipeline | 
[Pipeline] SIGINT received — finishing current posts then exiting...
2026-05-21 08:02:12 [WARNING ] crawl_pipeline | 
[Pipeline] SIGINT received — finishing current posts then exiting...
2026-05-21 08:02:12 [WARNING ] crawl_pipeline | 
[Pipeline] SIGINT received — finishing current posts then exiting...
2026-05-21 08:02:12 [WARNING ] crawl_pipeline | 
[Pipeline] SIGINT received — finishing current posts then exiting...
2026-05-21 08:02:12 [WARNING ] crawl_pipeline | 
[Pipeline] SIGINT received — finishing current posts then exiting...
2026-05-21 08:02:12 [WARNING ] crawl_pipeline | 
[Pipeline] SIGINT received — finishing current posts then exiting...
2026-05-21 08:02:12 [WARNING ] crawl_pipeline | 
[Pipeline] SIGINT received — finishing current posts then exiting...
2026-05-21 08:02:12 [WARNING ] crawl_pipeline | 
[Pipeline] SIGINT received — finishing current posts then exiting...
2026-05-21 08:02:12 [WARNING ] crawl_pipeline | 
[Pipeline] SIGINT received — finishing current posts then exiting...
2026-05-21 08:02:12 [WARNING ] crawl_pipeline | 
[Pipeline] SIGINT received — finishing current posts then exiting...
2026-05-21 08:02:12 [WARNING ] crawl_pipeline | 
[Pipeline] SIGINT received — finishing current posts then exiting...
2026-05-21 08:02:18 [WARNING ] crawl_pipeline.comments | Rate-limited (429). Waiting 10s (attempt 5/5)
2026-05-21 08:02:18 [WARNING ] crawl_pipeline.comments | Rate-limited (429). Waiting 10s (attempt 5/5)
2026-05-21 08:02:19 [WARNING ] crawl_pipeline.comments | Rate-limited (429). Waiting 10s (attempt 5/5)
2026-05-21 08:02:20 [WARNING ] crawl_pipeline.comments | Rate-limited (429). Waiting 10s (attempt 5/5)
2026-05-21 08:02:20 [WARNING ] crawl_pipeline.comments | Rate-limited (429). Waiting 10s (attempt 5/5)
2026-05-21 08:02:22 [WARNING ] crawl_pipeline | 
[Pipeline] SIGINT received — finishing current posts then exiting...
2026-05-21 08:02:22 [WARNING ] crawl_pipeline | 
[Pipeline] SIGINT received — finishing current posts then exiting...
2026-05-21 08:02:22 [WARNING ] crawl_pipeline | 
[Pipeline] SIGINT received — finishing current posts then exiting...
2026-05-21 08:02:22 [WARNING ] crawl_pipeline | 
[Pipeline] SIGINT received — finishing current posts then exiting...
2026-05-21 08:02:22 [WARNING ] crawl_pipeline | 
[Pipeline] SIGINT received — finishing current posts then exiting...
2026-05-21 08:02:22 [WARNING ] crawl_pipeline | 
[Pipeline] SIGINT received — finishing current posts then exiting...
2026-05-21 08:02:28 [ERROR   ] crawl_pipeline.comments | Could not fetch comments for post 1ti5c9z: Failed after 5 retries: https://www.reddit.com/r/kulineria/comments/1ti5c9z.json
2026-05-21 08:02:28 [ERROR   ] crawl_pipeline.worker-4 | [Worker 4] 1ti5c9z failed: Failed after 5 retries: https://www.reddit.com/r/kulineria/comments/1ti5c9z.json
2026-05-21 08:02:28 [ERROR   ] crawl_pipeline.comments | Could not fetch comments for post 1ti906j: Failed after 5 retries: https://www.reddit.com/r/AdaIndonesiaCoy/comments/1ti906j.json
2026-05-21 08:02:28 [ERROR   ] crawl_pipeline.worker-2 | [Worker 2] 1ti906j failed: Failed after 5 retries: https://www.reddit.com/r/AdaIndonesiaCoy/comments/1ti906j.json
2026-05-21 08:02:29 [ERROR   ] crawl_pipeline.comments | Could not fetch comments for post 1tiiljn: Failed after 5 retries: https://www.reddit.com/r/indonesiabebas/comments/1tiiljn.json
2026-05-21 08:02:29 [ERROR   ] crawl_pipeline.worker-3 | [Worker 3] 1tiiljn failed: Failed after 5 retries: https://www.reddit.com/r/indonesiabebas/comments/1tiiljn.json
2026-05-21 08:02:30 [ERROR   ] crawl_pipeline.comments | Could not fetch comments for post 1tila69: Failed after 5 retries: https://www.reddit.com/r/indonesia/comments/1tila69.json
2026-05-21 08:02:30 [ERROR   ] crawl_pipeline.worker-1 | [Worker 1] 1tila69 failed: Failed after 5 retries: https://www.reddit.com/r/indonesia/comments/1tila69.json
2026-05-21 08:02:30 [INFO    ] crawl_pipeline |   Re-enqueued pending post: 1thuq3a
2026-05-21 08:02:30 [INFO    ] crawl_pipeline.worker-4 | [Worker 4] Processing 1ti838n (AdaIndonesiaCoy) — "..."
2026-05-21 08:02:30 [WARNING ] crawl_pipeline.comments | Rate-limited (429). Waiting 2s (attempt 1/5)
2026-05-21 08:02:30 [ERROR   ] crawl_pipeline.comments | Could not fetch comments for post 1tilkir: Failed after 5 retries: https://www.reddit.com/r/indonesiabebas/comments/1tilkir.json
2026-05-21 08:02:30 [ERROR   ] crawl_pipeline.worker-0 | [Worker 0] 1tilkir failed: Failed after 5 retries: https://www.reddit.com/r/indonesiabebas/comments/1tilkir.json
2026-05-21 08:02:30 [INFO    ] crawl_pipeline.worker-2 | [Worker 2] Processing 1qf7pub (aku_ddn) — "..."
2026-05-21 08:02:30 [INFO    ] crawl_pipeline |   Re-enqueued pending post: 1thm3a8
2026-05-21 08:02:30 [WARNING ] crawl_pipeline.comments | Rate-limited (429). Waiting 2s (attempt 1/5)
2026-05-21 08:02:31 [INFO    ] crawl_pipeline.worker-3 | [Worker 3] Processing 1ti7fkp (indonesiabebas) — "..."
2026-05-21 08:02:31 [INFO    ] crawl_pipeline |   Re-enqueued pending post: 1thibar
2026-05-21 08:02:31 [WARNING ] crawl_pipeline.comments | Rate-limited (429). Waiting 2s (attempt 1/5)
2026-05-21 08:02:32 [INFO    ] crawl_pipeline.worker-1 | [Worker 1] Processing 1tidzi1 (BaliTravelTips) — "..."
2026-05-21 08:02:32 [INFO    ] crawl_pipeline |   Re-enqueued pending post: 1ti18k9
2026-05-21 08:02:32 [WARNING ] crawl_pipeline.comments | Rate-limited (429). Waiting 2s (attempt 1/5)
2026-05-21 08:02:32 [INFO    ] crawl_pipeline |   Re-enqueued pending post: 1ti4vbg
2026-05-21 08:02:32 [INFO    ] crawl_pipeline.worker-0 | [Worker 0] Processing 1tirt9a (indotech) — "..."
2026-05-21 08:02:32 [WARNING ] crawl_pipeline.comments | Rate-limited (429). Waiting 4s (attempt 2/5)
2026-05-21 08:02:32 [WARNING ] crawl_pipeline.comments | Rate-limited (429). Waiting 2s (attempt 1/5)
2026-05-21 08:02:32 [WARNING ] crawl_pipeline.comments | Rate-limited (429). Waiting 4s (attempt 2/5)
2026-05-21 08:02:33 [WARNING ] crawl_pipeline.comments | Rate-limited (429). Waiting 4s (attempt 2/5)
2026-05-21 08:02:34 [WARNING ] crawl_pipeline.comments | Rate-limited (429). Waiting 4s (attempt 2/5)
2026-05-21 08:02:34 [WARNING ] crawl_pipeline.comments | Rate-limited (429). Waiting 4s (attempt 2/5)
2026-05-21 08:02:36 [WARNING ] crawl_pipeline.comments | Rate-limited (429). Waiting 6s (attempt 3/5)
2026-05-21 08:02:37 [WARNING ] crawl_pipeline.comments | Rate-limited (429). Waiting 6s (attempt 3/5)
2026-05-21 08:02:37 [WARNING ] crawl_pipeline.comments | Rate-limited (429). Waiting 6s (attempt 3/5)
2026-05-21 08:02:38 [WARNING ] crawl_pipeline | 
[Pipeline] SIGINT received — finishing current posts then exiting...
2026-05-21 08:02:38 [WARNING ] crawl_pipeline | 
[Pipeline] SIGINT received — finishing current posts then exiting...
2026-05-21 08:02:38 [WARNING ] crawl_pipeline | 
[Pipeline] SIGINT received — finishing current posts then exiting...
2026-05-21 08:02:38 [WARNING ] crawl_pipeline | 
[Pipeline] SIGINT received — finishing current posts then exiting...
2026-05-21 08:02:38 [WARNING ] crawl_pipeline | 
[Pipeline] SIGINT received — finishing current posts then exiting...
2026-05-21 08:02:38 [WARNING ] crawl_pipeline | 
[Pipeline] SIGINT received — finishing current posts then exiting...
2026-05-21 08:02:38 [WARNING ] crawl_pipeline.comments | Rate-limited (429). Waiting 6s (attempt 3/5)
2026-05-21 08:02:39 [WARNING ] crawl_pipeline.comments | Rate-limited (429). Waiting 6s (attempt 3/5)
2026-05-21 08:02:39 [WARNING ] crawl_pipeline | 
[Pipeline] SIGINT received — finishing current posts then exiting...
2026-05-21 08:02:39 [WARNING ] crawl_pipeline | 
[Pipeline] SIGINT received — finishing current posts then exiting...
2026-05-21 08:02:39 [WARNING ] crawl_pipeline | 
[Pipeline] SIGINT received — finishing current posts then exiting...
2026-05-21 08:02:39 [WARNING ] crawl_pipeline | 
[Pipeline] SIGINT received — finishing current posts then exiting...
2026-05-21 08:02:39 [WARNING ] crawl_pipeline | 
[Pipeline] SIGINT received — finishing current posts then exiting...
2026-05-21 08:02:39 [WARNING ] crawl_pipeline | 
[Pipeline] SIGINT received — finishing current posts then exiting...
2026-05-21 08:02:39 [WARNING ] crawl_pipeline | 
[Pipeline] SIGINT received — finishing current posts then exiting...
2026-05-21 08:02:39 [WARNING ] crawl_pipeline | 
[Pipeline] SIGINT received — finishing current posts then exiting...
2026-05-21 08:02:39 [WARNING ] crawl_pipeline | 
[Pipeline] SIGINT received — finishing current posts then exiting...
2026-05-21 08:02:39 [WARNING ] crawl_pipeline | 
[Pipeline] SIGINT received — finishing current posts then exiting...
2026-05-21 08:02:39 [WARNING ] crawl_pipeline | 
[Pipeline] SIGINT received — finishing current posts then exiting...
2026-05-21 08:02:39 [WARNING ] crawl_pipeline | 
[Pipeline] SIGINT received — finishing current posts then exiting...
2026-05-21 08:02:40 [WARNING ] crawl_pipeline | 
[Pipeline] SIGINT received — finishing current posts then exiting...
2026-05-21 08:02:40 [WARNING ] crawl_pipeline | 
[Pipeline] SIGINT received — finishing current posts then exiting...
2026-05-21 08:02:40 [WARNING ] crawl_pipeline | 
[Pipeline] SIGINT received — finishing current posts then exiting...
2026-05-21 08:02:40 [WARNING ] crawl_pipeline | 
[Pipeline] SIGINT received — finishing current posts then exiting...
2026-05-21 08:02:40 [WARNING ] crawl_pipeline | 
[Pipeline] SIGINT received — finishing current posts then exiting...
2026-05-21 08:02:40 [WARNING ] crawl_pipeline | 
[Pipeline] SIGINT received — finishing current posts then exiting...
2026-05-21 08:02:40 [WARNING ] crawl_pipeline | 
[Pipeline] SIGINT received — finishing current posts then exiting...
2026-05-21 08:02:40 [WARNING ] crawl_pipeline | 
[Pipeline] SIGINT received — finishing current posts then exiting...
2026-05-21 08:02:40 [WARNING ] crawl_pipeline | 
[Pipeline] SIGINT received — finishing current posts then exiting...
2026-05-21 08:02:40 [WARNING ] crawl_pipeline | 
[Pipeline] SIGINT received — finishing current posts then exiting...
2026-05-21 08:02:40 [WARNING ] crawl_pipeline | 
[Pipeline] SIGINT received — finishing current posts then exiting...
2026-05-21 08:02:40 [WARNING ] crawl_pipeline | 
[Pipeline] SIGINT received — finishing current posts then exiting...
2026-05-21 08:02:41 [WARNING ] crawl_pipeline | 
[Pipeline] SIGINT received — finishing current posts then exiting...
2026-05-21 08:02:41 [WARNING ] crawl_pipeline | 
[Pipeline] SIGINT received — finishing current posts then exiting...
2026-05-21 08:02:41 [WARNING ] crawl_pipeline | 
[Pipeline] SIGINT received — finishing current posts then exiting...
2026-05-21 08:02:41 [WARNING ] crawl_pipeline | 
[Pipeline] SIGINT received — finishing current posts then exiting...
2026-05-21 08:02:41 [WARNING ] crawl_pipeline | 
[Pipeline] SIGINT received — finishing current posts then exiting...
2026-05-21 08:02:41 [WARNING ] crawl_pipeline | 
[Pipeline] SIGINT received — finishing current posts then exiting...
2026-05-21 08:02:41 [WARNING ] crawl_pipeline | 
[Pipeline] SIGINT received — finishing current posts then exiting...
2026-05-21 08:02:41 [WARNING ] crawl_pipeline | 
[Pipeline] SIGINT received — finishing current posts then exiting...
2026-05-21 08:02:41 [WARNING ] crawl_pipeline | 
[Pipeline] SIGINT received — finishing current posts then exiting...
2026-05-21 08:02:41 [WARNING ] crawl_pipeline | 
[Pipeline] SIGINT received — finishing current posts then exiting...
2026-05-21 08:02:41 [WARNING ] crawl_pipeline | 
[Pipeline] SIGINT received — finishing current posts then exiting...
2026-05-21 08:02:41 [WARNING ] crawl_pipeline | 
[Pipeline] SIGINT received — finishing current posts then exiting...
2026-05-21 08:02:41 [WARNING ] crawl_pipeline | 
[Pipeline] SIGINT received — finishing current posts then exiting...
2026-05-21 08:02:41 [WARNING ] crawl_pipeline | 
[Pipeline] SIGINT received — finishing current posts then exiting...
2026-05-21 08:02:41 [WARNING ] crawl_pipeline | 
[Pipeline] SIGINT received — finishing current posts then exiting...
2026-05-21 08:02:41 [WARNING ] crawl_pipeline | 
[Pipeline] SIGINT received — finishing current posts then exiting...
2026-05-21 08:02:41 [WARNING ] crawl_pipeline | 
[Pipeline] SIGINT received — finishing current posts then exiting...
2026-05-21 08:02:41 [WARNING ] crawl_pipeline | 
[Pipeline] SIGINT received — finishing current posts then exiting...
2026-05-21 08:02:42 [WARNING ] crawl_pipeline | 
[Pipeline] SIGINT received — finishing current posts then exiting...
2026-05-21 08:02:42 [WARNING ] crawl_pipeline | 
[Pipeline] SIGINT received — finishing current posts then exiting...
2026-05-21 08:02:42 [WARNING ] crawl_pipeline | 
[Pipeline] SIGINT received — finishing current posts then exiting...
2026-05-21 08:02:42 [WARNING ] crawl_pipeline | 
[Pipeline] SIGINT received — finishing current posts then exiting...
2026-05-21 08:02:42 [WARNING ] crawl_pipeline | 
[Pipeline] SIGINT received — finishing current posts then exiting...
2026-05-21 08:02:42 [WARNING ] crawl_pipeline | 
[Pipeline] SIGINT received — finishing current posts then exiting...
2026-05-21 08:02:42 [WARNING ] crawl_pipeline | 
[Pipeline] SIGINT received — finishing current posts then exiting...
2026-05-21 08:02:42 [WARNING ] crawl_pipeline | 
[Pipeline] SIGINT received — finishing current posts then exiting...
2026-05-21 08:02:42 [WARNING ] crawl_pipeline | 
[Pipeline] SIGINT received — finishing current posts then exiting...
2026-05-21 08:02:42 [WARNING ] crawl_pipeline | 
[Pipeline] SIGINT received — finishing current posts then exiting...
2026-05-21 08:02:42 [WARNING ] crawl_pipeline | 
[Pipeline] SIGINT received — finishing current posts then exiting...
2026-05-21 08:02:42 [WARNING ] crawl_pipeline | 
[Pipeline] SIGINT received — finishing current posts then exiting...
2026-05-21 08:02:42 [WARNING ] crawl_pipeline | 
[Pipeline] SIGINT received — finishing current posts then exiting...
2026-05-21 08:02:42 [WARNING ] crawl_pipeline | 
[Pipeline] SIGINT received — finishing current posts then exiting...
2026-05-21 08:02:42 [WARNING ] crawl_pipeline | 
[Pipeline] SIGINT received — finishing current posts then exiting...
2026-05-21 08:02:42 [WARNING ] crawl_pipeline | 
[Pipeline] SIGINT received — finishing current posts then exiting...
2026-05-21 08:02:42 [WARNING ] crawl_pipeline | 
[Pipeline] SIGINT received — finishing current posts then exiting...
2026-05-21 08:02:42 [WARNING ] crawl_pipeline | 
[Pipeline] SIGINT received — finishing current posts then exiting...
2026-05-21 08:02:43 [WARNING ] crawl_pipeline.comments | Rate-limited (429). Waiting 8s (attempt 4/5)
2026-05-21 08:02:43 [WARNING ] crawl_pipeline.comments | Rate-limited (429). Waiting 8s (attempt 4/5)
2026-05-21 08:02:44 [WARNING ] crawl_pipeline.comments | Rate-limited (429). Waiting 8s (attempt 4/5)
2026-05-21 08:02:44 [WARNING ] crawl_pipeline.comments | Rate-limited (429). Waiting 8s (attempt 4/5)
2026-05-21 08:02:45 [WARNING ] crawl_pipeline.comments | Rate-limited (429). Waiting 8s (attempt 4/5)
2026-05-21 08:02:46 [WARNING ] crawl_pipeline | 
[Pipeline] SIGINT received — finishing current posts then exiting...
2026-05-21 08:02:46 [WARNING ] crawl_pipeline | 
[Pipeline] SIGINT received — finishing current posts then exiting...
2026-05-21 08:02:46 [WARNING ] crawl_pipeline | 
[Pipeline] SIGINT received — finishing current posts then exiting...
2026-05-21 08:02:46 [WARNING ] crawl_pipeline | 
[Pipeline] SIGINT received — finishing current posts then exiting...
2026-05-21 08:02:46 [WARNING ] crawl_pipeline | 
[Pipeline] SIGINT received — finishing current posts then exiting...
2026-05-21 08:02:46 [WARNING ] crawl_pipeline | 
[Pipeline] SIGINT received — finishing current posts then exiting...
2026-05-21 08:02:47 [WARNING ] crawl_pipeline | 
[Pipeline] SIGINT received — finishing current posts then exiting...
2026-05-21 08:02:47 [WARNING ] crawl_pipeline | 
[Pipeline] SIGINT received — finishing current posts then exiting...
2026-05-21 08:02:47 [WARNING ] crawl_pipeline | 
[Pipeline] SIGINT received — finishing current posts then exiting...
2026-05-21 08:02:47 [WARNING ] crawl_pipeline | 
[Pipeline] SIGINT received — finishing current posts then exiting...
2026-05-21 08:02:47 [WARNING ] crawl_pipeline | 
[Pipeline] SIGINT received — finishing current posts then exiting...
2026-05-21 08:02:47 [WARNING ] crawl_pipeline | 
[Pipeline] SIGINT received — finishing current posts then exiting...
2026-05-21 08:02:47 [WARNING ] crawl_pipeline | 
[Pipeline] SIGINT received — finishing current posts then exiting...
2026-05-21 08:02:47 [WARNING ] crawl_pipeline | 
[Pipeline] SIGINT received — finishing current posts then exiting...
2026-05-21 08:02:47 [WARNING ] crawl_pipeline | 
[Pipeline] SIGINT received — finishing current posts then exiting...
2026-05-21 08:02:47 [WARNING ] crawl_pipeline | 
[Pipeline] SIGINT received — finishing current posts then exiting...
2026-05-21 08:02:47 [WARNING ] crawl_pipeline | 
[Pipeline] SIGINT received — finishing current posts then exiting...
2026-05-21 08:02:47 [WARNING ] crawl_pipeline | 
[Pipeline] SIGINT received — finishing current posts then exiting...
2026-05-21 08:02:47 [WARNING ] crawl_pipeline | 
[Pipeline] SIGINT received — finishing current posts then exiting...
2026-05-21 08:02:47 [WARNING ] crawl_pipeline | 
[Pipeline] SIGINT received — finishing current posts then exiting...
2026-05-21 08:02:47 [WARNING ] crawl_pipeline | 
[Pipeline] SIGINT received — finishing current posts then exiting...
2026-05-21 08:02:47 [WARNING ] crawl_pipeline | 
[Pipeline] SIGINT received — finishing current posts then exiting...
2026-05-21 08:02:47 [WARNING ] crawl_pipeline | 
[Pipeline] SIGINT received — finishing current posts then exiting...
2026-05-21 08:02:47 [WARNING ] crawl_pipeline | 
[Pipeline] SIGINT received — finishing current posts then exiting...
2026-05-21 08:02:47 [WARNING ] crawl_pipeline | 
[Pipeline] SIGINT received — finishing current posts then exiting...
2026-05-21 08:02:47 [WARNING ] crawl_pipeline | 
[Pipeline] SIGINT received — finishing current posts then exiting...
2026-05-21 08:02:47 [WARNING ] crawl_pipeline | 
[Pipeline] SIGINT received — finishing current posts then exiting...
2026-05-21 08:02:47 [WARNING ] crawl_pipeline | 
[Pipeline] SIGINT received — finishing current posts then exiting...
2026-05-21 08:02:47 [WARNING ] crawl_pipeline | 
[Pipeline] SIGINT received — finishing current posts then exiting...
2026-05-21 08:02:47 [WARNING ] crawl_pipeline | 
[Pipeline] SIGINT received — finishing current posts then exiting...
2026-05-21 08:02:48 [WARNING ] crawl_pipeline | 
[Pipeline] SIGINT received — finishing current posts then exiting...
2026-05-21 08:02:48 [WARNING ] crawl_pipeline | 
[Pipeline] SIGINT received — finishing current posts then exiting...
2026-05-21 08:02:48 [WARNING ] crawl_pipeline | 
[Pipeline] SIGINT received — finishing current posts then exiting...
2026-05-21 08:02:48 [WARNING ] crawl_pipeline | 
[Pipeline] SIGINT received — finishing current posts then exiting...
2026-05-21 08:02:48 [WARNING ] crawl_pipeline | 
[Pipeline] SIGINT received — finishing current posts then exiting...
2026-05-21 08:02:48 [WARNING ] crawl_pipeline | 
[Pipeline] SIGINT received — finishing current posts then exiting...
2026-05-21 08:02:48 [WARNING ] crawl_pipeline | 
[Pipeline] SIGINT received — finishing current posts then exiting...
2026-05-21 08:02:48 [WARNING ] crawl_pipeline | 
[Pipeline] SIGINT received — finishing current posts then exiting...
2026-05-21 08:02:48 [WARNING ] crawl_pipeline | 
[Pipeline] SIGINT received — finishing current posts then exiting...
2026-05-21 08:02:48 [WARNING ] crawl_pipeline | 
[Pipeline] SIGINT received — finishing current posts then exiting...
2026-05-21 08:02:48 [WARNING ] crawl_pipeline | 
[Pipeline] SIGINT received — finishing current posts then exiting...
2026-05-21 08:02:48 [WARNING ] crawl_pipeline | 
[Pipeline] SIGINT received — finishing current posts then exiting...
2026-05-21 08:02:48 [WARNING ] crawl_pipeline | 
[Pipeline] SIGINT received — finishing current posts then exiting...
2026-05-21 08:02:48 [WARNING ] crawl_pipeline | 
[Pipeline] SIGINT received — finishing current posts then exiting...
2026-05-21 08:02:48 [WARNING ] crawl_pipeline | 
[Pipeline] SIGINT received — finishing current posts then exiting...
2026-05-21 08:02:48 [WARNING ] crawl_pipeline | 
[Pipeline] SIGINT received — finishing current posts then exiting...
2026-05-21 08:02:48 [WARNING ] crawl_pipeline | 
[Pipeline] SIGINT received — finishing current posts then exiting...
2026-05-21 08:02:48 [WARNING ] crawl_pipeline | 
[Pipeline] SIGINT received — finishing current posts then exiting...
2026-05-21 08:02:48 [WARNING ] crawl_pipeline | 
[Pipeline] SIGINT received — finishing current posts then exiting...
2026-05-21 08:02:48 [WARNING ] crawl_pipeline | 
[Pipeline] SIGINT received — finishing current posts then exiting...
2026-05-21 08:02:48 [WARNING ] crawl_pipeline | 
[Pipeline] SIGINT received — finishing current posts then exiting...
2026-05-21 08:02:48 [WARNING ] crawl_pipeline | 
[Pipeline] SIGINT received — finishing current posts then exiting...
2026-05-21 08:02:48 [WARNING ] crawl_pipeline | 
[Pipeline] SIGINT received — finishing current posts then exiting...
2026-05-21 08:02:48 [WARNING ] crawl_pipeline | 
[Pipeline] SIGINT received — finishing current posts then exiting...
2026-05-21 08:02:48 [WARNING ] crawl_pipeline | 
[Pipeline] SIGINT received — finishing current posts then exiting...
2026-05-21 08:02:48 [WARNING ] crawl_pipeline | 
[Pipeline] SIGINT received — finishing current posts then exiting...
2026-05-21 08:02:48 [WARNING ] crawl_pipeline | 
[Pipeline] SIGINT received — finishing current posts then exiting...
2026-05-21 08:02:48 [WARNING ] crawl_pipeline | 
[Pipeline] SIGINT received — finishing current posts then exiting...
2026-05-21 08:02:48 [WARNING ] crawl_pipeline | 
[Pipeline] SIGINT received — finishing current posts then exiting...
2026-05-21 08:02:48 [WARNING ] crawl_pipeline | 
[Pipeline] SIGINT received — finishing current posts then exiting...
2026-05-21 08:02:49 [WARNING ] crawl_pipeline | 
[Pipeline] SIGINT received — finishing current posts then exiting...
2026-05-21 08:02:49 [WARNING ] crawl_pipeline | 
[Pipeline] SIGINT received — finishing current posts then exiting...
2026-05-21 08:02:49 [WARNING ] crawl_pipeline | 
[Pipeline] SIGINT received — finishing current posts then exiting...
2026-05-21 08:02:49 [WARNING ] crawl_pipeline | 
[Pipeline] SIGINT received — finishing current posts then exiting...
2026-05-21 08:02:49 [WARNING ] crawl_pipeline | 
[Pipeline] SIGINT received — finishing current posts then exiting...
2026-05-21 08:02:49 [WARNING ] crawl_pipeline | 
[Pipeline] SIGINT received — finishing current posts then exiting...
2026-05-21 08:02:49 [WARNING ] crawl_pipeline | 
[Pipeline] SIGINT received — finishing current posts then exiting...
2026-05-21 08:02:49 [WARNING ] crawl_pipeline | 
[Pipeline] SIGINT received — finishing current posts then exiting...
2026-05-21 08:02:49 [WARNING ] crawl_pipeline | 
[Pipeline] SIGINT received — finishing current posts then exiting...
2026-05-21 08:02:49 [WARNING ] crawl_pipeline | 
[Pipeline] SIGINT received — finishing current posts then exiting...
2026-05-21 08:02:49 [WARNING ] crawl_pipeline | 
[Pipeline] SIGINT received — finishing current posts then exiting...
2026-05-21 08:02:49 [WARNING ] crawl_pipeline | 
[Pipeline] SIGINT received — finishing current posts then exiting...
2026-05-21 08:02:49 [WARNING ] crawl_pipeline | 
[Pipeline] SIGINT received — finishing current posts then exiting...
2026-05-21 08:02:49 [WARNING ] crawl_pipeline | 
[Pipeline] SIGINT received — finishing current posts then exiting...
2026-05-21 08:02:49 [WARNING ] crawl_pipeline | 
[Pipeline] SIGINT received — finishing current posts then exiting...
2026-05-21 08:02:49 [WARNING ] crawl_pipeline | 
[Pipeline] SIGINT received — finishing current posts then exiting...
2026-05-21 08:02:49 [WARNING ] crawl_pipeline | 
[Pipeline] SIGINT received — finishing current posts then exiting...
2026-05-21 08:02:49 [WARNING ] crawl_pipeline | 
[Pipeline] SIGINT received — finishing current posts then exiting...
2026-05-21 08:02:49 [WARNING ] crawl_pipeline | 
[Pipeline] SIGINT received — finishing current posts then exiting...
2026-05-21 08:02:49 [WARNING ] crawl_pipeline | 
[Pipeline] SIGINT received — finishing current posts then exiting...
2026-05-21 08:02:49 [WARNING ] crawl_pipeline | 
[Pipeline] SIGINT received — finishing current posts then exiting...
2026-05-21 08:02:49 [WARNING ] crawl_pipeline | 
[Pipeline] SIGINT received — finishing current posts then exiting...
2026-05-21 08:02:49 [WARNING ] crawl_pipeline | 
[Pipeline] SIGINT received — finishing current posts then exiting...
2026-05-21 08:02:49 [WARNING ] crawl_pipeline | 
[Pipeline] SIGINT received — finishing current posts then exiting...
2026-05-21 08:02:50 [WARNING ] crawl_pipeline | 
[Pipeline] SIGINT received — finishing current posts then exiting...
2026-05-21 08:02:50 [WARNING ] crawl_pipeline | 
[Pipeline] SIGINT received — finishing current posts then exiting...
2026-05-21 08:02:50 [WARNING ] crawl_pipeline | 
[Pipeline] SIGINT received — finishing current posts then exiting...
2026-05-21 08:02:50 [WARNING ] crawl_pipeline | 
[Pipeline] SIGINT received — finishing current posts then exiting...
2026-05-21 08:02:50 [WARNING ] crawl_pipeline | 
[Pipeline] SIGINT received — finishing current posts then exiting...
2026-05-21 08:02:50 [WARNING ] crawl_pipeline | 
[Pipeline] SIGINT received — finishing current posts then exiting...
2026-05-21 08:02:50 [WARNING ] crawl_pipeline | 
[Pipeline] SIGINT received — finishing current posts then exiting...
2026-05-21 08:02:50 [WARNING ] crawl_pipeline | 
[Pipeline] SIGINT received — finishing current posts then exiting...
2026-05-21 08:02:50 [WARNING ] crawl_pipeline | 
[Pipeline] SIGINT received — finishing current posts then exiting...
2026-05-21 08:02:50 [WARNING ] crawl_pipeline | 
[Pipeline] SIGINT received — finishing current posts then exiting...
2026-05-21 08:02:50 [WARNING ] crawl_pipeline | 
[Pipeline] SIGINT received — finishing current posts then exiting...
2026-05-21 08:02:50 [WARNING ] crawl_pipeline | 
[Pipeline] SIGINT received — finishing current posts then exiting...
2026-05-21 08:02:50 [WARNING ] crawl_pipeline | 
[Pipeline] SIGINT received — finishing current posts then exiting...
2026-05-21 08:02:50 [WARNING ] crawl_pipeline | 
[Pipeline] SIGINT received — finishing current posts then exiting...
2026-05-21 08:02:50 [WARNING ] crawl_pipeline | 
[Pipeline] SIGINT received — finishing current posts then exiting...
2026-05-21 08:02:50 [WARNING ] crawl_pipeline | 
[Pipeline] SIGINT received — finishing current posts then exiting...
2026-05-21 08:02:50 [WARNING ] crawl_pipeline | 
[Pipeline] SIGINT received — finishing current posts then exiting...
2026-05-21 08:02:50 [WARNING ] crawl_pipeline | 
[Pipeline] SIGINT received — finishing current posts then exiting...
2026-05-21 08:02:50 [WARNING ] crawl_pipeline | 
[Pipeline] SIGINT received — finishing current posts then exiting...
2026-05-21 08:02:50 [WARNING ] crawl_pipeline | 
[Pipeline] SIGINT received — finishing current posts then exiting...
2026-05-21 08:02:50 [WARNING ] crawl_pipeline | 
[Pipeline] SIGINT received — finishing current posts then exiting...
2026-05-21 08:02:50 [WARNING ] crawl_pipeline | 
[Pipeline] SIGINT received — finishing current posts then exiting...
2026-05-21 08:02:50 [WARNING ] crawl_pipeline | 
[Pipeline] SIGINT received — finishing current posts then exiting...
2026-05-21 08:02:50 [WARNING ] crawl_pipeline | 
[Pipeline] SIGINT received — finishing current posts then exiting...
2026-05-21 08:02:51 [WARNING ] crawl_pipeline | 
[Pipeline] SIGINT received — finishing current posts then exiting...
2026-05-21 08:02:51 [WARNING ] crawl_pipeline | 
[Pipeline] SIGINT received — finishing current posts then exiting...
2026-05-21 08:02:51 [WARNING ] crawl_pipeline | 
[Pipeline] SIGINT received — finishing current posts then exiting...
2026-05-21 08:02:51 [WARNING ] crawl_pipeline | 
[Pipeline] SIGINT received — finishing current posts then exiting...
2026-05-21 08:02:51 [WARNING ] crawl_pipeline | 
[Pipeline] SIGINT received — finishing current posts then exiting...
2026-05-21 08:02:51 [WARNING ] crawl_pipeline | 
[Pipeline] SIGINT received — finishing current posts then exiting...
2026-05-21 08:02:51 [WARNING ] crawl_pipeline | 
[Pipeline] SIGINT received — finishing current posts then exiting...
2026-05-21 08:02:51 [WARNING ] crawl_pipeline | 
[Pipeline] SIGINT received — finishing current posts then exiting...
2026-05-21 08:02:51 [WARNING ] crawl_pipeline | 
[Pipeline] SIGINT received — finishing current posts then exiting...
2026-05-21 08:02:51 [WARNING ] crawl_pipeline | 
[Pipeline] SIGINT received — finishing current posts then exiting...
2026-05-21 08:02:51 [WARNING ] crawl_pipeline | 
[Pipeline] SIGINT received — finishing current posts then exiting...
2026-05-21 08:02:51 [WARNING ] crawl_pipeline | 
[Pipeline] SIGINT received — finishing current posts then exiting...
2026-05-21 08:02:51 [WARNING ] crawl_pipeline.comments | Rate-limited (429). Waiting 10s (attempt 5/5)
2026-05-21 08:02:51 [WARNING ] crawl_pipeline | 
[Pipeline] SIGINT received — finishing current posts then exiting...
2026-05-21 08:02:51 [WARNING ] crawl_pipeline | 
[Pipeline] SIGINT received — finishing current posts then exiting...
2026-05-21 08:02:51 [WARNING ] crawl_pipeline | 
[Pipeline] SIGINT received — finishing current posts then exiting...
2026-05-21 08:02:51 [WARNING ] crawl_pipeline | 
[Pipeline] SIGINT received — finishing current posts then exiting...
2026-05-21 08:02:51 [WARNING ] crawl_pipeline | 
[Pipeline] SIGINT received — finishing current posts then exiting...
2026-05-21 08:02:51 [WARNING ] crawl_pipeline | 
[Pipeline] SIGINT received — finishing current posts then exiting...
2026-05-21 08:02:51 [WARNING ] crawl_pipeline.comments | Rate-limited (429). Waiting 10s (attempt 5/5)
2026-05-21 08:02:51 [WARNING ] crawl_pipeline | 
[Pipeline] SIGINT received — finishing current posts then exiting...
2026-05-21 08:02:51 [WARNING ] crawl_pipeline | 
[Pipeline] SIGINT received — finishing current posts then exiting...
2026-05-21 08:02:51 [WARNING ] crawl_pipeline | 
[Pipeline] SIGINT received — finishing current posts then exiting...
2026-05-21 08:02:51 [WARNING ] crawl_pipeline | 
[Pipeline] SIGINT received — finishing current posts then exiting...
2026-05-21 08:02:51 [WARNING ] crawl_pipeline | 
[Pipeline] SIGINT received — finishing current posts then exiting...
2026-05-21 08:02:51 [WARNING ] crawl_pipeline | 
[Pipeline] SIGINT received — finishing current posts then exiting...
2026-05-21 08:02:52 [WARNING ] crawl_pipeline | 
[Pipeline] SIGINT received — finishing current posts then exiting...
2026-05-21 08:02:52 [WARNING ] crawl_pipeline | 
[Pipeline] SIGINT received — finishing current posts then exiting...
2026-05-21 08:02:52 [WARNING ] crawl_pipeline | 
[Pipeline] SIGINT received — finishing current posts then exiting...
2026-05-21 08:02:52 [WARNING ] crawl_pipeline | 
[Pipeline] SIGINT received — finishing current posts then exiting...
2026-05-21 08:02:52 [WARNING ] crawl_pipeline | 
[Pipeline] SIGINT received — finishing current posts then exiting...
2026-05-21 08:02:52 [WARNING ] crawl_pipeline | 
[Pipeline] SIGINT received — finishing current posts then exiting...
2026-05-21 08:02:52 [WARNING ] crawl_pipeline | 
[Pipeline] SIGINT received — finishing current posts then exiting...
2026-05-21 08:02:52 [WARNING ] crawl_pipeline | 
[Pipeline] SIGINT received — finishing current posts then exiting...
2026-05-21 08:02:52 [WARNING ] crawl_pipeline | 
[Pipeline] SIGINT received — finishing current posts then exiting...
2026-05-21 08:02:52 [WARNING ] crawl_pipeline | 
[Pipeline] SIGINT received — finishing current posts then exiting...
2026-05-21 08:02:52 [WARNING ] crawl_pipeline | 
[Pipeline] SIGINT received — finishing current posts then exiting...
2026-05-21 08:02:52 [WARNING ] crawl_pipeline | 
[Pipeline] SIGINT received — finishing current posts then exiting...
2026-05-21 08:02:52 [WARNING ] crawl_pipeline.comments | Rate-limited (429). Waiting 10s (attempt 5/5)
2026-05-21 08:02:52 [WARNING ] crawl_pipeline | 
[Pipeline] SIGINT received — finishing current posts then exiting...
2026-05-21 08:02:52 [WARNING ] crawl_pipeline | 
[Pipeline] SIGINT received — finishing current posts then exiting...
2026-05-21 08:02:52 [WARNING ] crawl_pipeline | 
[Pipeline] SIGINT received — finishing current posts then exiting...
2026-05-21 08:02:52 [WARNING ] crawl_pipeline | 
[Pipeline] SIGINT received — finishing current posts then exiting...
2026-05-21 08:02:52 [WARNING ] crawl_pipeline | 
[Pipeline] SIGINT received — finishing current posts then exiting...
2026-05-21 08:02:52 [WARNING ] crawl_pipeline | 
[Pipeline] SIGINT received — finishing current posts then exiting...
2026-05-21 08:02:52 [WARNING ] crawl_pipeline | 
[Pipeline] SIGINT received — finishing current posts then exiting...
2026-05-21 08:02:52 [WARNING ] crawl_pipeline | 
[Pipeline] SIGINT received — finishing current posts then exiting...
2026-05-21 08:02:52 [WARNING ] crawl_pipeline | 
[Pipeline] SIGINT received — finishing current posts then exiting...
2026-05-21 08:02:52 [WARNING ] crawl_pipeline | 
[Pipeline] SIGINT received — finishing current posts then exiting...
2026-05-21 08:02:52 [WARNING ] crawl_pipeline | 
[Pipeline] SIGINT received — finishing current posts then exiting...
2026-05-21 08:02:52 [WARNING ] crawl_pipeline | 
[Pipeline] SIGINT received — finishing current posts then exiting...
2026-05-21 08:02:52 [WARNING ] crawl_pipeline | 
[Pipeline] SIGINT received — finishing current posts then exiting...
2026-05-21 08:02:52 [WARNING ] crawl_pipeline | 
[Pipeline] SIGINT received — finishing current posts then exiting...
2026-05-21 08:02:52 [WARNING ] crawl_pipeline | 
[Pipeline] SIGINT received — finishing current posts then exiting...
2026-05-21 08:02:52 [WARNING ] crawl_pipeline | 
[Pipeline] SIGINT received — finishing current posts then exiting...
2026-05-21 08:02:52 [WARNING ] crawl_pipeline | 
[Pipeline] SIGINT received — finishing current posts then exiting...
2026-05-21 08:02:52 [WARNING ] crawl_pipeline | 
[Pipeline] SIGINT received — finishing current posts then exiting...
2026-05-21 08:02:53 [WARNING ] crawl_pipeline | 
[Pipeline] SIGINT received — finishing current posts then exiting...
2026-05-21 08:02:53 [WARNING ] crawl_pipeline | 
[Pipeline] SIGINT received — finishing current posts then exiting...
2026-05-21 08:02:53 [WARNING ] crawl_pipeline | 
[Pipeline] SIGINT received — finishing current posts then exiting...
2026-05-21 08:02:53 [WARNING ] crawl_pipeline | 
[Pipeline] SIGINT received — finishing current posts then exiting...
2026-05-21 08:02:53 [WARNING ] crawl_pipeline | 
[Pipeline] SIGINT received — finishing current posts then exiting...
2026-05-21 08:02:53 [WARNING ] crawl_pipeline | 
[Pipeline] SIGINT received — finishing current posts then exiting...
2026-05-21 08:02:53 [WARNING ] crawl_pipeline.comments | Rate-limited (429). Waiting 10s (attempt 5/5)
2026-05-21 08:02:53 [WARNING ] crawl_pipeline | 
[Pipeline] SIGINT received — finishing current posts then exiting...
2026-05-21 08:02:53 [WARNING ] crawl_pipeline | 
[Pipeline] SIGINT received — finishing current posts then exiting...
2026-05-21 08:02:53 [WARNING ] crawl_pipeline | 
[Pipeline] SIGINT received — finishing current posts then exiting...
2026-05-21 08:02:53 [WARNING ] crawl_pipeline | 
[Pipeline] SIGINT received — finishing current posts then exiting...
2026-05-21 08:02:53 [WARNING ] crawl_pipeline | 
[Pipeline] SIGINT received — finishing current posts then exiting...
2026-05-21 08:02:53 [WARNING ] crawl_pipeline | 
[Pipeline] SIGINT received — finishing current posts then exiting...
2026-05-21 08:02:53 [WARNING ] crawl_pipeline.comments | Rate-limited (429). Waiting 10s (attempt 5/5)
2026-05-21 08:02:53 [WARNING ] crawl_pipeline | 
[Pipeline] SIGINT received — finishing current posts then exiting...
2026-05-21 08:02:53 [WARNING ] crawl_pipeline | 
[Pipeline] SIGINT received — finishing current posts then exiting...
2026-05-21 08:02:53 [WARNING ] crawl_pipeline | 
[Pipeline] SIGINT received — finishing current posts then exiting...
2026-05-21 08:02:53 [WARNING ] crawl_pipeline | 
[Pipeline] SIGINT received — finishing current posts then exiting...
2026-05-21 08:02:53 [WARNING ] crawl_pipeline | 
[Pipeline] SIGINT received — finishing current posts then exiting...
2026-05-21 08:02:53 [WARNING ] crawl_pipeline | 
[Pipeline] SIGINT received — finishing current posts then exiting...
2026-05-21 08:02:53 [WARNING ] crawl_pipeline | 
[Pipeline] SIGINT received — finishing current posts then exiting...
2026-05-21 08:02:53 [WARNING ] crawl_pipeline | 
[Pipeline] SIGINT received — finishing current posts then exiting...
2026-05-21 08:02:53 [WARNING ] crawl_pipeline | 
[Pipeline] SIGINT received — finishing current posts then exiting...
2026-05-21 08:02:53 [WARNING ] crawl_pipeline | 
[Pipeline] SIGINT received — finishing current posts then exiting...
2026-05-21 08:02:53 [WARNING ] crawl_pipeline | 
[Pipeline] SIGINT received — finishing current posts then exiting...
2026-05-21 08:02:53 [WARNING ] crawl_pipeline | 
[Pipeline] SIGINT received — finishing current posts then exiting...
2026-05-21 08:02:54 [WARNING ] crawl_pipeline | 
[Pipeline] SIGINT received — finishing current posts then exiting...
2026-05-21 08:02:54 [WARNING ] crawl_pipeline | 
[Pipeline] SIGINT received — finishing current posts then exiting...
2026-05-21 08:02:54 [WARNING ] crawl_pipeline | 
[Pipeline] SIGINT received — finishing current posts then exiting...
2026-05-21 08:02:54 [WARNING ] crawl_pipeline | 
[Pipeline] SIGINT received — finishing current posts then exiting...
2026-05-21 08:02:54 [WARNING ] crawl_pipeline | 
[Pipeline] SIGINT received — finishing current posts then exiting...
2026-05-21 08:02:54 [WARNING ] crawl_pipeline | 
[Pipeline] SIGINT received — finishing current posts then exiting...
2026-05-21 08:03:01 [ERROR   ] crawl_pipeline.comments | Could not fetch comments for post 1ti838n: Failed after 5 retries: https://www.reddit.com/r/AdaIndonesiaCoy/comments/1ti838n.json
2026-05-21 08:03:01 [ERROR   ] crawl_pipeline.worker-4 | [Worker 4] 1ti838n failed: Failed after 5 retries: https://www.reddit.com/r/AdaIndonesiaCoy/comments/1ti838n.json
2026-05-21 08:03:01 [ERROR   ] crawl_pipeline.comments | Could not fetch comments for post 1qf7pub: Failed after 5 retries: https://www.reddit.com/r/aku_ddn/comments/1qf7pub.json
2026-05-21 08:03:01 [ERROR   ] crawl_pipeline.worker-2 | [Worker 2] 1qf7pub failed: Failed after 5 retries: https://www.reddit.com/r/aku_ddn/comments/1qf7pub.json
2026-05-21 08:03:02 [ERROR   ] crawl_pipeline.comments | Could not fetch comments for post 1ti7fkp: Failed after 5 retries: https://www.reddit.com/r/indonesiabebas/comments/1ti7fkp.json
2026-05-21 08:03:02 [ERROR   ] crawl_pipeline.worker-3 | [Worker 3] 1ti7fkp failed: Failed after 5 retries: https://www.reddit.com/r/indonesiabebas/comments/1ti7fkp.json
2026-05-21 08:03:03 [ERROR   ] crawl_pipeline.comments | Could not fetch comments for post 1tidzi1: Failed after 5 retries: https://www.reddit.com/r/BaliTravelTips/comments/1tidzi1.json
2026-05-21 08:03:03 [ERROR   ] crawl_pipeline.worker-1 | [Worker 1] 1tidzi1 failed: Failed after 5 retries: https://www.reddit.com/r/BaliTravelTips/comments/1tidzi1.json
2026-05-21 08:03:03 [INFO    ] crawl_pipeline.worker-4 | [Worker 4] Processing 1ti4q9w (indonesia) — "..."
2026-05-21 08:03:03 [INFO    ] crawl_pipeline |   Re-enqueued pending post: 1thl7jk
2026-05-21 08:03:03 [WARNING ] crawl_pipeline.comments | Rate-limited (429). Waiting 2s (attempt 1/5)
2026-05-21 08:03:03 [ERROR   ] crawl_pipeline.comments | Could not fetch comments for post 1tirt9a: Failed after 5 retries: https://www.reddit.com/r/indotech/comments/1tirt9a.json
2026-05-21 08:03:03 [ERROR   ] crawl_pipeline.worker-0 | [Worker 0] 1tirt9a failed: Failed after 5 retries: https://www.reddit.com/r/indotech/comments/1tirt9a.json
2026-05-21 08:03:03 [INFO    ] crawl_pipeline |   Re-enqueued pending post: 1ti8ycy
2026-05-21 08:03:03 [INFO    ] crawl_pipeline.worker-2 | [Worker 2] Processing 1tij0rt (indotech) — "..."
2026-05-21 08:03:04 [WARNING ] crawl_pipeline.comments | Rate-limited (429). Waiting 2s (attempt 1/5)
2026-05-21 08:03:04 [INFO    ] crawl_pipeline |   Re-enqueued pending post: 1thyff1
2026-05-21 08:03:04 [INFO    ] crawl_pipeline.worker-3 | [Worker 3] Processing 1thjuef (JudiSaham) — "..."
2026-05-21 08:03:04 [WARNING ] crawl_pipeline.comments | Rate-limited (429). Waiting 2s (attempt 1/5)
2026-05-21 08:03:05 [INFO    ] crawl_pipeline.worker-1 | [Worker 1] Processing 1tift9f (AdaIndonesiaCoy) — "..."
2026-05-21 08:03:05 [INFO    ] crawl_pipeline |   Re-enqueued pending post: 1thai8a
2026-05-21 08:03:05 [WARNING ] crawl_pipeline.comments | Rate-limited (429). Waiting 2s (attempt 1/5)
2026-05-21 08:03:05 [INFO    ] crawl_pipeline |   Re-enqueued pending post: 1thdred
2026-05-21 08:03:05 [INFO    ] crawl_pipeline.worker-0 | [Worker 0] Processing 1tigy6p (kulineria) — "..."
2026-05-21 08:03:05 [WARNING ] crawl_pipeline.comments | Rate-limited (429). Waiting 4s (attempt 2/5)
2026-05-21 08:03:05 [WARNING ] crawl_pipeline.comments | Rate-limited (429). Waiting 2s (attempt 1/5)
2026-05-21 08:03:06 [WARNING ] crawl_pipeline.comments | Rate-limited (429). Waiting 4s (attempt 2/5)
2026-05-21 08:03:06 [WARNING ] crawl_pipeline.comments | Rate-limited (429). Waiting 4s (attempt 2/5)
2026-05-21 08:03:07 [WARNING ] crawl_pipeline.comments | Rate-limited (429). Waiting 4s (attempt 2/5)
2026-05-21 08:03:07 [WARNING ] crawl_pipeline.comments | Rate-limited (429). Waiting 4s (attempt 2/5)
2026-05-21 08:03:09 [WARNING ] crawl_pipeline | 
[Pipeline] SIGINT received — finishing current posts then exiting...
2026-05-21 08:03:09 [WARNING ] crawl_pipeline | 
[Pipeline] SIGINT received — finishing current posts then exiting...
2026-05-21 08:03:09 [WARNING ] crawl_pipeline | 
[Pipeline] SIGINT received — finishing current posts then exiting...
2026-05-21 08:03:09 [WARNING ] crawl_pipeline | 
[Pipeline] SIGINT received — finishing current posts then exiting...
2026-05-21 08:03:09 [WARNING ] crawl_pipeline | 
[Pipeline] SIGINT received — finishing current posts then exiting...
2026-05-21 08:03:09 [WARNING ] crawl_pipeline | 
[Pipeline] SIGINT received — finishing current posts then exiting...
2026-05-21 08:03:09 [WARNING ] crawl_pipeline.comments | Rate-limited (429). Waiting 6s (attempt 3/5)
2026-05-21 08:03:10 [WARNING ] crawl_pipeline.comments | Rate-limited (429). Waiting 6s (attempt 3/5)
2026-05-21 08:03:10 [WARNING ] crawl_pipeline.comments | Rate-limited (429). Waiting 6s (attempt 3/5)
2026-05-21 08:03:11 [WARNING ] crawl_pipeline | 
[Pipeline] SIGINT received — finishing current posts then exiting...
2026-05-21 08:03:11 [WARNING ] crawl_pipeline | 
[Pipeline] SIGINT received — finishing current posts then exiting...
2026-05-21 08:03:11 [WARNING ] crawl_pipeline | 
[Pipeline] SIGINT received — finishing current posts then exiting...
2026-05-21 08:03:11 [WARNING ] crawl_pipeline | 
[Pipeline] SIGINT received — finishing current posts then exiting...
2026-05-21 08:03:11 [WARNING ] crawl_pipeline | 
[Pipeline] SIGINT received — finishing current posts then exiting...
2026-05-21 08:03:11 [WARNING ] crawl_pipeline | 
[Pipeline] SIGINT received — finishing current posts then exiting...
2026-05-21 08:03:11 [WARNING ] crawl_pipeline.comments | Rate-limited (429). Waiting 6s (attempt 3/5)
2026-05-21 08:03:12 [WARNING ] crawl_pipeline.comments | Rate-limited (429). Waiting 6s (attempt 3/5)
2026-05-21 08:03:16 [WARNING ] crawl_pipeline.comments | Rate-limited (429). Waiting 8s (attempt 4/5)
2026-05-21 08:03:16 [WARNING ] crawl_pipeline.comments | Rate-limited (429). Waiting 8s (attempt 4/5)
2026-05-21 08:03:17 [WARNING ] crawl_pipeline.comments | Rate-limited (429). Waiting 8s (attempt 4/5)
2026-05-21 08:03:18 [WARNING ] crawl_pipeline.comments | Rate-limited (429). Waiting 8s (attempt 4/5)
2026-05-21 08:03:18 [WARNING ] crawl_pipeline.comments | Rate-limited (429). Waiting 8s (attempt 4/5)
2026-05-21 08:03:24 [WARNING ] crawl_pipeline.comments | Rate-limited (429). Waiting 10s (attempt 5/5)
2026-05-21 08:03:25 [WARNING ] crawl_pipeline.comments | Rate-limited (429). Waiting 10s (attempt 5/5)
2026-05-21 08:03:25 [WARNING ] crawl_pipeline.comments | Rate-limited (429). Waiting 10s (attempt 5/5)
2026-05-21 08:03:26 [WARNING ] crawl_pipeline.comments | Rate-limited (429). Waiting 10s (attempt 5/5)
2026-05-21 08:03:26 [WARNING ] crawl_pipeline.comments | Rate-limited (429). Waiting 10s (attempt 5/5)
2026-05-21 08:03:34 [ERROR   ] crawl_pipeline.comments | Could not fetch comments for post 1ti4q9w: Failed after 5 retries: https://www.reddit.com/r/indonesia/comments/1ti4q9w.json
2026-05-21 08:03:34 [ERROR   ] crawl_pipeline.worker-4 | [Worker 4] 1ti4q9w failed: Failed after 5 retries: https://www.reddit.com/r/indonesia/comments/1ti4q9w.json
2026-05-21 08:03:35 [ERROR   ] crawl_pipeline.comments | Could not fetch comments for post 1tij0rt: Failed after 5 retries: https://www.reddit.com/r/indotech/comments/1tij0rt.json
2026-05-21 08:03:35 [ERROR   ] crawl_pipeline.worker-2 | [Worker 2] 1tij0rt failed: Failed after 5 retries: https://www.reddit.com/r/indotech/comments/1tij0rt.json
2026-05-21 08:03:35 [ERROR   ] crawl_pipeline.comments | Could not fetch comments for post 1thjuef: Failed after 5 retries: https://www.reddit.com/r/JudiSaham/comments/1thjuef.json
2026-05-21 08:03:35 [ERROR   ] crawl_pipeline.worker-3 | [Worker 3] 1thjuef failed: Failed after 5 retries: https://www.reddit.com/r/JudiSaham/comments/1thjuef.json
2026-05-21 08:03:36 [INFO    ] crawl_pipeline.worker-4 | [Worker 4] Processing 1tif8e6 (Jakarta) — "..."
2026-05-21 08:03:36 [INFO    ] crawl_pipeline |   Re-enqueued pending post: 1thdis1
2026-05-21 08:03:36 [ERROR   ] crawl_pipeline.comments | Could not fetch comments for post 1tift9f: Failed after 5 retries: https://www.reddit.com/r/AdaIndonesiaCoy/comments/1tift9f.json
2026-05-21 08:03:36 [ERROR   ] crawl_pipeline.worker-1 | [Worker 1] 1tift9f failed: Failed after 5 retries: https://www.reddit.com/r/AdaIndonesiaCoy/comments/1tift9f.json
2026-05-21 08:03:36 [WARNING ] crawl_pipeline.comments | Rate-limited (429). Waiting 2s (attempt 1/5)
2026-05-21 08:03:36 [ERROR   ] crawl_pipeline.comments | Could not fetch comments for post 1tigy6p: Failed after 5 retries: https://www.reddit.com/r/kulineria/comments/1tigy6p.json
2026-05-21 08:03:36 [ERROR   ] crawl_pipeline.worker-0 | [Worker 0] 1tigy6p failed: Failed after 5 retries: https://www.reddit.com/r/kulineria/comments/1tigy6p.json
2026-05-21 08:03:37 [INFO    ] crawl_pipeline.worker-2 | [Worker 2] Processing 1ti51ke (IndoGamer) — "..."
2026-05-21 08:03:37 [INFO    ] crawl_pipeline |   Re-enqueued pending post: 1thdcdm
2026-05-21 08:03:37 [WARNING ] crawl_pipeline.comments | Rate-limited (429). Waiting 2s (attempt 1/5)
2026-05-21 08:03:37 [INFO    ] crawl_pipeline |   Re-enqueued pending post: 1thksp8
2026-05-21 08:03:37 [INFO    ] crawl_pipeline.worker-3 | [Worker 3] Processing 1tic8qr (WkwkwkLand) — "..."
2026-05-21 08:03:37 [WARNING ] crawl_pipeline.comments | Rate-limited (429). Waiting 2s (attempt 1/5)
2026-05-21 08:03:38 [INFO    ] crawl_pipeline.worker-1 | [Worker 1] Processing 1tj0m38 (WkwkwkLand) — "..."
2026-05-21 08:03:38 [INFO    ] crawl_pipeline |   Re-enqueued pending post: 1thjs64
2026-05-21 08:03:38 [INFO    ] crawl_pipeline.worker-0 | [Worker 0] Processing 1tigzzr (jualbeliindonesia) — "..."
2026-05-21 08:03:38 [INFO    ] crawl_pipeline |   Re-enqueued pending post: 1thmg0d
2026-05-21 08:03:38 [WARNING ] crawl_pipeline.comments | Rate-limited (429). Waiting 2s (attempt 1/5)
2026-05-21 08:03:38 [WARNING ] crawl_pipeline.comments | Rate-limited (429). Waiting 4s (attempt 2/5)
2026-05-21 08:03:38 [WARNING ] crawl_pipeline.comments | Rate-limited (429). Waiting 2s (attempt 1/5)
2026-05-21 08:03:39 [WARNING ] crawl_pipeline.comments | Rate-limited (429). Waiting 4s (attempt 2/5)
2026-05-21 08:03:39 [WARNING ] crawl_pipeline.comments | Rate-limited (429). Waiting 4s (attempt 2/5)
2026-05-21 08:03:40 [WARNING ] crawl_pipeline.comments | Rate-limited (429). Waiting 4s (attempt 2/5)
2026-05-21 08:03:41 [WARNING ] crawl_pipeline.comments | Rate-limited (429). Waiting 4s (attempt 2/5)
2026-05-21 08:03:43 [WARNING ] crawl_pipeline.comments | Rate-limited (429). Waiting 6s (attempt 3/5)
2026-05-21 08:03:43 [WARNING ] crawl_pipeline.comments | Rate-limited (429). Waiting 6s (attempt 3/5)
2026-05-21 08:03:43 [WARNING ] crawl_pipeline.comments | Rate-limited (429). Waiting 6s (attempt 3/5)
2026-05-21 08:03:45 [WARNING ] crawl_pipeline.comments | Rate-limited (429). Waiting 6s (attempt 3/5)
2026-05-21 08:03:45 [WARNING ] crawl_pipeline.comments | Rate-limited (429). Waiting 6s (attempt 3/5)
2026-05-21 08:03:49 [WARNING ] crawl_pipeline.comments | Rate-limited (429). Waiting 8s (attempt 4/5)
2026-05-21 08:03:49 [WARNING ] crawl_pipeline.comments | Rate-limited (429). Waiting 8s (attempt 4/5)
2026-05-21 08:03:50 [WARNING ] crawl_pipeline.comments | Rate-limited (429). Waiting 8s (attempt 4/5)
2026-05-21 08:03:51 [WARNING ] crawl_pipeline.comments | Rate-limited (429). Waiting 8s (attempt 4/5)
2026-05-21 08:03:51 [WARNING ] crawl_pipeline.comments | Rate-limited (429). Waiting 8s (attempt 4/5)
2026-05-21 08:07:45 [INFO    ] crawl_pipeline | ============================================================
2026-05-21 08:07:45 [INFO    ] crawl_pipeline |   Reddit Crawl Pipeline (producer-consumer)
2026-05-21 08:07:45 [INFO    ] crawl_pipeline |   Started : 2026-05-21 08:07:45 UTC
2026-05-21 08:07:45 [INFO    ] crawl_pipeline |   Workers : 1
2026-05-21 08:07:45 [INFO    ] crawl_pipeline |   Listings: hot, new, top, rising
2026-05-21 08:07:45 [INFO    ] crawl_pipeline | ============================================================
2026-05-21 08:07:45 [INFO    ] crawl_pipeline | [Pipeline] Found 503 pending posts from previous run. They will be re-enqueued for comment crawling.
2026-05-21 08:07:45 [INFO    ] crawl_pipeline | 
[Step 1] Starting 1 comment worker(s)...
2026-05-21 08:07:45 [INFO    ] crawl_pipeline | [Step 2] Starting post producer (crawl_posts)...
2026-05-21 08:07:45 [INFO    ] crawl_pipeline |   Worker 0 started (pid=2056579)
2026-05-21 08:07:45 [INFO    ] crawl_pipeline |   Re-enqueued pending post: 1tja2gb
2026-05-21 08:07:45 [INFO    ] crawl_pipeline |   Re-enqueued pending post: 1tiif24
2026-05-21 08:07:45 [INFO    ] crawl_pipeline |   Re-enqueued pending post: 1thq8w1
2026-05-21 08:07:45 [INFO    ] crawl_pipeline |   Re-enqueued pending post: 1tj7pnj
2026-05-21 08:07:45 [INFO    ] crawl_pipeline |   Re-enqueued pending post: 1tj5xnp
2026-05-21 08:07:45 [INFO    ] crawl_pipeline |   Re-enqueued pending post: 1tieaof
2026-05-21 08:07:45 [INFO    ] crawl_pipeline |   Re-enqueued pending post: 1tj9itd
2026-05-21 08:07:45 [INFO    ] crawl_pipeline |   Re-enqueued pending post: 1tj4a7c
2026-05-21 08:07:45 [INFO    ] crawl_pipeline |   Re-enqueued pending post: 1tiifgd
2026-05-21 08:07:45 [INFO    ] crawl_pipeline |   Re-enqueued pending post: 1tj2bu4
2026-05-21 08:07:45 [INFO    ] crawl_pipeline |   Re-enqueued pending post: 1tihqb0
2026-05-21 08:07:45 [INFO    ] crawl_pipeline |   Re-enqueued pending post: 1tj3ayw
2026-05-21 08:07:45 [INFO    ] crawl_pipeline |   Re-enqueued pending post: 1tizh1i
2026-05-21 08:07:45 [INFO    ] crawl_pipeline |   Re-enqueued pending post: 1tj640z
2026-05-21 08:07:45 [INFO    ] crawl_pipeline |   Re-enqueued pending post: 1tiu1hq
2026-05-21 08:07:45 [INFO    ] crawl_pipeline |   Re-enqueued pending post: 1tieur8
2026-05-21 08:07:45 [INFO    ] crawl_pipeline |   Re-enqueued pending post: 1tir7fo
2026-05-21 08:07:45 [INFO    ] crawl_pipeline |   Re-enqueued pending post: 1tianvh
2026-05-21 08:07:45 [INFO    ] crawl_pipeline |   Re-enqueued pending post: 1tigax5
2026-05-21 08:07:45 [INFO    ] crawl_pipeline |   Re-enqueued pending post: 1tid9yq
2026-05-21 08:07:45 [INFO    ] crawl_pipeline |   Re-enqueued pending post: 1ti5c9z
2026-05-21 08:07:45 [INFO    ] crawl_pipeline |   Re-enqueued pending post: 1ti906j
2026-05-21 08:07:45 [INFO    ] crawl_pipeline |   Re-enqueued pending post: 1tiiljn
2026-05-21 08:07:45 [INFO    ] crawl_pipeline |   Re-enqueued pending post: 1tila69
2026-05-21 08:07:45 [INFO    ] crawl_pipeline |   Re-enqueued pending post: 1tilkir
2026-05-21 08:07:45 [INFO    ] crawl_pipeline |   Re-enqueued pending post: 1ti838n
2026-05-21 08:07:45 [INFO    ] crawl_pipeline |   Re-enqueued pending post: 1qf7pub
2026-05-21 08:07:45 [INFO    ] crawl_pipeline |   Re-enqueued pending post: 1ti7fkp
2026-05-21 08:07:45 [INFO    ] crawl_pipeline |   Re-enqueued pending post: 1tidzi1
2026-05-21 08:07:45 [INFO    ] crawl_pipeline |   Re-enqueued pending post: 1tirt9a
2026-05-21 08:07:45 [INFO    ] crawl_pipeline |   Re-enqueued pending post: 1ti4q9w
2026-05-21 08:07:45 [INFO    ] crawl_pipeline |   Re-enqueued pending post: 1tij0rt
2026-05-21 08:07:45 [INFO    ] crawl_pipeline |   Re-enqueued pending post: 1thjuef
2026-05-21 08:07:45 [INFO    ] crawl_pipeline |   Re-enqueued pending post: 1tift9f
2026-05-21 08:07:45 [INFO    ] crawl_pipeline |   Re-enqueued pending post: 1tigy6p
2026-05-21 08:07:45 [INFO    ] crawl_pipeline |   Re-enqueued pending post: 1tif8e6
2026-05-21 08:07:45 [INFO    ] crawl_pipeline |   Re-enqueued pending post: 1ti51ke
2026-05-21 08:07:45 [INFO    ] crawl_pipeline |   Re-enqueued pending post: 1tic8qr
2026-05-21 08:07:45 [INFO    ] crawl_pipeline |   Re-enqueued pending post: 1tj0m38
2026-05-21 08:07:45 [INFO    ] crawl_pipeline |   Re-enqueued pending post: 1tigzzr
2026-05-21 08:07:45 [INFO    ] crawl_pipeline |   Re-enqueued pending post: 1ti9490
2026-05-21 08:07:45 [INFO    ] crawl_pipeline |   Re-enqueued pending post: 1ti8b9h
2026-05-21 08:07:45 [INFO    ] crawl_pipeline |   Re-enqueued pending post: 1tijhqt
2026-05-21 08:07:45 [INFO    ] crawl_pipeline |   Re-enqueued pending post: 1tiehjk
2026-05-21 08:07:45 [INFO    ] crawl_pipeline |   Re-enqueued pending post: 1tic8aj
2026-05-21 08:07:45 [INFO    ] crawl_pipeline |   Re-enqueued pending post: 1iuoy23
2026-05-21 08:07:45 [INFO    ] crawl_pipeline |   Re-enqueued pending post: 1tiph1t
2026-05-21 08:07:45 [INFO    ] crawl_pipeline |   Re-enqueued pending post: 1ti58dq
2026-05-21 08:07:45 [INFO    ] crawl_pipeline |   Re-enqueued pending post: 1ti7668
2026-05-21 08:07:45 [INFO    ] crawl_pipeline |   Re-enqueued pending post: 1tiby2f
2026-05-21 08:07:45 [INFO    ] crawl_pipeline |   Re-enqueued pending post: 1ticwuf
2026-05-21 08:07:45 [INFO    ] crawl_pipeline |   Re-enqueued pending post: 1tint8e
2026-05-21 08:07:45 [INFO    ] crawl_pipeline |   Re-enqueued pending post: 1thbb2h
2026-05-21 08:07:45 [INFO    ] crawl_pipeline |   Re-enqueued pending post: 1tinbvm
2026-05-21 08:07:45 [INFO    ] crawl_pipeline |   Re-enqueued pending post: 1tifgob
2026-05-21 08:07:45 [INFO    ] crawl_pipeline |   Re-enqueued pending post: 1tid0og
2026-05-21 08:07:45 [INFO    ] crawl_pipeline |   Re-enqueued pending post: 1tifq6t
2026-05-21 08:07:45 [INFO    ] crawl_pipeline |   Re-enqueued pending post: 1ti9d9e
2026-05-21 08:07:45 [INFO    ] crawl_pipeline |   Re-enqueued pending post: 1tijl8l
2026-05-21 08:07:45 [INFO    ] crawl_pipeline |   Re-enqueued pending post: 1tid27l
2026-05-21 08:07:45 [INFO    ] crawl_pipeline |   Re-enqueued pending post: 1thvv13
2026-05-21 08:07:45 [INFO    ] crawl_pipeline |   Re-enqueued pending post: 1tisptt
2026-05-21 08:07:45 [INFO    ] crawl_pipeline |   Re-enqueued pending post: 1tierdb
2026-05-21 08:07:45 [INFO    ] crawl_pipeline |   Re-enqueued pending post: 1tie41f
2026-05-21 08:07:45 [INFO    ] crawl_pipeline |   Re-enqueued pending post: 1tie4o2
2026-05-21 08:07:45 [INFO    ] crawl_pipeline |   Re-enqueued pending post: 1tieg4r
2026-05-21 08:07:45 [INFO    ] crawl_pipeline |   Re-enqueued pending post: 1tijqnf
2026-05-21 08:07:45 [INFO    ] crawl_pipeline |   Re-enqueued pending post: 1tib5lu
2026-05-21 08:07:45 [INFO    ] crawl_pipeline |   Re-enqueued pending post: 1ti3oi8
2026-05-21 08:07:45 [INFO    ] crawl_pipeline |   Re-enqueued pending post: 1tiq31g
2026-05-21 08:07:45 [INFO    ] crawl_pipeline |   Re-enqueued pending post: 1ti8n9v
2026-05-21 08:07:45 [INFO    ] crawl_pipeline |   Re-enqueued pending post: 1tieezc
2026-05-21 08:07:45 [INFO    ] crawl_pipeline |   Re-enqueued pending post: 1tg58hq
2026-05-21 08:07:45 [INFO    ] crawl_pipeline |   Re-enqueued pending post: 1tia4un
2026-05-21 08:07:45 [INFO    ] crawl_pipeline.worker-0 | [Worker 0] Started.
2026-05-21 08:07:45 [INFO    ] crawl_pipeline |   Re-enqueued pending post: 1tie6u0
2026-05-21 08:07:45 [INFO    ] crawl_pipeline |   Re-enqueued pending post: 1ti5nvy
2026-05-21 08:07:45 [INFO    ] crawl_pipeline |   Re-enqueued pending post: 1tj8iah
2026-05-21 08:07:45 [INFO    ] crawl_pipeline |   Re-enqueued pending post: 1tiny21
2026-05-21 08:07:45 [INFO    ] crawl_pipeline |   Re-enqueued pending post: 1tja8wz
2026-05-21 08:07:45 [INFO    ] crawl_pipeline |   Re-enqueued pending post: 1thepsr
2026-05-21 08:07:45 [INFO    ] crawl_pipeline |   Re-enqueued pending post: 1tinrr4
2026-05-21 08:07:45 [INFO    ] crawl_pipeline |   Re-enqueued pending post: 1thgz72
2026-05-21 08:07:45 [INFO    ] crawl_pipeline |   Re-enqueued pending post: 1tibdoz
2026-05-21 08:07:45 [INFO    ] crawl_pipeline.worker-0 | [Worker 0] Processing 1tja2gb (finansial) — "..."
2026-05-21 08:07:45 [INFO    ] crawl_pipeline |   Re-enqueued pending post: 1tink0y
2026-05-21 08:07:45 [INFO    ] crawl_pipeline |   Re-enqueued pending post: 1tiilja
2026-05-21 08:07:45 [INFO    ] crawl_pipeline |   Re-enqueued pending post: 1ti5m00
2026-05-21 08:07:45 [INFO    ] crawl_pipeline |   Re-enqueued pending post: 1tixlvv
2026-05-21 08:07:45 [INFO    ] crawl_pipeline |   Re-enqueued pending post: 1ti5hrt
2026-05-21 08:07:45 [INFO    ] crawl_pipeline |   Re-enqueued pending post: 1tiah1q
2026-05-21 08:07:45 [INFO    ] crawl_pipeline |   Re-enqueued pending post: 1ti7q2d
2026-05-21 08:07:45 [INFO    ] crawl_pipeline |   Re-enqueued pending post: 1ti8dl4
2026-05-21 08:07:45 [INFO    ] crawl_pipeline |   Re-enqueued pending post: 1tihpq1
2026-05-21 08:07:45 [INFO    ] crawl_pipeline |   Re-enqueued pending post: 1tid0ir
2026-05-21 08:07:45 [INFO    ] crawl_pipeline |   Re-enqueued pending post: 1tikmbx
2026-05-21 08:07:45 [INFO    ] crawl_pipeline |   Re-enqueued pending post: 1tijdop
2026-05-21 08:07:45 [INFO    ] crawl_pipeline |   Re-enqueued pending post: 1tib7pj
2026-05-21 08:07:45 [INFO    ] crawl_pipeline |   Re-enqueued pending post: 1thqkds
2026-05-21 08:07:45 [INFO    ] crawl_pipeline |   Re-enqueued pending post: 1tilphd
2026-05-21 08:07:45 [INFO    ] crawl_pipeline |   Re-enqueued pending post: 1tileg8
2026-05-21 08:07:45 [INFO    ] crawl_pipeline |   Re-enqueued pending post: 1tigjo0
2026-05-21 08:07:45 [INFO    ] crawl_pipeline |   Re-enqueued pending post: 1ti8040
2026-05-21 08:07:45 [INFO    ] crawl_pipeline |   Re-enqueued pending post: 1ti85zc
2026-05-21 08:07:45 [INFO    ] crawl_pipeline |   Re-enqueued pending post: 1ti6jwx
2026-05-21 08:07:45 [INFO    ] crawl_pipeline |   Re-enqueued pending post: 1tj7wno
2026-05-21 08:07:45 [INFO    ] crawl_pipeline |   Re-enqueued pending post: 1tilsnv
2026-05-21 08:07:45 [INFO    ] crawl_pipeline |   Re-enqueued pending post: 1tih0px
2026-05-21 08:07:45 [INFO    ] crawl_pipeline |   Re-enqueued pending post: 1tjab3r
2026-05-21 08:07:45 [INFO    ] crawl_pipeline |   Re-enqueued pending post: 1ti8sv5
2026-05-21 08:07:45 [INFO    ] crawl_pipeline |   Re-enqueued pending post: 1ti7lrk
2026-05-21 08:07:45 [INFO    ] crawl_pipeline |   Re-enqueued pending post: 1tilf83
2026-05-21 08:07:45 [INFO    ] crawl_pipeline |   Re-enqueued pending post: 1ti9v72
2026-05-21 08:07:45 [INFO    ] crawl_pipeline |   Re-enqueued pending post: 1ti3012
2026-05-21 08:07:45 [INFO    ] crawl_pipeline |   Re-enqueued pending post: 1tho50j
2026-05-21 08:07:45 [INFO    ] crawl_pipeline |   Re-enqueued pending post: 1ti9u6y
2026-05-21 08:07:45 [INFO    ] crawl_pipeline |   Re-enqueued pending post: 1tiim8o
2026-05-21 08:07:45 [INFO    ] crawl_pipeline |   Re-enqueued pending post: 1ti3c1n
2026-05-21 08:07:45 [INFO    ] crawl_pipeline |   Re-enqueued pending post: 1tigcgs
2026-05-21 08:07:45 [INFO    ] crawl_pipeline |   Re-enqueued pending post: 1thqgu6
2026-05-21 08:07:45 [INFO    ] crawl_pipeline |   Re-enqueued pending post: 1ti1bfc
2026-05-21 08:07:45 [INFO    ] crawl_pipeline |   Re-enqueued pending post: 1tif12d
2026-05-21 08:07:45 [INFO    ] crawl_pipeline |   Re-enqueued pending post: 1tia1hv
2026-05-21 08:07:45 [INFO    ] crawl_pipeline |   Re-enqueued pending post: 1thzio6
2026-05-21 08:07:45 [INFO    ] crawl_pipeline |   Re-enqueued pending post: 1tiqhcj
2026-05-21 08:07:45 [INFO    ] crawl_pipeline |   Re-enqueued pending post: 1tiizi1
2026-05-21 08:07:45 [INFO    ] crawl_pipeline |   Re-enqueued pending post: 1tj3xo0
2026-05-21 08:07:45 [INFO    ] crawl_pipeline |   Re-enqueued pending post: 1tiezg0
2026-05-21 08:07:45 [INFO    ] crawl_pipeline |   Re-enqueued pending post: 1tiip1x
2026-05-21 08:07:45 [INFO    ] crawl_pipeline |   Re-enqueued pending post: 1timyvm
2026-05-21 08:07:45 [INFO    ] crawl_pipeline |   Re-enqueued pending post: 1tifmkq
2026-05-21 08:07:45 [INFO    ] crawl_pipeline |   Re-enqueued pending post: 1tiewyo
2026-05-21 08:07:45 [INFO    ] crawl_pipeline |   Re-enqueued pending post: 1ti1cbs
2026-05-21 08:07:45 [INFO    ] crawl_pipeline |   Re-enqueued pending post: 1tig5si
2026-05-21 08:07:45 [INFO    ] crawl_pipeline |   Re-enqueued pending post: 1tis7hg
2026-05-21 08:07:45 [INFO    ] crawl_pipeline |   Re-enqueued pending post: 1ti57it
2026-05-21 08:07:45 [INFO    ] crawl_pipeline |   Re-enqueued pending post: 1thao89
2026-05-21 08:07:45 [INFO    ] crawl_pipeline |   Re-enqueued pending post: 1thief0
2026-05-21 08:07:45 [INFO    ] crawl_pipeline |   Re-enqueued pending post: 1ti14wa
2026-05-21 08:07:45 [INFO    ] crawl_pipeline |   Re-enqueued pending post: 1tigyrs
2026-05-21 08:07:45 [INFO    ] crawl_pipeline |   Re-enqueued pending post: 1tgk0v3
2026-05-21 08:07:45 [INFO    ] crawl_pipeline |   Re-enqueued pending post: 1thij13
2026-05-21 08:07:45 [INFO    ] crawl_pipeline |   Re-enqueued pending post: 1thuhuq
2026-05-21 08:07:45 [INFO    ] crawl_pipeline |   Re-enqueued pending post: 1thj49g
2026-05-21 08:07:45 [INFO    ] crawl_pipeline |   Re-enqueued pending post: 1thszp0
2026-05-21 08:07:45 [INFO    ] crawl_pipeline |   Re-enqueued pending post: 1ths6mx
2026-05-21 08:07:45 [INFO    ] crawl_pipeline |   Re-enqueued pending post: 1ti3dmg
2026-05-21 08:07:45 [INFO    ] crawl_pipeline |   Re-enqueued pending post: 1tj5rcg
2026-05-21 08:07:45 [INFO    ] crawl_pipeline |   Re-enqueued pending post: 1ti1gyu
2026-05-21 08:07:45 [INFO    ] crawl_pipeline |   Re-enqueued pending post: 1tgomfe
2026-05-21 08:07:45 [INFO    ] crawl_pipeline |   Re-enqueued pending post: 1ti199d
2026-05-21 08:07:45 [INFO    ] crawl_pipeline |   Re-enqueued pending post: 1ti186x
2026-05-21 08:07:45 [INFO    ] crawl_pipeline |   Re-enqueued pending post: 1thds4l
2026-05-21 08:07:45 [INFO    ] crawl_pipeline |   Re-enqueued pending post: 1ti68kz
2026-05-21 08:07:45 [INFO    ] crawl_pipeline |   Re-enqueued pending post: 1ti6hqn
2026-05-21 08:07:45 [INFO    ] crawl_pipeline |   Re-enqueued pending post: 1tidpvz
2026-05-21 08:07:45 [INFO    ] crawl_pipeline |   Re-enqueued pending post: 1tilk2z
2026-05-21 08:07:45 [INFO    ] crawl_pipeline |   Re-enqueued pending post: 1thit2e
2026-05-21 08:07:45 [INFO    ] crawl_pipeline |   Re-enqueued pending post: 1tifn3s
2026-05-21 08:07:45 [INFO    ] crawl_pipeline |   Re-enqueued pending post: 1thn7lp
2026-05-21 08:07:45 [INFO    ] crawl_pipeline |   Re-enqueued pending post: 1ti0r3l
2026-05-21 08:07:45 [INFO    ] crawl_pipeline |   Re-enqueued pending post: 1ti4kcj
2026-05-21 08:07:45 [INFO    ] crawl_pipeline |   Re-enqueued pending post: 1thk5a7
2026-05-21 08:07:45 [INFO    ] crawl_pipeline |   Re-enqueued pending post: 1tighow
2026-05-21 08:07:45 [INFO    ] crawl_pipeline |   Re-enqueued pending post: 1tifzx3
2026-05-21 08:07:45 [INFO    ] crawl_pipeline |   Re-enqueued pending post: 1ticukp
2026-05-21 08:07:45 [INFO    ] crawl_pipeline |   Re-enqueued pending post: 1th6ptd
2026-05-21 08:07:45 [INFO    ] crawl_pipeline |   Re-enqueued pending post: 1ti575f
2026-05-21 08:07:45 [INFO    ] crawl_pipeline |   Re-enqueued pending post: 1thrcfg
2026-05-21 08:07:45 [INFO    ] crawl_pipeline |   Re-enqueued pending post: 1ti9wc5
2026-05-21 08:07:45 [INFO    ] crawl_pipeline |   Re-enqueued pending post: 1tib9b2
2026-05-21 08:07:45 [INFO    ] crawl_pipeline |   Re-enqueued pending post: 1thuy2w
2026-05-21 08:07:45 [INFO    ] crawl_pipeline |   Re-enqueued pending post: 1thdnwm
2026-05-21 08:07:45 [INFO    ] crawl_pipeline |   Re-enqueued pending post: 1ticepg
2026-05-21 08:07:45 [INFO    ] crawl_pipeline |   Re-enqueued pending post: 1tio31k
2026-05-21 08:07:45 [INFO    ] crawl_pipeline |   Re-enqueued pending post: 1ti39rv
2026-05-21 08:07:45 [INFO    ] crawl_pipeline |   Re-enqueued pending post: 1thk0k5
2026-05-21 08:07:45 [INFO    ] crawl_pipeline |   Re-enqueued pending post: 1ti6yoa
2026-05-21 08:07:45 [INFO    ] crawl_pipeline |   Re-enqueued pending post: 1ti70vl
2026-05-21 08:07:45 [INFO    ] crawl_pipeline |   Re-enqueued pending post: 1thftb8
2026-05-21 08:07:45 [INFO    ] crawl_pipeline |   Re-enqueued pending post: 1ti4ne2
2026-05-21 08:07:45 [INFO    ] crawl_pipeline |   Re-enqueued pending post: 1tgskmq
2026-05-21 08:07:45 [INFO    ] crawl_pipeline |   Re-enqueued pending post: 1thmxcz
2026-05-21 08:07:45 [INFO    ] crawl_pipeline |   Re-enqueued pending post: 1ti6abx
2026-05-21 08:07:45 [INFO    ] crawl_pipeline |   Re-enqueued pending post: 1ti95pq
2026-05-21 08:07:45 [INFO    ] crawl_pipeline |   Re-enqueued pending post: 1ticjqq
2026-05-21 08:07:45 [INFO    ] crawl_pipeline |   Re-enqueued pending post: 1thk34y
2026-05-21 08:07:45 [INFO    ] crawl_pipeline |   Re-enqueued pending post: 1ti66j8
2026-05-21 08:07:45 [INFO    ] crawl_pipeline |   Re-enqueued pending post: 1tih0t0
2026-05-21 08:07:45 [INFO    ] crawl_pipeline |   Re-enqueued pending post: 1tgf9l7
2026-05-21 08:07:45 [INFO    ] crawl_pipeline |   Re-enqueued pending post: 1tge0md
2026-05-21 08:07:45 [INFO    ] crawl_pipeline |   Re-enqueued pending post: 1thk4ni
2026-05-21 08:07:45 [INFO    ] crawl_pipeline |   Re-enqueued pending post: 1tihlqf
2026-05-21 08:07:45 [INFO    ] crawl_pipeline |   Re-enqueued pending post: 1thk4a2
2026-05-21 08:07:45 [INFO    ] crawl_pipeline |   Re-enqueued pending post: 1thhb9d
2026-05-21 08:07:45 [INFO    ] crawl_pipeline |   Re-enqueued pending post: 1tiay9v
2026-05-21 08:07:45 [INFO    ] crawl_pipeline |   Re-enqueued pending post: 1ti96k4
2026-05-21 08:07:45 [INFO    ] crawl_pipeline |   Re-enqueued pending post: 1thkc4f
2026-05-21 08:07:45 [INFO    ] crawl_pipeline |   Re-enqueued pending post: 1thmeiz
2026-05-21 08:07:45 [INFO    ] crawl_pipeline |   Re-enqueued pending post: 1thecgs
2026-05-21 08:07:45 [INFO    ] crawl_pipeline |   Re-enqueued pending post: 1thvrtw
2026-05-21 08:07:45 [INFO    ] crawl_pipeline |   Re-enqueued pending post: 1then50
2026-05-21 08:07:45 [INFO    ] crawl_pipeline |   Re-enqueued pending post: 1tgrq3r
2026-05-21 08:07:45 [WARNING ] crawl_pipeline.comments | Rate-limited (429). Waiting 2s (attempt 1/5)
2026-05-21 08:07:48 [WARNING ] crawl_pipeline.comments | Rate-limited (429). Waiting 4s (attempt 2/5)
2026-05-21 08:07:52 [WARNING ] crawl_pipeline.comments | Rate-limited (429). Waiting 6s (attempt 3/5)
2026-05-21 08:07:58 [WARNING ] crawl_pipeline.comments | Rate-limited (429). Waiting 8s (attempt 4/5)
2026-05-21 08:08:06 [WARNING ] crawl_pipeline.comments | Rate-limited (429). Waiting 10s (attempt 5/5)
2026-05-21 08:08:16 [ERROR   ] crawl_pipeline.comments | Could not fetch comments for post 1tja2gb: Failed after 5 retries: https://www.reddit.com/r/finansial/comments/1tja2gb.json
2026-05-21 08:08:16 [ERROR   ] crawl_pipeline.worker-0 | [Worker 0] 1tja2gb failed: Failed after 5 retries: https://www.reddit.com/r/finansial/comments/1tja2gb.json
2026-05-21 08:08:18 [INFO    ] crawl_pipeline.worker-0 | [Worker 0] Processing 1tiif24 (kulineria) — "..."
2026-05-21 08:08:18 [INFO    ] crawl_pipeline |   Re-enqueued pending post: 1thrd8v
2026-05-21 08:08:18 [WARNING ] crawl_pipeline.comments | Rate-limited (429). Waiting 2s (attempt 1/5)
2026-05-21 08:08:21 [WARNING ] crawl_pipeline.comments | Rate-limited (429). Waiting 4s (attempt 2/5)
2026-05-21 08:08:25 [WARNING ] crawl_pipeline.comments | Rate-limited (429). Waiting 6s (attempt 3/5)
2026-05-21 08:08:31 [WARNING ] crawl_pipeline.comments | Rate-limited (429). Waiting 8s (attempt 4/5)
2026-05-21 08:08:39 [WARNING ] crawl_pipeline.comments | Rate-limited (429). Waiting 10s (attempt 5/5)
2026-05-21 08:08:49 [ERROR   ] crawl_pipeline.comments | Could not fetch comments for post 1tiif24: Failed after 5 retries: https://www.reddit.com/r/kulineria/comments/1tiif24.json
2026-05-21 08:08:49 [ERROR   ] crawl_pipeline.worker-0 | [Worker 0] 1tiif24 failed: Failed after 5 retries: https://www.reddit.com/r/kulineria/comments/1tiif24.json
2026-05-21 08:08:51 [INFO    ] crawl_pipeline |   Re-enqueued pending post: 1ti56r8
2026-05-21 08:08:51 [INFO    ] crawl_pipeline.worker-0 | [Worker 0] Processing 1thq8w1 (indocartalk) — "..."
2026-05-21 08:08:52 [WARNING ] crawl_pipeline.comments | Rate-limited (429). Waiting 2s (attempt 1/5)
2026-05-21 08:08:54 [WARNING ] crawl_pipeline.comments | Rate-limited (429). Waiting 4s (attempt 2/5)
2026-05-21 08:08:58 [WARNING ] crawl_pipeline.comments | Rate-limited (429). Waiting 6s (attempt 3/5)
2026-05-21 08:09:04 [WARNING ] crawl_pipeline.comments | Rate-limited (429). Waiting 8s (attempt 4/5)
2026-05-21 08:09:12 [WARNING ] crawl_pipeline.comments | Rate-limited (429). Waiting 10s (attempt 5/5)
2026-05-21 08:09:22 [ERROR   ] crawl_pipeline.comments | Could not fetch comments for post 1thq8w1: Failed after 5 retries: https://www.reddit.com/r/indocartalk/comments/1thq8w1.json
2026-05-21 08:09:22 [ERROR   ] crawl_pipeline.worker-0 | [Worker 0] 1thq8w1 failed: Failed after 5 retries: https://www.reddit.com/r/indocartalk/comments/1thq8w1.json
2026-05-21 08:09:24 [INFO    ] crawl_pipeline |   Re-enqueued pending post: 1ti38ud
2026-05-21 08:09:24 [INFO    ] crawl_pipeline.worker-0 | [Worker 0] Processing 1tj7pnj (indonesia) — "..."
2026-05-21 08:09:25 [WARNING ] crawl_pipeline.comments | Rate-limited (429). Waiting 2s (attempt 1/5)
2026-05-21 08:09:27 [WARNING ] crawl_pipeline.comments | Rate-limited (429). Waiting 4s (attempt 2/5)
2026-05-21 08:09:31 [WARNING ] crawl_pipeline.comments | Rate-limited (429). Waiting 6s (attempt 3/5)
2026-05-21 08:09:38 [WARNING ] crawl_pipeline.comments | Rate-limited (429). Waiting 8s (attempt 4/5)
2026-05-21 08:09:46 [WARNING ] crawl_pipeline.comments | Rate-limited (429). Waiting 10s (attempt 5/5)
2026-05-21 08:09:56 [ERROR   ] crawl_pipeline.comments | Could not fetch comments for post 1tj7pnj: Failed after 5 retries: https://www.reddit.com/r/indonesia/comments/1tj7pnj.json
2026-05-21 08:09:56 [ERROR   ] crawl_pipeline.worker-0 | [Worker 0] 1tj7pnj failed: Failed after 5 retries: https://www.reddit.com/r/indonesia/comments/1tj7pnj.json
2026-05-21 08:09:58 [INFO    ] crawl_pipeline |   Re-enqueued pending post: 1thh8r5
2026-05-21 08:09:58 [INFO    ] crawl_pipeline.worker-0 | [Worker 0] Processing 1tj5xnp (indotech) — "..."
2026-05-21 08:09:58 [WARNING ] crawl_pipeline.comments | Rate-limited (429). Waiting 2s (attempt 1/5)
2026-05-21 08:10:00 [INFO    ] crawl_pipeline.worker-0 | [Worker 0] 1tj5xnp done — 1 thread(s)
2026-05-21 08:10:02 [INFO    ] crawl_pipeline.worker-0 | [Worker 0] Processing 1tieaof (jualbeliindonesia) — "..."
2026-05-21 08:10:02 [INFO    ] crawl_pipeline |   Re-enqueued pending post: 1ti6xxd
2026-05-21 08:10:03 [INFO    ] crawl_pipeline.worker-0 | [Worker 0] 1tieaof done — 0 thread(s)
2026-05-21 08:10:05 [INFO    ] crawl_pipeline.worker-0 | [Worker 0] Processing 1tj9itd (finansial) — "..."
2026-05-21 08:10:05 [INFO    ] crawl_pipeline |   Re-enqueued pending post: 1thlbsk
2026-05-21 08:10:05 [INFO    ] crawl_pipeline.worker-0 | [Worker 0] 1tj9itd done — 0 thread(s)
2026-05-21 08:10:07 [INFO    ] crawl_pipeline.worker-0 | [Worker 0] Processing 1tj4a7c (WkwkwkLand) — "..."
2026-05-21 08:10:07 [INFO    ] crawl_pipeline |   Re-enqueued pending post: 1ti6p2w
2026-05-21 08:10:07 [INFO    ] crawl_pipeline.worker-0 | [Worker 0] 1tj4a7c done — 0 thread(s)
2026-05-21 08:10:09 [INFO    ] crawl_pipeline.worker-0 | [Worker 0] Processing 1tiifgd (Cekrek) — "..."
2026-05-21 08:10:09 [INFO    ] crawl_pipeline |   Re-enqueued pending post: 1thg5d8
2026-05-21 08:10:10 [INFO    ] crawl_pipeline.worker-0 | [Worker 0] 1tiifgd done — 0 thread(s)
2026-05-21 08:10:12 [INFO    ] crawl_pipeline.worker-0 | [Worker 0] Processing 1tj2bu4 (WkwkwkLand) — "..."
2026-05-21 08:10:12 [INFO    ] crawl_pipeline |   Re-enqueued pending post: 1ti69lw
2026-05-21 08:10:12 [INFO    ] crawl_pipeline.worker-0 | [Worker 0] 1tj2bu4 done — 0 thread(s)
2026-05-21 08:10:14 [INFO    ] crawl_pipeline.worker-0 | [Worker 0] Processing 1tihqb0 (WkwkwkLand) — "..."
2026-05-21 08:10:14 [INFO    ] crawl_pipeline |   Re-enqueued pending post: 1thamdl
2026-05-21 08:10:14 [INFO    ] crawl_pipeline.worker-0 | [Worker 0] 1tihqb0 done — 0 thread(s)
2026-05-21 08:10:16 [INFO    ] crawl_pipeline.worker-0 | [Worker 0] Processing 1tj3ayw (WkwkwkLand) — "..."
2026-05-21 08:10:16 [INFO    ] crawl_pipeline |   Re-enqueued pending post: 1tiifl9
2026-05-21 08:10:17 [INFO    ] crawl_pipeline.worker-0 | [Worker 0] 1tj3ayw done — 0 thread(s)
2026-05-21 08:10:19 [INFO    ] crawl_pipeline.worker-0 | [Worker 0] Processing 1tizh1i (jualbeliindonesia) — "..."
2026-05-21 08:10:19 [INFO    ] crawl_pipeline |   Re-enqueued pending post: 1thl78l
2026-05-21 08:10:19 [INFO    ] crawl_pipeline.worker-0 | [Worker 0] 1tizh1i done — 0 thread(s)
2026-05-21 08:10:21 [INFO    ] crawl_pipeline.worker-0 | [Worker 0] Processing 1tj640z (jualbeliindonesia) — "..."
2026-05-21 08:10:21 [INFO    ] crawl_pipeline |   Re-enqueued pending post: 1thnqbs
2026-05-21 08:10:22 [INFO    ] crawl_pipeline.worker-0 | [Worker 0] 1tj640z done — 0 thread(s)
2026-05-21 08:10:24 [INFO    ] crawl_pipeline.worker-0 | [Worker 0] Processing 1tiu1hq (BaliTravelTips) — "..."
2026-05-21 08:10:24 [INFO    ] crawl_pipeline |   Re-enqueued pending post: 1thkrza
2026-05-21 08:10:24 [INFO    ] crawl_pipeline.worker-0 | [Worker 0] 1tiu1hq done — 1 thread(s)
2026-05-21 08:10:26 [INFO    ] crawl_pipeline.worker-0 | [Worker 0] Processing 1tieur8 (jualbeliindonesia) — "..."
2026-05-21 08:10:26 [INFO    ] crawl_pipeline |   Re-enqueued pending post: 1they4x
2026-05-21 08:10:26 [INFO    ] crawl_pipeline.worker-0 | [Worker 0] 1tieur8 done — 0 thread(s)
2026-05-21 08:10:28 [INFO    ] crawl_pipeline.worker-0 | [Worker 0] Processing 1tir7fo (indowibu) — "..."
2026-05-21 08:10:28 [INFO    ] crawl_pipeline |   Re-enqueued pending post: 1thdd46
2026-05-21 08:10:29 [INFO    ] crawl_pipeline.worker-0 | [Worker 0] 1tir7fo done — 0 thread(s)
2026-05-21 08:10:31 [INFO    ] crawl_pipeline.worker-0 | [Worker 0] Processing 1tianvh (indonesiabebas) — "..."
2026-05-21 08:10:31 [INFO    ] crawl_pipeline |   Re-enqueued pending post: 1tho2m8
2026-05-21 08:10:31 [INFO    ] crawl_pipeline.worker-0 | [Worker 0] 1tianvh done — 0 thread(s)
2026-05-21 08:10:33 [INFO    ] crawl_pipeline.worker-0 | [Worker 0] Processing 1tigax5 (WkwkwkLand) — "..."
2026-05-21 08:10:33 [INFO    ] crawl_pipeline |   Re-enqueued pending post: 1thdjdx
2026-05-21 08:10:33 [INFO    ] crawl_pipeline.worker-0 | [Worker 0] 1tigax5 done — 0 thread(s)
2026-05-21 08:10:35 [INFO    ] crawl_pipeline.worker-0 | [Worker 0] Processing 1tid9yq (indowibu) — "..."
2026-05-21 08:10:35 [INFO    ] crawl_pipeline |   Re-enqueued pending post: 1thdocy
2026-05-21 08:10:35 [INFO    ] crawl_pipeline.worker-0 | [Worker 0] 1tid9yq done — 0 thread(s)
2026-05-21 08:10:38 [INFO    ] crawl_pipeline.worker-0 | [Worker 0] Processing 1ti5c9z (kulineria) — "..."
2026-05-21 08:10:38 [INFO    ] crawl_pipeline |   Re-enqueued pending post: 1thh6dn
2026-05-21 08:10:38 [INFO    ] crawl_pipeline.worker-0 | [Worker 0] 1ti5c9z done — 0 thread(s)
2026-05-21 08:10:40 [INFO    ] crawl_pipeline.worker-0 | [Worker 0] Processing 1ti906j (AdaIndonesiaCoy) — "..."
2026-05-21 08:10:40 [INFO    ] crawl_pipeline |   Re-enqueued pending post: 1thlt9w
2026-05-21 08:10:40 [INFO    ] crawl_pipeline.worker-0 | [Worker 0] 1ti906j done — 0 thread(s)
2026-05-21 08:10:42 [INFO    ] crawl_pipeline.worker-0 | [Worker 0] Processing 1tiiljn (indonesiabebas) — "..."
2026-05-21 08:10:42 [INFO    ] crawl_pipeline |   Re-enqueued pending post: 1thbozu
2026-05-21 08:10:43 [INFO    ] crawl_pipeline.worker-0 | [Worker 0] 1tiiljn done — 0 thread(s)
2026-05-21 08:10:45 [INFO    ] crawl_pipeline.worker-0 | [Worker 0] Processing 1tila69 (indonesia) — "..."
2026-05-21 08:10:45 [INFO    ] crawl_pipeline |   Re-enqueued pending post: 1tigik4
2026-05-21 08:10:45 [INFO    ] crawl_pipeline.worker-0 | [Worker 0] 1tila69 done — 0 thread(s)
2026-05-21 08:10:47 [INFO    ] crawl_pipeline.worker-0 | [Worker 0] Processing 1tilkir (indonesiabebas) — "..."
2026-05-21 08:10:47 [INFO    ] crawl_pipeline |   Re-enqueued pending post: 1tiajne
2026-05-21 08:10:47 [INFO    ] crawl_pipeline.worker-0 | [Worker 0] 1tilkir done — 0 thread(s)
2026-05-21 08:10:49 [INFO    ] crawl_pipeline.worker-0 | [Worker 0] Processing 1ti838n (AdaIndonesiaCoy) — "..."
2026-05-21 08:10:49 [INFO    ] crawl_pipeline |   Re-enqueued pending post: 1thuq3a
2026-05-21 08:10:50 [INFO    ] crawl_pipeline.worker-0 | [Worker 0] 1ti838n done — 0 thread(s)
2026-05-21 08:10:52 [INFO    ] crawl_pipeline.worker-0 | [Worker 0] Processing 1qf7pub (aku_ddn) — "..."
2026-05-21 08:10:52 [INFO    ] crawl_pipeline |   Re-enqueued pending post: 1thm3a8
2026-05-21 08:10:52 [INFO    ] crawl_pipeline.worker-0 | [Worker 0] 1qf7pub done — 0 thread(s)
2026-05-21 08:10:54 [INFO    ] crawl_pipeline.worker-0 | [Worker 0] Processing 1ti7fkp (indonesiabebas) — "..."
2026-05-21 08:10:54 [INFO    ] crawl_pipeline |   Re-enqueued pending post: 1thibar
2026-05-21 08:10:54 [INFO    ] crawl_pipeline.worker-0 | [Worker 0] 1ti7fkp done — 0 thread(s)
2026-05-21 08:10:56 [INFO    ] crawl_pipeline.worker-0 | [Worker 0] Processing 1tidzi1 (BaliTravelTips) — "..."
2026-05-21 08:10:56 [INFO    ] crawl_pipeline |   Re-enqueued pending post: 1ti18k9
2026-05-21 08:10:57 [INFO    ] crawl_pipeline.worker-0 | [Worker 0] 1tidzi1 done — 0 thread(s)
2026-05-21 08:10:59 [INFO    ] crawl_pipeline.worker-0 | [Worker 0] Processing 1tirt9a (indotech) — "..."
2026-05-21 08:10:59 [INFO    ] crawl_pipeline |   Re-enqueued pending post: 1ti4vbg
2026-05-21 08:10:59 [INFO    ] crawl_pipeline.worker-0 | [Worker 0] 1tirt9a done — 0 thread(s)
2026-05-21 08:11:01 [INFO    ] crawl_pipeline |   Re-enqueued pending post: 1thl7jk
2026-05-21 08:11:01 [INFO    ] crawl_pipeline.worker-0 | [Worker 0] Processing 1ti4q9w (indonesia) — "..."
2026-05-21 08:11:02 [INFO    ] crawl_pipeline.worker-0 | [Worker 0] 1ti4q9w done — 0 thread(s)
2026-05-21 08:11:04 [INFO    ] crawl_pipeline.worker-0 | [Worker 0] Processing 1tij0rt (indotech) — "..."
2026-05-21 08:11:04 [INFO    ] crawl_pipeline |   Re-enqueued pending post: 1ti8ycy
2026-05-21 08:11:04 [INFO    ] crawl_pipeline.worker-0 | [Worker 0] 1tij0rt done — 0 thread(s)
2026-05-21 08:11:06 [INFO    ] crawl_pipeline.worker-0 | [Worker 0] Processing 1thjuef (JudiSaham) — "..."
2026-05-21 08:11:06 [INFO    ] crawl_pipeline |   Re-enqueued pending post: 1thyff1
2026-05-21 08:11:07 [INFO    ] crawl_pipeline.worker-0 | [Worker 0] 1thjuef done — 0 thread(s)
2026-05-21 08:11:09 [INFO    ] crawl_pipeline.worker-0 | [Worker 0] Processing 1tift9f (AdaIndonesiaCoy) — "..."
2026-05-21 08:11:09 [INFO    ] crawl_pipeline |   Re-enqueued pending post: 1thai8a
2026-05-21 08:11:09 [INFO    ] crawl_pipeline.worker-0 | [Worker 0] 1tift9f done — 0 thread(s)
2026-05-21 08:11:11 [INFO    ] crawl_pipeline.worker-0 | [Worker 0] Processing 1tigy6p (kulineria) — "..."
2026-05-21 08:11:11 [INFO    ] crawl_pipeline |   Re-enqueued pending post: 1thdred
2026-05-21 08:11:11 [INFO    ] crawl_pipeline.worker-0 | [Worker 0] 1tigy6p done — 0 thread(s)
2026-05-21 08:11:13 [INFO    ] crawl_pipeline.worker-0 | [Worker 0] Processing 1tif8e6 (Jakarta) — "..."
2026-05-21 08:11:13 [INFO    ] crawl_pipeline |   Re-enqueued pending post: 1thdis1
2026-05-21 08:11:14 [INFO    ] crawl_pipeline.worker-0 | [Worker 0] 1tif8e6 done — 0 thread(s)
2026-05-21 08:11:16 [INFO    ] crawl_pipeline.worker-0 | [Worker 0] Processing 1ti51ke (IndoGamer) — "..."
2026-05-21 08:11:16 [INFO    ] crawl_pipeline |   Re-enqueued pending post: 1thdcdm
2026-05-21 08:11:16 [INFO    ] crawl_pipeline.worker-0 | [Worker 0] 1ti51ke done — 19 thread(s)
2026-05-21 08:11:18 [INFO    ] crawl_pipeline.worker-0 | [Worker 0] Processing 1tic8qr (WkwkwkLand) — "..."
2026-05-21 08:11:18 [INFO    ] crawl_pipeline |   Re-enqueued pending post: 1thksp8
2026-05-21 08:11:18 [INFO    ] crawl_pipeline.worker-0 | [Worker 0] 1tic8qr done — 0 thread(s)
2026-05-21 08:11:20 [INFO    ] crawl_pipeline.worker-0 | [Worker 0] Processing 1tj0m38 (WkwkwkLand) — "..."
2026-05-21 08:11:20 [INFO    ] crawl_pipeline |   Re-enqueued pending post: 1thjs64
2026-05-21 08:11:21 [INFO    ] crawl_pipeline.worker-0 | [Worker 0] 1tj0m38 done — 0 thread(s)
2026-05-21 08:11:23 [INFO    ] crawl_pipeline.worker-0 | [Worker 0] Processing 1tigzzr (jualbeliindonesia) — "..."
2026-05-21 08:11:23 [INFO    ] crawl_pipeline |   Re-enqueued pending post: 1thmg0d
2026-05-21 08:11:23 [INFO    ] crawl_pipeline.worker-0 | [Worker 0] 1tigzzr done — 0 thread(s)
2026-05-21 08:11:25 [INFO    ] crawl_pipeline.worker-0 | [Worker 0] Processing 1ti9490 (indonesia) — "..."
2026-05-21 08:11:25 [INFO    ] crawl_pipeline |   Re-enqueued pending post: 1thawdy
2026-05-21 08:11:26 [INFO    ] crawl_pipeline.worker-0 | [Worker 0] 1ti9490 done — 0 thread(s)
2026-05-21 08:11:28 [INFO    ] crawl_pipeline.worker-0 | [Worker 0] Processing 1ti8b9h (finansial) — "..."
2026-05-21 08:11:28 [INFO    ] crawl_pipeline |   Re-enqueued pending post: 1thkjg8
2026-05-21 08:11:29 [INFO    ] crawl_pipeline.worker-0 | [Worker 0] 1ti8b9h done — 0 thread(s)
2026-05-21 08:11:31 [INFO    ] crawl_pipeline.worker-0 | [Worker 0] Processing 1tijhqt (indowibu) — "..."
2026-05-21 08:11:31 [INFO    ] crawl_pipeline |   Re-enqueued pending post: 1thppld
2026-05-21 08:11:31 [INFO    ] crawl_pipeline.worker-0 | [Worker 0] 1tijhqt done — 0 thread(s)
2026-05-21 08:11:33 [INFO    ] crawl_pipeline.worker-0 | [Worker 0] Processing 1tiehjk (indonesia) — "..."
2026-05-21 08:11:33 [INFO    ] crawl_pipeline |   Re-enqueued pending post: 1tib8kg
2026-05-21 08:11:34 [INFO    ] crawl_pipeline.worker-0 | [Worker 0] 1tiehjk done — 0 thread(s)
2026-05-21 08:11:36 [INFO    ] crawl_pipeline.worker-0 | [Worker 0] Processing 1tic8aj (Perempuan) — "..."
2026-05-21 08:11:36 [INFO    ] crawl_pipeline |   Re-enqueued pending post: 1thrz79
2026-05-21 08:11:36 [INFO    ] crawl_pipeline.worker-0 | [Worker 0] 1tic8aj done — 0 thread(s)
2026-05-21 08:11:38 [INFO    ] crawl_pipeline.worker-0 | [Worker 0] Processing 1iuoy23 (Pisang) — "..."
2026-05-21 08:11:38 [INFO    ] crawl_pipeline |   Re-enqueued pending post: 1thtsci
2026-05-21 08:11:39 [INFO    ] crawl_pipeline.worker-0 | [Worker 0] 1iuoy23 done — 0 thread(s)
2026-05-21 08:11:41 [INFO    ] crawl_pipeline.worker-0 | [Worker 0] Processing 1tiph1t (WkwkwkLand) — "..."
2026-05-21 08:11:41 [INFO    ] crawl_pipeline |   Re-enqueued pending post: 1thk27b
2026-05-21 08:11:41 [INFO    ] crawl_pipeline.worker-0 | [Worker 0] 1tiph1t done — 0 thread(s)
2026-05-21 08:11:43 [INFO    ] crawl_pipeline |   Re-enqueued pending post: 1thuxsd
2026-05-21 08:11:43 [INFO    ] crawl_pipeline.worker-0 | [Worker 0] Processing 1ti58dq (WkwkwkLand) — "..."
2026-05-21 08:11:44 [INFO    ] crawl_pipeline.worker-0 | [Worker 0] 1ti58dq done — 0 thread(s)
2026-05-21 08:11:46 [INFO    ] crawl_pipeline |   Re-enqueued pending post: 1tiaoeg
2026-05-21 08:11:46 [INFO    ] crawl_pipeline.worker-0 | [Worker 0] Processing 1ti7668 (WkwkwkLand) — "..."
2026-05-21 08:11:47 [INFO    ] crawl_pipeline.worker-0 | [Worker 0] 1ti7668 done — 0 thread(s)
2026-05-21 08:11:49 [INFO    ] crawl_pipeline.worker-0 | [Worker 0] Processing 1tiby2f (WkwkwkLand) — "..."
2026-05-21 08:11:49 [INFO    ] crawl_pipeline |   Re-enqueued pending post: 1thjmfu
2026-05-21 08:11:49 [INFO    ] crawl_pipeline.worker-0 | [Worker 0] 1tiby2f done — 0 thread(s)
2026-05-21 08:11:51 [INFO    ] crawl_pipeline.worker-0 | [Worker 0] Processing 1ticwuf (indonesia) — "..."
2026-05-21 08:11:51 [INFO    ] crawl_pipeline |   Re-enqueued pending post: 1tg9ka0
2026-05-21 08:11:52 [INFO    ] crawl_pipeline.worker-0 | [Worker 0] 1ticwuf done — 0 thread(s)
2026-05-21 08:11:54 [INFO    ] crawl_pipeline.worker-0 | [Worker 0] Processing 1tint8e (IndoGamer) — "..."
2026-05-21 08:11:54 [INFO    ] crawl_pipeline |   Re-enqueued pending post: 1th5v40
2026-05-21 08:11:54 [INFO    ] crawl_pipeline.worker-0 | [Worker 0] 1tint8e done — 0 thread(s)
2026-05-21 08:11:56 [INFO    ] crawl_pipeline.worker-0 | [Worker 0] Processing 1thbb2h (indocartalk) — "..."
2026-05-21 08:11:56 [INFO    ] crawl_pipeline |   Re-enqueued pending post: 1thdhhh
2026-05-21 08:11:57 [INFO    ] crawl_pipeline.worker-0 | [Worker 0] 1thbb2h done — 7 thread(s)
2026-05-21 08:11:59 [INFO    ] crawl_pipeline.worker-0 | [Worker 0] Processing 1tinbvm (indonesia) — "..."
2026-05-21 08:11:59 [INFO    ] crawl_pipeline |   Re-enqueued pending post: 1thjile
2026-05-21 08:11:59 [INFO    ] crawl_pipeline.worker-0 | [Worker 0] 1tinbvm done — 0 thread(s)
2026-05-21 08:12:01 [INFO    ] crawl_pipeline.worker-0 | [Worker 0] Processing 1tifgob (finansial) — "..."
2026-05-21 08:12:01 [INFO    ] crawl_pipeline |   Re-enqueued pending post: 1thsglh
2026-05-21 08:12:01 [INFO    ] crawl_pipeline.worker-0 | [Worker 0] 1tifgob done — 4 thread(s)
2026-05-21 08:12:03 [INFO    ] crawl_pipeline.worker-0 | [Worker 0] Processing 1tid0og (indowibu) — "..."
2026-05-21 08:12:03 [INFO    ] crawl_pipeline |   Re-enqueued pending post: 1thkrgy
2026-05-21 08:12:04 [INFO    ] crawl_pipeline.worker-0 | [Worker 0] 1tid0og done — 10 thread(s)
2026-05-21 08:12:06 [INFO    ] crawl_pipeline.worker-0 | [Worker 0] Processing 1tifq6t (indonesia) — "..."
2026-05-21 08:12:06 [INFO    ] crawl_pipeline |   Re-enqueued pending post: 1thnc6a
2026-05-21 08:12:06 [INFO    ] crawl_pipeline.worker-0 | [Worker 0] 1tifq6t done — 0 thread(s)
2026-05-21 08:12:08 [INFO    ] crawl_pipeline.worker-0 | [Worker 0] Processing 1ti9d9e (jualbeliindonesia) — "..."
2026-05-21 08:12:08 [INFO    ] crawl_pipeline |   Re-enqueued pending post: 1thnlyx
2026-05-21 08:12:09 [INFO    ] crawl_pipeline.worker-0 | [Worker 0] 1ti9d9e done — 0 thread(s)
2026-05-21 08:12:11 [INFO    ] crawl_pipeline.worker-0 | [Worker 0] Processing 1tijl8l (indowibu) — "..."
2026-05-21 08:12:11 [INFO    ] crawl_pipeline |   Re-enqueued pending post: 1th7zj4
2026-05-21 08:12:11 [INFO    ] crawl_pipeline.worker-0 | [Worker 0] 1tijl8l done — 0 thread(s)
2026-05-21 08:12:13 [INFO    ] crawl_pipeline.worker-0 | [Worker 0] Processing 1tid27l (indonesia) — "..."
2026-05-21 08:12:13 [INFO    ] crawl_pipeline |   Re-enqueued pending post: 1thg5ax
2026-05-21 08:12:13 [INFO    ] crawl_pipeline.worker-0 | [Worker 0] 1tid27l done — 0 thread(s)
2026-05-21 08:12:15 [INFO    ] crawl_pipeline.worker-0 | [Worker 0] Processing 1thvv13 (indotech) — "..."
2026-05-21 08:12:15 [INFO    ] crawl_pipeline |   Re-enqueued pending post: 1thl14j
2026-05-21 08:12:16 [INFO    ] crawl_pipeline.worker-0 | [Worker 0] 1thvv13 done — 0 thread(s)
2026-05-21 08:12:18 [INFO    ] crawl_pipeline.worker-0 | [Worker 0] Processing 1tisptt (indonesia) — "..."
2026-05-21 08:12:18 [INFO    ] crawl_pipeline |   Re-enqueued pending post: 1thadgf
2026-05-21 08:12:18 [INFO    ] crawl_pipeline.worker-0 | [Worker 0] 1tisptt done — 0 thread(s)
2026-05-21 08:12:20 [INFO    ] crawl_pipeline.worker-0 | [Worker 0] Processing 1tierdb (WkwkwkLand) — "..."
2026-05-21 08:12:20 [INFO    ] crawl_pipeline |   Re-enqueued pending post: 1thdhlf
2026-05-21 08:12:21 [INFO    ] crawl_pipeline.worker-0 | [Worker 0] 1tierdb done — 0 thread(s)
2026-05-21 08:12:23 [INFO    ] crawl_pipeline.worker-0 | [Worker 0] Processing 1tie41f (WkwkwkLand) — "..."
2026-05-21 08:12:23 [INFO    ] crawl_pipeline |   Re-enqueued pending post: 1thhfr8
2026-05-21 08:12:23 [INFO    ] crawl_pipeline.worker-0 | [Worker 0] 1tie41f done — 0 thread(s)
2026-05-21 08:12:25 [INFO    ] crawl_pipeline.worker-0 | [Worker 0] Processing 1tie4o2 (jualbeliindonesia) — "..."
2026-05-21 08:12:25 [INFO    ] crawl_pipeline |   Re-enqueued pending post: 1tj4mw0
2026-05-21 08:12:25 [INFO    ] crawl_pipeline.worker-0 | [Worker 0] 1tie4o2 done — 0 thread(s)
2026-05-21 08:12:27 [INFO    ] crawl_pipeline.worker-0 | [Worker 0] Processing 1tieg4r (indotech) — "..."
2026-05-21 08:12:27 [INFO    ] crawl_pipeline |   Re-enqueued pending post: 1thhdec
2026-05-21 08:12:28 [INFO    ] crawl_pipeline.worker-0 | [Worker 0] 1tieg4r done — 3 thread(s)
2026-05-21 08:12:30 [INFO    ] crawl_pipeline.worker-0 | [Worker 0] Processing 1tijqnf (finansial) — "..."
2026-05-21 08:12:30 [INFO    ] crawl_pipeline |   Re-enqueued pending post: 1ti57b4
2026-05-21 08:12:30 [INFO    ] crawl_pipeline.worker-0 | [Worker 0] 1tijqnf done — 3 thread(s)
2026-05-21 08:12:32 [INFO    ] crawl_pipeline.worker-0 | [Worker 0] Processing 1tib5lu (AdaIndonesiaCoy) — "..."
2026-05-21 08:12:32 [INFO    ] crawl_pipeline |   Re-enqueued pending post: 1tj7agb
2026-05-21 08:12:32 [INFO    ] crawl_pipeline.worker-0 | [Worker 0] 1tib5lu done — 0 thread(s)
2026-05-21 08:12:34 [INFO    ] crawl_pipeline.worker-0 | [Worker 0] Processing 1ti3oi8 (Cekrek) — "..."
2026-05-21 08:12:34 [INFO    ] crawl_pipeline |   Re-enqueued pending post: 1thf2ch
2026-05-21 08:12:35 [INFO    ] crawl_pipeline.worker-0 | [Worker 0] 1ti3oi8 done — 0 thread(s)
2026-05-21 08:12:37 [INFO    ] crawl_pipeline |   Re-enqueued pending post: 1thd6i1
2026-05-21 08:12:37 [INFO    ] crawl_pipeline.worker-0 | [Worker 0] Processing 1tiq31g (WkwkwkLand) — "..."
2026-05-21 08:12:37 [INFO    ] crawl_pipeline.worker-0 | [Worker 0] 1tiq31g done — 0 thread(s)
2026-05-21 08:12:39 [INFO    ] crawl_pipeline.worker-0 | [Worker 0] Processing 1ti8n9v (kulineria) — "..."
2026-05-21 08:12:39 [INFO    ] crawl_pipeline |   Re-enqueued pending post: 1thrj6b
2026-05-21 08:12:39 [INFO    ] crawl_pipeline.worker-0 | [Worker 0] 1ti8n9v done — 0 thread(s)
2026-05-21 08:12:41 [INFO    ] crawl_pipeline.worker-0 | [Worker 0] Processing 1tieezc (indowibu) — "..."
2026-05-21 08:12:41 [INFO    ] crawl_pipeline |   Re-enqueued pending post: 1tijn76
2026-05-21 08:12:42 [INFO    ] crawl_pipeline.worker-0 | [Worker 0] 1tieezc done — 4 thread(s)
2026-05-21 08:12:44 [INFO    ] crawl_pipeline.worker-0 | [Worker 0] Processing 1tg58hq (IndonesiaPics) — "..."
2026-05-21 08:12:44 [INFO    ] crawl_pipeline |   Re-enqueued pending post: 1the8rp
2026-05-21 08:12:44 [INFO    ] crawl_pipeline.worker-0 | [Worker 0] 1tg58hq done — 0 thread(s)
2026-05-21 08:12:46 [INFO    ] crawl_pipeline |   Re-enqueued pending post: 1thbvzw
2026-05-21 08:12:46 [INFO    ] crawl_pipeline.worker-0 | [Worker 0] Processing 1tia4un (BaliTravelTips) — "..."
2026-05-21 08:12:46 [INFO    ] crawl_pipeline.worker-0 | [Worker 0] 1tia4un done — 1 thread(s)
2026-05-21 08:12:48 [INFO    ] crawl_pipeline.worker-0 | [Worker 0] Processing 1tie6u0 (WkwkwkLand) — "..."
2026-05-21 08:12:48 [INFO    ] crawl_pipeline |   Re-enqueued pending post: 1thru87
2026-05-21 08:12:49 [INFO    ] crawl_pipeline.worker-0 | [Worker 0] 1tie6u0 done — 0 thread(s)
2026-05-21 08:12:51 [INFO    ] crawl_pipeline.worker-0 | [Worker 0] Processing 1ti5nvy (indotech) — "..."
2026-05-21 08:12:51 [INFO    ] crawl_pipeline |   Re-enqueued pending post: 1thslsh
2026-05-21 08:12:51 [INFO    ] crawl_pipeline.worker-0 | [Worker 0] 1ti5nvy done — 8 thread(s)
2026-05-21 08:12:53 [INFO    ] crawl_pipeline.worker-0 | [Worker 0] Processing 1tj8iah (indonesia) — "..."
2026-05-21 08:12:53 [INFO    ] crawl_pipeline |   Re-enqueued pending post: 1thbqt0
2026-05-21 08:12:53 [INFO    ] crawl_pipeline.worker-0 | [Worker 0] 1tj8iah done — 8 thread(s)
2026-05-21 08:12:55 [INFO    ] crawl_pipeline.worker-0 | [Worker 0] Processing 1tiny21 (jualbeliindonesia) — "..."
2026-05-21 08:12:55 [INFO    ] crawl_pipeline |   Re-enqueued pending post: 1thnsvx
2026-05-21 08:12:56 [INFO    ] crawl_pipeline.worker-0 | [Worker 0] 1tiny21 done — 0 thread(s)
2026-05-21 08:12:58 [INFO    ] crawl_pipeline.worker-0 | [Worker 0] Processing 1tja8wz (WkwkwkLand) — "..."
2026-05-21 08:12:58 [INFO    ] crawl_pipeline |   Re-enqueued pending post: 1thckmk
2026-05-21 08:12:58 [INFO    ] crawl_pipeline.worker-0 | [Worker 0] 1tja8wz done — 0 thread(s)
2026-05-21 08:13:00 [INFO    ] crawl_pipeline.worker-0 | [Worker 0] Processing 1thepsr (Cekrek) — "..."
2026-05-21 08:13:00 [INFO    ] crawl_pipeline |   Re-enqueued pending post: 1th7lf6
2026-05-21 08:13:00 [INFO    ] crawl_pipeline.worker-0 | [Worker 0] 1thepsr done — 0 thread(s)
2026-05-21 08:13:02 [INFO    ] crawl_pipeline.worker-0 | [Worker 0] Processing 1tinrr4 (jualbeliindonesia) — "..."
2026-05-21 08:13:02 [INFO    ] crawl_pipeline |   Re-enqueued pending post: 1thiv5y
2026-05-21 08:13:03 [INFO    ] crawl_pipeline.worker-0 | [Worker 0] 1tinrr4 done — 0 thread(s)
2026-05-21 08:13:05 [INFO    ] crawl_pipeline.worker-0 | [Worker 0] Processing 1thgz72 (bali) — "..."
2026-05-21 08:13:05 [INFO    ] crawl_pipeline |   Re-enqueued pending post: 1thmo9e
2026-05-21 08:13:05 [INFO    ] crawl_pipeline.worker-0 | [Worker 0] 1thgz72 done — 0 thread(s)
2026-05-21 08:13:07 [INFO    ] crawl_pipeline.worker-0 | [Worker 0] Processing 1tibdoz (AdaIndonesiaCoy) — "..."
2026-05-21 08:13:07 [INFO    ] crawl_pipeline |   Re-enqueued pending post: 1thff4x
2026-05-21 08:13:07 [INFO    ] crawl_pipeline.worker-0 | [Worker 0] 1tibdoz done — 0 thread(s)
2026-05-21 08:13:09 [INFO    ] crawl_pipeline.worker-0 | [Worker 0] Processing 1tink0y (jualbeliindonesia) — "..."
2026-05-21 08:13:09 [INFO    ] crawl_pipeline |   Re-enqueued pending post: 1tii5oc
2026-05-21 08:13:10 [INFO    ] crawl_pipeline.worker-0 | [Worker 0] 1tink0y done — 0 thread(s)
2026-05-21 08:13:12 [INFO    ] crawl_pipeline.worker-0 | [Worker 0] Processing 1tiilja (WkwkwkLand) — "..."
2026-05-21 08:13:12 [INFO    ] crawl_pipeline |   Re-enqueued pending post: 1thgz0h
2026-05-21 08:13:13 [INFO    ] crawl_pipeline.worker-0 | [Worker 0] 1tiilja done — 0 thread(s)
2026-05-21 08:13:15 [INFO    ] crawl_pipeline.worker-0 | [Worker 0] Processing 1ti5m00 (indonesiabebas) — "..."
2026-05-21 08:13:15 [INFO    ] crawl_pipeline |   Re-enqueued pending post: 1tg59b7
2026-05-21 08:13:15 [INFO    ] crawl_pipeline.worker-0 | [Worker 0] 1ti5m00 done — 0 thread(s)
2026-05-21 08:13:17 [INFO    ] crawl_pipeline.worker-0 | [Worker 0] Processing 1tixlvv (indonesiabebas) — "..."
2026-05-21 08:13:17 [INFO    ] crawl_pipeline |   Re-enqueued pending post: 1thtmgx
2026-05-21 08:13:17 [INFO    ] crawl_pipeline.worker-0 | [Worker 0] 1tixlvv done — 0 thread(s)
2026-05-21 08:13:19 [INFO    ] crawl_pipeline.worker-0 | [Worker 0] Processing 1ti5hrt (AdaIndonesiaCoy) — "..."
2026-05-21 08:13:19 [INFO    ] crawl_pipeline |   Re-enqueued pending post: 1th9kvr
2026-05-21 08:13:19 [INFO    ] crawl_pipeline.worker-0 | [Worker 0] 1ti5hrt done — 0 thread(s)
2026-05-21 08:13:21 [INFO    ] crawl_pipeline |   Re-enqueued pending post: 1th5pca
2026-05-21 08:13:21 [INFO    ] crawl_pipeline.worker-0 | [Worker 0] Processing 1tiah1q (WkwkwkLand) — "..."
2026-05-21 08:13:22 [INFO    ] crawl_pipeline.worker-0 | [Worker 0] 1tiah1q done — 0 thread(s)
2026-05-21 08:13:24 [INFO    ] crawl_pipeline.worker-0 | [Worker 0] Processing 1ti7q2d (WkwkwkLand) — "..."
2026-05-21 08:13:24 [INFO    ] crawl_pipeline |   Re-enqueued pending post: 1thgy1n
2026-05-21 08:13:24 [INFO    ] crawl_pipeline.worker-0 | [Worker 0] 1ti7q2d done — 0 thread(s)
2026-05-21 08:13:26 [INFO    ] crawl_pipeline.worker-0 | [Worker 0] Processing 1ti8dl4 (BaliTravelTips) — "..."
2026-05-21 08:13:26 [INFO    ] crawl_pipeline |   Re-enqueued pending post: 1thfmda
2026-05-21 08:13:26 [INFO    ] crawl_pipeline.worker-0 | [Worker 0] 1ti8dl4 done — 0 thread(s)
2026-05-21 08:13:28 [INFO    ] crawl_pipeline.worker-0 | [Worker 0] Processing 1tihpq1 (AdaIndonesiaCoy) — "..."
2026-05-21 08:13:28 [INFO    ] crawl_pipeline |   Re-enqueued pending post: 1tginia
2026-05-21 08:13:29 [INFO    ] crawl_pipeline.worker-0 | [Worker 0] 1tihpq1 done — 0 thread(s)
2026-05-21 08:13:31 [INFO    ] crawl_pipeline.worker-0 | [Worker 0] Processing 1tid0ir (indotech) — "..."
2026-05-21 08:13:31 [INFO    ] crawl_pipeline |   Re-enqueued pending post: 1thf32o
2026-05-21 08:13:31 [INFO    ] crawl_pipeline.worker-0 | [Worker 0] 1tid0ir done — 0 thread(s)
2026-05-21 08:13:33 [INFO    ] crawl_pipeline |   Re-enqueued pending post: 1thes8u
2026-05-21 08:13:33 [INFO    ] crawl_pipeline.worker-0 | [Worker 0] Processing 1tikmbx (indonesia) — "..."
2026-05-21 08:13:34 [INFO    ] crawl_pipeline.worker-0 | [Worker 0] 1tikmbx done — 0 thread(s)
2026-05-21 08:13:36 [INFO    ] crawl_pipeline.worker-0 | [Worker 0] Processing 1tijdop (indonesia) — "..."
2026-05-21 08:13:36 [INFO    ] crawl_pipeline |   Re-enqueued pending post: 1thgvmr
2026-05-21 08:13:36 [INFO    ] crawl_pipeline.worker-0 | [Worker 0] 1tijdop done — 0 thread(s)
2026-05-21 08:13:38 [INFO    ] crawl_pipeline.worker-0 | [Worker 0] Processing 1tib7pj (jualbeliindonesia) — "..."
2026-05-21 08:13:38 [INFO    ] crawl_pipeline |   Re-enqueued pending post: 1tho4t4
2026-05-21 08:13:39 [INFO    ] crawl_pipeline.worker-0 | [Worker 0] 1tib7pj done — 0 thread(s)
2026-05-21 08:13:41 [INFO    ] crawl_pipeline.worker-0 | [Worker 0] Processing 1thqkds (indotech) — "..."
2026-05-21 08:13:41 [INFO    ] crawl_pipeline |   Re-enqueued pending post: 1th7eqk
2026-05-21 08:13:41 [INFO    ] crawl_pipeline.worker-0 | [Worker 0] 1thqkds done — 12 thread(s)
2026-05-21 08:13:43 [INFO    ] crawl_pipeline.worker-0 | [Worker 0] Processing 1tilphd (indonesiabebas) — "..."
2026-05-21 08:13:43 [INFO    ] crawl_pipeline |   Re-enqueued pending post: 1th9q0z
2026-05-21 08:13:44 [INFO    ] crawl_pipeline.worker-0 | [Worker 0] 1tilphd done — 0 thread(s)
2026-05-21 08:13:46 [INFO    ] crawl_pipeline.worker-0 | [Worker 0] Processing 1tileg8 (WkwkwkLand) — "..."
2026-05-21 08:13:46 [INFO    ] crawl_pipeline |   Re-enqueued pending post: 1tgmzuc
2026-05-21 08:13:46 [INFO    ] crawl_pipeline.worker-0 | [Worker 0] 1tileg8 done — 0 thread(s)
2026-05-21 08:13:48 [INFO    ] crawl_pipeline.worker-0 | [Worker 0] Processing 1tigjo0 (WkwkwkLand) — "..."
2026-05-21 08:13:48 [INFO    ] crawl_pipeline |   Re-enqueued pending post: 1th95x1
2026-05-21 08:13:48 [INFO    ] crawl_pipeline.worker-0 | [Worker 0] 1tigjo0 done — 0 thread(s)
2026-05-21 08:13:50 [INFO    ] crawl_pipeline |   Re-enqueued pending post: 1thes85
2026-05-21 08:13:50 [INFO    ] crawl_pipeline.worker-0 | [Worker 0] Processing 1ti8040 (indonesiabebas) — "..."
2026-05-21 08:13:51 [INFO    ] crawl_pipeline.worker-0 | [Worker 0] 1ti8040 done — 0 thread(s)
2026-05-21 08:13:53 [INFO    ] crawl_pipeline.worker-0 | [Worker 0] Processing 1ti85zc (indonesia) — "..."
2026-05-21 08:13:53 [INFO    ] crawl_pipeline |   Re-enqueued pending post: 1th9mr8
2026-05-21 08:13:53 [INFO    ] crawl_pipeline.worker-0 | [Worker 0] 1ti85zc done — 0 thread(s)
2026-05-21 08:13:55 [INFO    ] crawl_pipeline.worker-0 | [Worker 0] Processing 1ti6jwx (indonesia) — "..."
2026-05-21 08:13:55 [INFO    ] crawl_pipeline |   Re-enqueued pending post: 1thsjbp
2026-05-21 08:13:56 [INFO    ] crawl_pipeline.worker-0 | [Worker 0] 1ti6jwx done — 0 thread(s)
2026-05-21 08:13:58 [INFO    ] crawl_pipeline.worker-0 | [Worker 0] Processing 1tj7wno (WkwkwkLand) — "..."
2026-05-21 08:13:58 [INFO    ] crawl_pipeline |   Re-enqueued pending post: 1thcg0s
2026-05-21 08:13:59 [INFO    ] crawl_pipeline.worker-0 | [Worker 0] 1tj7wno done — 0 thread(s)
2026-05-21 08:14:01 [INFO    ] crawl_pipeline.worker-0 | [Worker 0] Processing 1tilsnv (WkwkwkLand) — "..."
2026-05-21 08:14:01 [INFO    ] crawl_pipeline |   Re-enqueued pending post: 1tha49r
2026-05-21 08:14:01 [WARNING ] crawl_pipeline.comments | Rate-limited (429). Waiting 2s (attempt 1/5)
2026-05-21 08:14:03 [WARNING ] crawl_pipeline.comments | Rate-limited (429). Waiting 4s (attempt 2/5)
2026-05-21 08:14:08 [WARNING ] crawl_pipeline.comments | Rate-limited (429). Waiting 6s (attempt 3/5)
2026-05-21 08:14:14 [WARNING ] crawl_pipeline.comments | Rate-limited (429). Waiting 8s (attempt 4/5)
2026-05-21 08:14:22 [WARNING ] crawl_pipeline.comments | Rate-limited (429). Waiting 10s (attempt 5/5)
2026-05-21 08:14:32 [ERROR   ] crawl_pipeline.comments | Could not fetch comments for post 1tilsnv: Failed after 5 retries: https://www.reddit.com/r/WkwkwkLand/comments/1tilsnv.json
2026-05-21 08:14:32 [ERROR   ] crawl_pipeline.worker-0 | [Worker 0] 1tilsnv failed: Failed after 5 retries: https://www.reddit.com/r/WkwkwkLand/comments/1tilsnv.json
2026-05-21 08:14:34 [INFO    ] crawl_pipeline |   Re-enqueued pending post: 1thh7k7
2026-05-21 08:14:34 [INFO    ] crawl_pipeline.worker-0 | [Worker 0] Processing 1tih0px (indonesia) — "..."
2026-05-21 08:14:35 [WARNING ] crawl_pipeline.comments | Rate-limited (429). Waiting 2s (attempt 1/5)
2026-05-21 08:14:37 [WARNING ] crawl_pipeline.comments | Rate-limited (429). Waiting 4s (attempt 2/5)
2026-05-21 08:14:41 [WARNING ] crawl_pipeline.comments | Rate-limited (429). Waiting 6s (attempt 3/5)
2026-05-21 08:14:47 [WARNING ] crawl_pipeline.comments | Rate-limited (429). Waiting 8s (attempt 4/5)
2026-05-21 08:14:55 [WARNING ] crawl_pipeline.comments | Rate-limited (429). Waiting 10s (attempt 5/5)
2026-05-21 08:15:05 [ERROR   ] crawl_pipeline.comments | Could not fetch comments for post 1tih0px: Failed after 5 retries: https://www.reddit.com/r/indonesia/comments/1tih0px.json
2026-05-21 08:15:05 [ERROR   ] crawl_pipeline.worker-0 | [Worker 0] 1tih0px failed: Failed after 5 retries: https://www.reddit.com/r/indonesia/comments/1tih0px.json
2026-05-21 08:15:07 [INFO    ] crawl_pipeline |   Re-enqueued pending post: 1thhi6f
2026-05-21 08:15:07 [INFO    ] crawl_pipeline.worker-0 | [Worker 0] Processing 1tjab3r (indonesia) — "..."
2026-05-21 08:15:08 [WARNING ] crawl_pipeline.comments | Rate-limited (429). Waiting 2s (attempt 1/5)
2026-05-21 08:15:10 [WARNING ] crawl_pipeline.comments | Rate-limited (429). Waiting 4s (attempt 2/5)
2026-05-21 08:15:14 [WARNING ] crawl_pipeline.comments | Rate-limited (429). Waiting 6s (attempt 3/5)
2026-05-21 08:15:21 [WARNING ] crawl_pipeline.comments | Rate-limited (429). Waiting 8s (attempt 4/5)
2026-05-21 08:15:29 [WARNING ] crawl_pipeline.comments | Rate-limited (429). Waiting 10s (attempt 5/5)
2026-05-21 08:15:39 [ERROR   ] crawl_pipeline.comments | Could not fetch comments for post 1tjab3r: Failed after 5 retries: https://www.reddit.com/r/indonesia/comments/1tjab3r.json
2026-05-21 08:15:39 [ERROR   ] crawl_pipeline.worker-0 | [Worker 0] 1tjab3r failed: Failed after 5 retries: https://www.reddit.com/r/indonesia/comments/1tjab3r.json
2026-05-21 08:15:41 [INFO    ] crawl_pipeline.worker-0 | [Worker 0] Processing 1ti8sv5 (WkwkwkLand) — "..."
2026-05-21 08:15:41 [INFO    ] crawl_pipeline |   Re-enqueued pending post: 1thtkd2
2026-05-21 08:15:41 [WARNING ] crawl_pipeline.comments | Rate-limited (429). Waiting 2s (attempt 1/5)
2026-05-21 08:15:43 [WARNING ] crawl_pipeline.comments | Rate-limited (429). Waiting 4s (attempt 2/5)
2026-05-21 08:15:48 [WARNING ] crawl_pipeline.comments | Rate-limited (429). Waiting 6s (attempt 3/5)
2026-05-21 08:15:54 [WARNING ] crawl_pipeline.comments | Rate-limited (429). Waiting 8s (attempt 4/5)
2026-05-21 08:16:02 [WARNING ] crawl_pipeline.comments | Rate-limited (429). Waiting 10s (attempt 5/5)
2026-05-21 08:16:12 [ERROR   ] crawl_pipeline.comments | Could not fetch comments for post 1ti8sv5: Failed after 5 retries: https://www.reddit.com/r/WkwkwkLand/comments/1ti8sv5.json
2026-05-21 08:16:12 [ERROR   ] crawl_pipeline.worker-0 | [Worker 0] 1ti8sv5 failed: Failed after 5 retries: https://www.reddit.com/r/WkwkwkLand/comments/1ti8sv5.json
2026-05-21 08:16:14 [INFO    ] crawl_pipeline |   Re-enqueued pending post: 1tgd4fn
2026-05-21 08:16:14 [INFO    ] crawl_pipeline.worker-0 | [Worker 0] Processing 1ti7lrk (indotech) — "..."
2026-05-21 08:16:14 [WARNING ] crawl_pipeline.comments | Rate-limited (429). Waiting 2s (attempt 1/5)
2026-05-21 08:16:16 [WARNING ] crawl_pipeline.comments | Rate-limited (429). Waiting 4s (attempt 2/5)
2026-05-21 08:16:21 [WARNING ] crawl_pipeline.comments | Rate-limited (429). Waiting 6s (attempt 3/5)
2026-05-21 08:16:27 [WARNING ] crawl_pipeline.comments | Rate-limited (429). Waiting 8s (attempt 4/5)
2026-05-21 08:16:35 [WARNING ] crawl_pipeline.comments | Rate-limited (429). Waiting 10s (attempt 5/5)
2026-05-21 08:16:45 [ERROR   ] crawl_pipeline.comments | Could not fetch comments for post 1ti7lrk: Failed after 5 retries: https://www.reddit.com/r/indotech/comments/1ti7lrk.json
2026-05-21 08:16:45 [ERROR   ] crawl_pipeline.worker-0 | [Worker 0] 1ti7lrk failed: Failed after 5 retries: https://www.reddit.com/r/indotech/comments/1ti7lrk.json
2026-05-21 08:16:47 [INFO    ] crawl_pipeline |   Re-enqueued pending post: 1thc84f
2026-05-21 08:16:47 [INFO    ] crawl_pipeline.worker-0 | [Worker 0] Processing 1tilf83 (indotech) — "..."
2026-05-21 08:16:48 [WARNING ] crawl_pipeline.comments | Rate-limited (429). Waiting 2s (attempt 1/5)
2026-05-21 08:16:50 [WARNING ] crawl_pipeline.comments | Rate-limited (429). Waiting 4s (attempt 2/5)
2026-05-21 08:16:54 [WARNING ] crawl_pipeline.comments | Rate-limited (429). Waiting 6s (attempt 3/5)
2026-05-21 08:17:00 [WARNING ] crawl_pipeline.comments | Rate-limited (429). Waiting 8s (attempt 4/5)
2026-05-21 08:17:08 [WARNING ] crawl_pipeline.comments | Rate-limited (429). Waiting 10s (attempt 5/5)
2026-05-21 08:17:18 [ERROR   ] crawl_pipeline.comments | Could not fetch comments for post 1tilf83: Failed after 5 retries: https://www.reddit.com/r/indotech/comments/1tilf83.json
2026-05-21 08:17:18 [ERROR   ] crawl_pipeline.worker-0 | [Worker 0] 1tilf83 failed: Failed after 5 retries: https://www.reddit.com/r/indotech/comments/1tilf83.json
2026-05-21 08:17:20 [INFO    ] crawl_pipeline.worker-0 | [Worker 0] Processing 1ti9v72 (jualbeliindonesia) — "..."
2026-05-21 08:17:20 [INFO    ] crawl_pipeline |   Re-enqueued pending post: 1ti1hx1
2026-05-21 08:17:21 [WARNING ] crawl_pipeline.comments | Rate-limited (429). Waiting 2s (attempt 1/5)
2026-05-21 08:17:23 [WARNING ] crawl_pipeline.comments | Rate-limited (429). Waiting 4s (attempt 2/5)
2026-05-21 08:17:27 [WARNING ] crawl_pipeline.comments | Rate-limited (429). Waiting 6s (attempt 3/5)
2026-05-21 08:17:33 [WARNING ] crawl_pipeline.comments | Rate-limited (429). Waiting 8s (attempt 4/5)
2026-05-21 08:17:42 [WARNING ] crawl_pipeline.comments | Rate-limited (429). Waiting 10s (attempt 5/5)
2026-05-21 08:17:52 [ERROR   ] crawl_pipeline.comments | Could not fetch comments for post 1ti9v72: Failed after 5 retries: https://www.reddit.com/r/jualbeliindonesia/comments/1ti9v72.json
2026-05-21 08:17:52 [ERROR   ] crawl_pipeline.worker-0 | [Worker 0] 1ti9v72 failed: Failed after 5 retries: https://www.reddit.com/r/jualbeliindonesia/comments/1ti9v72.json
2026-05-21 08:17:54 [INFO    ] crawl_pipeline.worker-0 | [Worker 0] Processing 1ti3012 (finansial) — "..."
2026-05-21 08:17:54 [INFO    ] crawl_pipeline |   Re-enqueued pending post: 1tggmhh
2026-05-21 08:17:54 [WARNING ] crawl_pipeline.comments | Rate-limited (429). Waiting 2s (attempt 1/5)
2026-05-21 08:17:56 [WARNING ] crawl_pipeline.comments | Rate-limited (429). Waiting 4s (attempt 2/5)
2026-05-21 08:18:01 [WARNING ] crawl_pipeline.comments | Rate-limited (429). Waiting 6s (attempt 3/5)
2026-05-21 08:18:07 [WARNING ] crawl_pipeline.comments | Rate-limited (429). Waiting 8s (attempt 4/5)
2026-05-21 08:18:15 [WARNING ] crawl_pipeline.comments | Rate-limited (429). Waiting 10s (attempt 5/5)
2026-05-21 08:18:25 [ERROR   ] crawl_pipeline.comments | Could not fetch comments for post 1ti3012: Failed after 5 retries: https://www.reddit.com/r/finansial/comments/1ti3012.json
2026-05-21 08:18:25 [ERROR   ] crawl_pipeline.worker-0 | [Worker 0] 1ti3012 failed: Failed after 5 retries: https://www.reddit.com/r/finansial/comments/1ti3012.json
2026-05-21 08:18:27 [INFO    ] crawl_pipeline.worker-0 | [Worker 0] Processing 1tho50j (indonesiabebas) — "..."
2026-05-21 08:18:27 [INFO    ] crawl_pipeline |   Re-enqueued pending post: 1thk35n
2026-05-21 08:18:27 [WARNING ] crawl_pipeline.comments | Rate-limited (429). Waiting 2s (attempt 1/5)
2026-05-21 08:18:29 [WARNING ] crawl_pipeline.comments | Rate-limited (429). Waiting 4s (attempt 2/5)
2026-05-21 08:18:34 [WARNING ] crawl_pipeline.comments | Rate-limited (429). Waiting 6s (attempt 3/5)
2026-05-21 08:18:40 [WARNING ] crawl_pipeline.comments | Rate-limited (429). Waiting 8s (attempt 4/5)
2026-05-21 08:18:48 [WARNING ] crawl_pipeline.comments | Rate-limited (429). Waiting 10s (attempt 5/5)
2026-05-21 08:18:58 [ERROR   ] crawl_pipeline.comments | Could not fetch comments for post 1tho50j: Failed after 5 retries: https://www.reddit.com/r/indonesiabebas/comments/1tho50j.json
2026-05-21 08:18:58 [ERROR   ] crawl_pipeline.worker-0 | [Worker 0] 1tho50j failed: Failed after 5 retries: https://www.reddit.com/r/indonesiabebas/comments/1tho50j.json
2026-05-21 08:19:00 [INFO    ] crawl_pipeline |   Re-enqueued pending post: 1tiu4xb
2026-05-21 08:19:00 [INFO    ] crawl_pipeline.worker-0 | [Worker 0] Processing 1ti9u6y (indowibu) — "..."
2026-05-21 08:19:00 [WARNING ] crawl_pipeline.comments | Rate-limited (429). Waiting 2s (attempt 1/5)
2026-05-21 08:19:02 [WARNING ] crawl_pipeline.comments | Rate-limited (429). Waiting 4s (attempt 2/5)
2026-05-21 08:19:07 [WARNING ] crawl_pipeline.comments | Rate-limited (429). Waiting 6s (attempt 3/5)
2026-05-21 08:19:13 [WARNING ] crawl_pipeline.comments | Rate-limited (429). Waiting 8s (attempt 4/5)
2026-05-21 08:19:21 [WARNING ] crawl_pipeline.comments | Rate-limited (429). Waiting 10s (attempt 5/5)
2026-05-21 08:19:31 [ERROR   ] crawl_pipeline.comments | Could not fetch comments for post 1ti9u6y: Failed after 5 retries: https://www.reddit.com/r/indowibu/comments/1ti9u6y.json
2026-05-21 08:19:31 [ERROR   ] crawl_pipeline.worker-0 | [Worker 0] 1ti9u6y failed: Failed after 5 retries: https://www.reddit.com/r/indowibu/comments/1ti9u6y.json
2026-05-21 08:19:33 [INFO    ] crawl_pipeline.worker-0 | [Worker 0] Processing 1tiim8o (indonesia) — "..."
2026-05-21 08:19:33 [INFO    ] crawl_pipeline |   Re-enqueued pending post: 1thb4io
2026-05-21 08:19:33 [WARNING ] crawl_pipeline.comments | Rate-limited (429). Waiting 2s (attempt 1/5)
2026-05-21 08:19:36 [WARNING ] crawl_pipeline.comments | Rate-limited (429). Waiting 4s (attempt 2/5)
2026-05-21 08:19:40 [WARNING ] crawl_pipeline.comments | Rate-limited (429). Waiting 6s (attempt 3/5)
2026-05-21 08:19:46 [WARNING ] crawl_pipeline.comments | Rate-limited (429). Waiting 8s (attempt 4/5)
2026-05-21 08:19:54 [WARNING ] crawl_pipeline.comments | Rate-limited (429). Waiting 10s (attempt 5/5)
2026-05-21 08:20:04 [ERROR   ] crawl_pipeline.comments | Could not fetch comments for post 1tiim8o: Failed after 5 retries: https://www.reddit.com/r/indonesia/comments/1tiim8o.json
2026-05-21 08:20:04 [ERROR   ] crawl_pipeline.worker-0 | [Worker 0] 1tiim8o failed: Failed after 5 retries: https://www.reddit.com/r/indonesia/comments/1tiim8o.json
2026-05-21 08:20:06 [INFO    ] crawl_pipeline |   Re-enqueued pending post: 1thdnm0
2026-05-21 08:20:06 [INFO    ] crawl_pipeline.worker-0 | [Worker 0] Processing 1ti3c1n (indonesiabebas) — "..."
2026-05-21 08:20:07 [INFO    ] crawl_pipeline.worker-0 | [Worker 0] 1ti3c1n done — 4 thread(s)
2026-05-21 08:20:09 [INFO    ] crawl_pipeline.worker-0 | [Worker 0] Processing 1tigcgs (WkwkwkLand) — "..."
2026-05-21 08:20:09 [INFO    ] crawl_pipeline |   Re-enqueued pending post: 1th7cuw
2026-05-21 08:20:09 [INFO    ] crawl_pipeline.worker-0 | [Worker 0] 1tigcgs done — 0 thread(s)
2026-05-21 08:20:11 [INFO    ] crawl_pipeline.worker-0 | [Worker 0] Processing 1thqgu6 (finansial) — "..."
2026-05-21 08:20:11 [INFO    ] crawl_pipeline |   Re-enqueued pending post: 1thl54r
2026-05-21 08:20:11 [INFO    ] crawl_pipeline.worker-0 | [Worker 0] 1thqgu6 done — 0 thread(s)
2026-05-21 08:20:13 [INFO    ] crawl_pipeline.worker-0 | [Worker 0] Processing 1ti1bfc (indonesiabebas) — "..."
2026-05-21 08:20:13 [INFO    ] crawl_pipeline |   Re-enqueued pending post: 1th5mow
2026-05-21 08:20:14 [INFO    ] crawl_pipeline.worker-0 | [Worker 0] 1ti1bfc done — 0 thread(s)
2026-05-21 08:20:16 [INFO    ] crawl_pipeline.worker-0 | [Worker 0] Processing 1tif12d (AdaIndonesiaCoy) — "..."
2026-05-21 08:20:16 [INFO    ] crawl_pipeline |   Re-enqueued pending post: 1th5twq
2026-05-21 08:20:16 [INFO    ] crawl_pipeline.worker-0 | [Worker 0] 1tif12d done — 0 thread(s)
2026-05-21 08:20:18 [INFO    ] crawl_pipeline |   Re-enqueued pending post: 1thdlpp
2026-05-21 08:20:18 [INFO    ] crawl_pipeline.worker-0 | [Worker 0] Processing 1tia1hv (indotech) — "..."
2026-05-21 08:20:18 [INFO    ] crawl_pipeline.worker-0 | [Worker 0] 1tia1hv done — 0 thread(s)
2026-05-21 08:20:20 [INFO    ] crawl_pipeline.worker-0 | [Worker 0] Processing 1thzio6 (BaliTravelTips) — "..."
2026-05-21 08:20:20 [INFO    ] crawl_pipeline |   Re-enqueued pending post: 1thg94r
2026-05-21 08:20:21 [INFO    ] crawl_pipeline.worker-0 | [Worker 0] 1thzio6 done — 3 thread(s)
2026-05-21 08:20:23 [INFO    ] crawl_pipeline.worker-0 | [Worker 0] Processing 1tiqhcj (indotech) — "..."
2026-05-21 08:20:23 [INFO    ] crawl_pipeline |   Re-enqueued pending post: 1thgvxz
2026-05-21 08:20:23 [INFO    ] crawl_pipeline.worker-0 | [Worker 0] 1tiqhcj done — 0 thread(s)
2026-05-21 08:20:25 [INFO    ] crawl_pipeline.worker-0 | [Worker 0] Processing 1tiizi1 (indonesiabebas) — "..."
2026-05-21 08:20:25 [INFO    ] crawl_pipeline |   Re-enqueued pending post: 1thazzi
2026-05-21 08:20:25 [INFO    ] crawl_pipeline.worker-0 | [Worker 0] 1tiizi1 done — 0 thread(s)
2026-05-21 08:20:27 [INFO    ] crawl_pipeline.worker-0 | [Worker 0] Processing 1tj3xo0 (indonesia) — "..."
2026-05-21 08:20:27 [INFO    ] crawl_pipeline |   Re-enqueued pending post: 1thodgi
2026-05-21 08:20:29 [INFO    ] crawl_pipeline.worker-0 | [Worker 0] 1tj3xo0 done — 24 thread(s)
2026-05-21 08:20:31 [INFO    ] crawl_pipeline.worker-0 | [Worker 0] Processing 1tiezg0 (WkwkwkLand) — "..."
2026-05-21 08:20:31 [INFO    ] crawl_pipeline |   Re-enqueued pending post: 1thcc3g
2026-05-21 08:20:31 [INFO    ] crawl_pipeline.worker-0 | [Worker 0] 1tiezg0 done — 0 thread(s)
2026-05-21 08:20:33 [INFO    ] crawl_pipeline.worker-0 | [Worker 0] Processing 1tiip1x (WkwkwkLand) — "..."
2026-05-21 08:20:33 [INFO    ] crawl_pipeline |   Re-enqueued pending post: 1tgkzkd
2026-05-21 08:20:33 [INFO    ] crawl_pipeline.worker-0 | [Worker 0] 1tiip1x done — 0 thread(s)
2026-05-21 08:20:35 [INFO    ] crawl_pipeline.worker-0 | [Worker 0] Processing 1timyvm (indonesia) — "..."
2026-05-21 08:20:35 [INFO    ] crawl_pipeline |   Re-enqueued pending post: 1ti4nqw
2026-05-21 08:20:36 [INFO    ] crawl_pipeline.worker-0 | [Worker 0] 1timyvm done — 0 thread(s)
2026-05-21 08:20:38 [INFO    ] crawl_pipeline.worker-0 | [Worker 0] Processing 1tifmkq (indonesia) — "..."
2026-05-21 08:20:38 [INFO    ] crawl_pipeline |   Re-enqueued pending post: 1thfs0w
2026-05-21 08:20:39 [INFO    ] crawl_pipeline.worker-0 | [Worker 0] 1tifmkq done — 0 thread(s)
2026-05-21 08:20:41 [INFO    ] crawl_pipeline.worker-0 | [Worker 0] Processing 1tiewyo (indotech) — "..."
2026-05-21 08:20:41 [INFO    ] crawl_pipeline |   Re-enqueued pending post: 1th9w1q
2026-05-21 08:20:41 [INFO    ] crawl_pipeline.worker-0 | [Worker 0] 1tiewyo done — 2 thread(s)
2026-05-21 08:20:43 [INFO    ] crawl_pipeline.worker-0 | [Worker 0] Processing 1ti1cbs (indowibu) — "..."
2026-05-21 08:20:43 [INFO    ] crawl_pipeline |   Re-enqueued pending post: 1tgrbo6
2026-05-21 08:20:43 [INFO    ] crawl_pipeline.worker-0 | [Worker 0] 1ti1cbs done — 0 thread(s)
2026-05-21 08:20:45 [INFO    ] crawl_pipeline.worker-0 | [Worker 0] Processing 1tig5si (indonesiabebas) — "..."
2026-05-21 08:20:45 [INFO    ] crawl_pipeline |   Re-enqueued pending post: 1thd86t
2026-05-21 08:20:45 [INFO    ] crawl_pipeline.worker-0 | [Worker 0] 1tig5si done — 0 thread(s)
2026-05-21 08:20:47 [INFO    ] crawl_pipeline |   Re-enqueued pending post: 1thk1mq
2026-05-21 08:20:47 [INFO    ] crawl_pipeline.worker-0 | [Worker 0] Processing 1tis7hg (IndoGamer) — "..."
2026-05-21 08:20:48 [INFO    ] crawl_pipeline.worker-0 | [Worker 0] 1tis7hg done — 0 thread(s)
2026-05-21 08:20:50 [INFO    ] crawl_pipeline |   Re-enqueued pending post: 1thmgli
2026-05-21 08:20:50 [INFO    ] crawl_pipeline.worker-0 | [Worker 0] Processing 1ti57it (indotech) — "..."
2026-05-21 08:20:50 [INFO    ] crawl_pipeline.worker-0 | [Worker 0] 1ti57it done — 0 thread(s)
2026-05-21 08:20:52 [INFO    ] crawl_pipeline.worker-0 | [Worker 0] Processing 1thao89 (indotech) — "..."
2026-05-21 08:20:52 [INFO    ] crawl_pipeline |   Re-enqueued pending post: 1th7luw
2026-05-21 08:20:53 [INFO    ] crawl_pipeline.worker-0 | [Worker 0] 1thao89 done — 0 thread(s)
2026-05-21 08:20:55 [INFO    ] crawl_pipeline.worker-0 | [Worker 0] Processing 1thief0 (IndoGamer) — "..."
2026-05-21 08:20:55 [INFO    ] crawl_pipeline |   Re-enqueued pending post: 1thbcex
2026-05-21 08:20:56 [INFO    ] crawl_pipeline.worker-0 | [Worker 0] 1thief0 done — 0 thread(s)
2026-05-21 08:20:58 [INFO    ] crawl_pipeline.worker-0 | [Worker 0] Processing 1ti14wa (indonesia) — "..."
2026-05-21 08:20:58 [INFO    ] crawl_pipeline |   Re-enqueued pending post: 1thfceh
2026-05-21 08:20:58 [INFO    ] crawl_pipeline.worker-0 | [Worker 0] 1ti14wa done — 0 thread(s)
2026-05-21 08:21:00 [INFO    ] crawl_pipeline.worker-0 | [Worker 0] Processing 1tigyrs (jualbeliindonesia) — "..."
2026-05-21 08:21:00 [INFO    ] crawl_pipeline |   Re-enqueued pending post: 1thhixr
2026-05-21 08:21:01 [INFO    ] crawl_pipeline.worker-0 | [Worker 0] 1tigyrs done — 0 thread(s)
2026-05-21 08:21:03 [INFO    ] crawl_pipeline.worker-0 | [Worker 0] Processing 1tgk0v3 (indocartalk) — "..."
2026-05-21 08:21:03 [INFO    ] crawl_pipeline |   Re-enqueued pending post: 1thh0e9
2026-05-21 08:21:04 [INFO    ] crawl_pipeline.worker-0 | [Worker 0] 1tgk0v3 done — 0 thread(s)
2026-05-21 08:21:06 [INFO    ] crawl_pipeline.worker-0 | [Worker 0] Processing 1thij13 (Cekrek) — "..."
2026-05-21 08:21:06 [INFO    ] crawl_pipeline |   Re-enqueued pending post: 1thffzf
2026-05-21 08:21:06 [INFO    ] crawl_pipeline.worker-0 | [Worker 0] 1thij13 done — 0 thread(s)
2026-05-21 08:21:08 [INFO    ] crawl_pipeline.worker-0 | [Worker 0] Processing 1thuhuq (AdaIndonesiaCoy) — "..."
2026-05-21 08:21:08 [INFO    ] crawl_pipeline |   Re-enqueued pending post: 1ittu5j
2026-05-21 08:21:08 [INFO    ] crawl_pipeline.worker-0 | [Worker 0] 1thuhuq done — 0 thread(s)
2026-05-21 08:21:10 [INFO    ] crawl_pipeline.worker-0 | [Worker 0] Processing 1thj49g (WkwkwkLand) — "..."
2026-05-21 08:21:10 [INFO    ] crawl_pipeline |   Re-enqueued pending post: 1th9y3g
2026-05-21 08:21:12 [INFO    ] crawl_pipeline.worker-0 | [Worker 0] 1thj49g done — 0 thread(s)
2026-05-21 08:21:14 [INFO    ] crawl_pipeline |   Re-enqueued pending post: 1thh31i
2026-05-21 08:21:14 [INFO    ] crawl_pipeline.worker-0 | [Worker 0] Processing 1thszp0 (IndoGamer) — "..."
2026-05-21 08:21:14 [INFO    ] crawl_pipeline.worker-0 | [Worker 0] 1thszp0 done — 0 thread(s)
2026-05-21 08:21:16 [INFO    ] crawl_pipeline.worker-0 | [Worker 0] Processing 1ths6mx (Cekrek) — "..."
2026-05-21 08:21:16 [INFO    ] crawl_pipeline |   Re-enqueued pending post: 1themay
2026-05-21 08:21:17 [INFO    ] crawl_pipeline.worker-0 | [Worker 0] 1ths6mx done — 0 thread(s)
2026-05-21 08:21:19 [INFO    ] crawl_pipeline.worker-0 | [Worker 0] Processing 1ti3dmg (indotech) — "..."
2026-05-21 08:21:19 [INFO    ] crawl_pipeline |   Re-enqueued pending post: 1thbde3
2026-05-21 08:21:19 [INFO    ] crawl_pipeline.worker-0 | [Worker 0] 1ti3dmg done — 0 thread(s)
2026-05-21 08:21:21 [INFO    ] crawl_pipeline.worker-0 | [Worker 0] Processing 1tj5rcg (indonesia) — "..."
2026-05-21 08:21:21 [INFO    ] crawl_pipeline |   Re-enqueued pending post: 1th4eyy
2026-05-21 08:21:22 [INFO    ] crawl_pipeline.worker-0 | [Worker 0] 1tj5rcg done — 0 thread(s)
2026-05-21 08:21:24 [INFO    ] crawl_pipeline.worker-0 | [Worker 0] Processing 1ti1gyu (BaliTravelTips) — "..."
2026-05-21 08:21:24 [INFO    ] crawl_pipeline |   Re-enqueued pending post: 1tgobf6
2026-05-21 08:21:24 [INFO    ] crawl_pipeline.worker-0 | [Worker 0] 1ti1gyu done — 1 thread(s)
2026-05-21 08:21:26 [INFO    ] crawl_pipeline.worker-0 | [Worker 0] Processing 1tgomfe (indocartalk) — "..."
2026-05-21 08:21:26 [INFO    ] crawl_pipeline |   Re-enqueued pending post: 1thux14
2026-05-21 08:21:27 [INFO    ] crawl_pipeline.worker-0 | [Worker 0] 1tgomfe done — 0 thread(s)
2026-05-21 08:21:29 [INFO    ] crawl_pipeline.worker-0 | [Worker 0] Processing 1ti199d (BaliTravelTips) — "..."
2026-05-21 08:21:29 [INFO    ] crawl_pipeline |   Re-enqueued pending post: 1th7lq7
2026-05-21 08:21:29 [INFO    ] crawl_pipeline.worker-0 | [Worker 0] 1ti199d done — 2 thread(s)
2026-05-21 08:21:31 [INFO    ] crawl_pipeline.worker-0 | [Worker 0] Processing 1ti186x (BaliTravelTips) — "..."
2026-05-21 08:21:31 [INFO    ] crawl_pipeline |   Re-enqueued pending post: 1tgaq4h
2026-05-21 08:21:31 [INFO    ] crawl_pipeline.worker-0 | [Worker 0] 1ti186x done — 2 thread(s)
2026-05-21 08:21:33 [INFO    ] crawl_pipeline.worker-0 | [Worker 0] Processing 1thds4l (kulineria) — "..."
2026-05-21 08:21:33 [INFO    ] crawl_pipeline |   Re-enqueued pending post: 1thfesk
2026-05-21 08:21:34 [INFO    ] crawl_pipeline.worker-0 | [Worker 0] 1thds4l done — 0 thread(s)
2026-05-21 08:21:36 [INFO    ] crawl_pipeline.worker-0 | [Worker 0] Processing 1ti68kz (AdaIndonesiaCoy) — "..."
2026-05-21 08:21:36 [INFO    ] crawl_pipeline |   Re-enqueued pending post: 1ths266
2026-05-21 08:21:36 [INFO    ] crawl_pipeline.worker-0 | [Worker 0] 1ti68kz done — 0 thread(s)
2026-05-21 08:21:38 [INFO    ] crawl_pipeline.worker-0 | [Worker 0] Processing 1ti6hqn (indonesia) — "..."
2026-05-21 08:21:38 [INFO    ] crawl_pipeline |   Re-enqueued pending post: 1thikhs
2026-05-21 08:21:39 [INFO    ] crawl_pipeline.worker-0 | [Worker 0] 1ti6hqn done — 0 thread(s)
2026-05-21 08:21:41 [INFO    ] crawl_pipeline.worker-0 | [Worker 0] Processing 1tidpvz (indonesia) — "..."
2026-05-21 08:21:41 [INFO    ] crawl_pipeline |   Re-enqueued pending post: 1tipqwi
2026-05-21 08:21:42 [INFO    ] crawl_pipeline.worker-0 | [Worker 0] 1tidpvz done — 0 thread(s)
2026-05-21 08:21:44 [INFO    ] crawl_pipeline.worker-0 | [Worker 0] Processing 1tilk2z (WkwkwkLand) — "..."
2026-05-21 08:21:44 [INFO    ] crawl_pipeline |   Re-enqueued pending post: 1thrxj8
2026-05-21 08:21:44 [INFO    ] crawl_pipeline.worker-0 | [Worker 0] 1tilk2z done — 0 thread(s)
2026-05-21 08:21:46 [INFO    ] crawl_pipeline.worker-0 | [Worker 0] Processing 1thit2e (indowibu) — "..."
2026-05-21 08:21:46 [INFO    ] crawl_pipeline |   Re-enqueued pending post: 1thc4ui
2026-05-21 08:21:47 [INFO    ] crawl_pipeline.worker-0 | [Worker 0] 1thit2e done — 3 thread(s)
2026-05-21 08:21:49 [INFO    ] crawl_pipeline.worker-0 | [Worker 0] Processing 1tifn3s (jualbeliindonesia) — "..."
2026-05-21 08:21:49 [INFO    ] crawl_pipeline |   Re-enqueued pending post: 1thcsuf
2026-05-21 08:21:49 [INFO    ] crawl_pipeline.worker-0 | [Worker 0] 1tifn3s done — 0 thread(s)
2026-05-21 08:21:51 [INFO    ] crawl_pipeline.worker-0 | [Worker 0] Processing 1thn7lp (WkwkwkLand) — "..."
2026-05-21 08:21:51 [INFO    ] crawl_pipeline |   Re-enqueued pending post: 1tha5gf
2026-05-21 08:21:51 [INFO    ] crawl_pipeline.worker-0 | [Worker 0] 1thn7lp done — 0 thread(s)
2026-05-21 08:21:53 [INFO    ] crawl_pipeline.worker-0 | [Worker 0] Processing 1ti0r3l (BaliTravelTips) — "..."
2026-05-21 08:21:53 [INFO    ] crawl_pipeline |   Re-enqueued pending post: 1th6u9g
2026-05-21 08:21:54 [INFO    ] crawl_pipeline.worker-0 | [Worker 0] 1ti0r3l done — 0 thread(s)
2026-05-21 08:21:56 [INFO    ] crawl_pipeline |   Re-enqueued pending post: 1thgcy2
2026-05-21 08:21:56 [INFO    ] crawl_pipeline.worker-0 | [Worker 0] Processing 1ti4kcj (indonesia) — "..."
2026-05-21 08:21:56 [INFO    ] crawl_pipeline.worker-0 | [Worker 0] 1ti4kcj done — 0 thread(s)
2026-05-21 08:21:58 [INFO    ] crawl_pipeline.worker-0 | [Worker 0] Processing 1thk5a7 (indowibu) — "..."
2026-05-21 08:21:58 [INFO    ] crawl_pipeline |   Re-enqueued pending post: 1til2t1
2026-05-21 08:21:58 [INFO    ] crawl_pipeline.worker-0 | [Worker 0] 1thk5a7 done — 0 thread(s)
2026-05-21 08:22:00 [INFO    ] crawl_pipeline.worker-0 | [Worker 0] Processing 1tighow (WkwkwkLand) — "..."
2026-05-21 08:22:00 [INFO    ] crawl_pipeline |   Re-enqueued pending post: 1th9mf9
2026-05-21 08:22:01 [INFO    ] crawl_pipeline.worker-0 | [Worker 0] 1tighow done — 0 thread(s)
2026-05-21 08:22:03 [INFO    ] crawl_pipeline.worker-0 | [Worker 0] Processing 1tifzx3 (indotech) — "..."
2026-05-21 08:22:03 [INFO    ] crawl_pipeline |   Re-enqueued pending post: 1th8t83
2026-05-21 08:22:03 [INFO    ] crawl_pipeline.worker-0 | [Worker 0] 1tifzx3 done — 4 thread(s)
2026-05-21 08:22:05 [INFO    ] crawl_pipeline.worker-0 | [Worker 0] Processing 1ticukp (IndoGamer) — "..."
2026-05-21 08:22:05 [INFO    ] crawl_pipeline |   Re-enqueued pending post: 1tgmle3
2026-05-21 08:22:05 [INFO    ] crawl_pipeline.worker-0 | [Worker 0] 1ticukp done — 2 thread(s)
2026-05-21 08:22:07 [INFO    ] crawl_pipeline.worker-0 | [Worker 0] Processing 1th6ptd (indocartalk) — "..."
2026-05-21 08:22:07 [INFO    ] crawl_pipeline |   Re-enqueued pending post: 1th3u6x
2026-05-21 08:22:08 [INFO    ] crawl_pipeline.worker-0 | [Worker 0] 1th6ptd done — 0 thread(s)
2026-05-21 08:22:10 [INFO    ] crawl_pipeline.worker-0 | [Worker 0] Processing 1ti575f (BaliTravelTips) — "..."
2026-05-21 08:22:10 [INFO    ] crawl_pipeline |   Re-enqueued pending post: 1thi080
2026-05-21 08:22:10 [INFO    ] crawl_pipeline.worker-0 | [Worker 0] 1ti575f done — 0 thread(s)
2026-05-21 08:22:12 [INFO    ] crawl_pipeline.worker-0 | [Worker 0] Processing 1thrcfg (Cekrek) — "..."
2026-05-21 08:22:12 [INFO    ] crawl_pipeline |   Re-enqueued pending post: 1th73eo
2026-05-21 08:22:12 [INFO    ] crawl_pipeline.worker-0 | [Worker 0] 1thrcfg done — 0 thread(s)
2026-05-21 08:22:14 [INFO    ] crawl_pipeline |   Re-enqueued pending post: 1th7p3s
2026-05-21 08:22:14 [INFO    ] crawl_pipeline.worker-0 | [Worker 0] Processing 1ti9wc5 (finansial) — "..."
2026-05-21 08:22:15 [INFO    ] crawl_pipeline.worker-0 | [Worker 0] 1ti9wc5 done — 4 thread(s)
2026-05-21 08:22:17 [INFO    ] crawl_pipeline.worker-0 | [Worker 0] Processing 1tib9b2 (indonesia) — "..."
2026-05-21 08:22:17 [INFO    ] crawl_pipeline |   Re-enqueued pending post: 1ths148
2026-05-21 08:22:17 [INFO    ] crawl_pipeline.worker-0 | [Worker 0] 1tib9b2 done — 0 thread(s)
2026-05-21 08:22:19 [INFO    ] crawl_pipeline.worker-0 | [Worker 0] Processing 1thuy2w (indowibu) — "..."
2026-05-21 08:22:19 [INFO    ] crawl_pipeline |   Re-enqueued pending post: 1thj8cm
2026-05-21 08:22:19 [INFO    ] crawl_pipeline.worker-0 | [Worker 0] 1thuy2w done — 3 thread(s)
2026-05-21 08:22:21 [INFO    ] crawl_pipeline.worker-0 | [Worker 0] Processing 1thdnwm (Perempuan) — "..."
2026-05-21 08:22:21 [INFO    ] crawl_pipeline |   Re-enqueued pending post: 1teusp1
2026-05-21 08:22:22 [INFO    ] crawl_pipeline.worker-0 | [Worker 0] 1thdnwm done — 1 thread(s)
2026-05-21 08:22:24 [INFO    ] crawl_pipeline.worker-0 | [Worker 0] Processing 1ticepg (bali) — "..."
2026-05-21 08:22:24 [INFO    ] crawl_pipeline |   Re-enqueued pending post: 1th5spd
2026-05-21 08:22:24 [INFO    ] crawl_pipeline.worker-0 | [Worker 0] 1ticepg done — 2 thread(s)
2026-05-21 08:22:26 [INFO    ] crawl_pipeline.worker-0 | [Worker 0] Processing 1tio31k (finansial) — "..."
2026-05-21 08:22:26 [INFO    ] crawl_pipeline |   Re-enqueued pending post: 1tglmlv
2026-05-21 08:22:26 [INFO    ] crawl_pipeline.worker-0 | [Worker 0] 1tio31k done — 0 thread(s)
2026-05-21 08:22:28 [INFO    ] crawl_pipeline.worker-0 | [Worker 0] Processing 1ti39rv (indonesia) — "..."
2026-05-21 08:22:28 [INFO    ] crawl_pipeline |   Re-enqueued pending post: 1thhiyu
2026-05-21 08:22:29 [INFO    ] crawl_pipeline.worker-0 | [Worker 0] 1ti39rv done — 3 thread(s)
2026-05-21 08:22:31 [INFO    ] crawl_pipeline.worker-0 | [Worker 0] Processing 1thk0k5 (indonesia) — "..."
2026-05-21 08:22:31 [INFO    ] crawl_pipeline |   Re-enqueued pending post: 1thgxzk
2026-05-21 08:22:31 [INFO    ] crawl_pipeline.worker-0 | [Worker 0] 1thk0k5 done — 0 thread(s)
2026-05-21 08:22:33 [INFO    ] crawl_pipeline |   Re-enqueued pending post: 1th9rs2
2026-05-21 08:22:33 [INFO    ] crawl_pipeline.worker-0 | [Worker 0] Processing 1ti6yoa (AdaIndonesiaCoy) — "..."
2026-05-21 08:22:33 [INFO    ] crawl_pipeline.worker-0 | [Worker 0] 1ti6yoa done — 0 thread(s)
2026-05-21 08:22:35 [INFO    ] crawl_pipeline.worker-0 | [Worker 0] Processing 1ti70vl (WkwkwkLand) — "..."
2026-05-21 08:22:35 [INFO    ] crawl_pipeline |   Re-enqueued pending post: 1tfmvj0
2026-05-21 08:22:36 [INFO    ] crawl_pipeline.worker-0 | [Worker 0] 1ti70vl done — 0 thread(s)
2026-05-21 08:22:38 [INFO    ] crawl_pipeline.worker-0 | [Worker 0] Processing 1thftb8 (indonesiabebas) — "..."
2026-05-21 08:22:38 [INFO    ] crawl_pipeline |   Re-enqueued pending post: 1th8z7e
2026-05-21 08:22:38 [INFO    ] crawl_pipeline.worker-0 | [Worker 0] 1thftb8 done — 0 thread(s)
2026-05-21 08:22:40 [INFO    ] crawl_pipeline.worker-0 | [Worker 0] Processing 1ti4ne2 (Bandung) — "..."
2026-05-21 08:22:40 [INFO    ] crawl_pipeline |   Re-enqueued pending post: 1thkf2k
2026-05-21 08:22:41 [INFO    ] crawl_pipeline.worker-0 | [Worker 0] 1ti4ne2 done — 0 thread(s)
2026-05-21 08:22:43 [INFO    ] crawl_pipeline.worker-0 | [Worker 0] Processing 1tgskmq (indocartalk) — "..."
2026-05-21 08:22:43 [INFO    ] crawl_pipeline |   Re-enqueued pending post: 1theevz
2026-05-21 08:22:43 [INFO    ] crawl_pipeline.worker-0 | [Worker 0] 1tgskmq done — 0 thread(s)
2026-05-21 08:22:45 [INFO    ] crawl_pipeline.worker-0 | [Worker 0] Processing 1thmxcz (jualbeliindonesia) — "..."
2026-05-21 08:22:45 [INFO    ] crawl_pipeline |   Re-enqueued pending post: 1tihj5i
2026-05-21 08:22:46 [INFO    ] crawl_pipeline.worker-0 | [Worker 0] 1thmxcz done — 0 thread(s)
2026-05-21 08:22:48 [INFO    ] crawl_pipeline.worker-0 | [Worker 0] Processing 1ti6abx (finansial) — "..."
2026-05-21 08:22:48 [INFO    ] crawl_pipeline |   Re-enqueued pending post: 1thpk2q
2026-05-21 08:22:48 [INFO    ] crawl_pipeline.worker-0 | [Worker 0] 1ti6abx done — 1 thread(s)
2026-05-21 08:22:50 [INFO    ] crawl_pipeline.worker-0 | [Worker 0] Processing 1ti95pq (indonesiabebas) — "..."
2026-05-21 08:22:50 [INFO    ] crawl_pipeline |   Re-enqueued pending post: 1tgvea6
2026-05-21 08:22:50 [INFO    ] crawl_pipeline.worker-0 | [Worker 0] 1ti95pq done — 0 thread(s)
2026-05-21 08:22:52 [INFO    ] crawl_pipeline.worker-0 | [Worker 0] Processing 1ticjqq (jualbeliindonesia) — "..."
2026-05-21 08:22:52 [INFO    ] crawl_pipeline |   Re-enqueued pending post: 1th8ms4
2026-05-21 08:22:53 [INFO    ] crawl_pipeline.worker-0 | [Worker 0] 1ticjqq done — 0 thread(s)
2026-05-21 08:22:55 [INFO    ] crawl_pipeline.worker-0 | [Worker 0] Processing 1thk34y (indonesiabebas) — "..."
2026-05-21 08:22:55 [INFO    ] crawl_pipeline |   Re-enqueued pending post: 1th3lxx
2026-05-21 08:22:55 [INFO    ] crawl_pipeline.worker-0 | [Worker 0] 1thk34y done — 0 thread(s)
2026-05-21 08:22:57 [INFO    ] crawl_pipeline.worker-0 | [Worker 0] Processing 1ti66j8 (WkwkwkLand) — "..."
2026-05-21 08:22:57 [INFO    ] crawl_pipeline |   Re-enqueued pending post: 1thib3m
2026-05-21 08:22:57 [INFO    ] crawl_pipeline.worker-0 | [Worker 0] 1ti66j8 done — 0 thread(s)
2026-05-21 08:22:59 [INFO    ] crawl_pipeline.worker-0 | [Worker 0] Processing 1tih0t0 (WkwkwkLand) — "..."
2026-05-21 08:22:59 [INFO    ] crawl_pipeline |   Re-enqueued pending post: 1tik81a
2026-05-21 08:23:00 [INFO    ] crawl_pipeline.worker-0 | [Worker 0] 1tih0t0 done — 0 thread(s)
2026-05-21 08:23:02 [INFO    ] crawl_pipeline.worker-0 | [Worker 0] Processing 1tgf9l7 (JudiSaham) — "..."
2026-05-21 08:23:02 [INFO    ] crawl_pipeline |   Re-enqueued pending post: 1tgv2f0
2026-05-21 08:23:02 [INFO    ] crawl_pipeline.worker-0 | [Worker 0] 1tgf9l7 done — 0 thread(s)
2026-05-21 08:23:04 [INFO    ] crawl_pipeline.worker-0 | [Worker 0] Processing 1tge0md (indocartalk) — "..."
2026-05-21 08:23:04 [INFO    ] crawl_pipeline |   Re-enqueued pending post: 1theivy
2026-05-21 08:23:05 [INFO    ] crawl_pipeline.worker-0 | [Worker 0] 1tge0md done — 0 thread(s)
2026-05-21 08:23:07 [INFO    ] crawl_pipeline.worker-0 | [Worker 0] Processing 1thk4ni (IndoGamer) — "..."
2026-05-21 08:23:07 [INFO    ] crawl_pipeline |   Re-enqueued pending post: 1tidlyp
2026-05-21 08:23:08 [INFO    ] crawl_pipeline.worker-0 | [Worker 0] 1thk4ni done — 23 thread(s)
2026-05-21 08:23:10 [INFO    ] crawl_pipeline.worker-0 | [Worker 0] Processing 1tihlqf (WkwkwkLand) — "..."
2026-05-21 08:23:10 [INFO    ] crawl_pipeline |   Re-enqueued pending post: 1thgvkp
2026-05-21 08:23:10 [INFO    ] crawl_pipeline.worker-0 | [Worker 0] 1tihlqf done — 0 thread(s)
2026-05-21 08:23:12 [INFO    ] crawl_pipeline.worker-0 | [Worker 0] Processing 1thk4a2 (indonesia) — "..."
2026-05-21 08:23:12 [INFO    ] crawl_pipeline |   Re-enqueued pending post: 1tifzeg
2026-05-21 08:23:13 [INFO    ] crawl_pipeline.worker-0 | [Worker 0] 1thk4a2 done — 0 thread(s)
2026-05-21 08:23:15 [INFO    ] crawl_pipeline.worker-0 | [Worker 0] Processing 1thhb9d (Cekrek) — "..."
2026-05-21 08:23:15 [INFO    ] crawl_pipeline |   Re-enqueued pending post: 1thltmm
2026-05-21 08:23:15 [INFO    ] crawl_pipeline.worker-0 | [Worker 0] 1thhb9d done — 0 thread(s)
2026-05-21 08:23:17 [INFO    ] crawl_pipeline.worker-0 | [Worker 0] Processing 1tiay9v (jualbeliindonesia) — "..."
2026-05-21 08:23:17 [INFO    ] crawl_pipeline |   Re-enqueued pending post: 1th9m0i
2026-05-21 08:23:18 [INFO    ] crawl_pipeline.worker-0 | [Worker 0] 1tiay9v done — 0 thread(s)
2026-05-21 08:23:20 [INFO    ] crawl_pipeline.worker-0 | [Worker 0] Processing 1ti96k4 (indotech) — "..."
2026-05-21 08:23:20 [INFO    ] crawl_pipeline |   Re-enqueued pending post: 1tgqn6d
2026-05-21 08:23:20 [INFO    ] crawl_pipeline.worker-0 | [Worker 0] 1ti96k4 done — 0 thread(s)
2026-05-21 08:23:22 [INFO    ] crawl_pipeline.worker-0 | [Worker 0] Processing 1thkc4f (Cekrek) — "..."
2026-05-21 08:23:22 [INFO    ] crawl_pipeline |   Re-enqueued pending post: 1tgfhgt
2026-05-21 08:23:23 [INFO    ] crawl_pipeline.worker-0 | [Worker 0] 1thkc4f done — 0 thread(s)
2026-05-21 08:23:25 [INFO    ] crawl_pipeline.worker-0 | [Worker 0] Processing 1thmeiz (BaliTravelTips) — "..."
2026-05-21 08:23:25 [INFO    ] crawl_pipeline |   Re-enqueued pending post: 1thhp54
2026-05-21 08:23:25 [INFO    ] crawl_pipeline.worker-0 | [Worker 0] 1thmeiz done — 3 thread(s)
2026-05-21 08:23:27 [INFO    ] crawl_pipeline.worker-0 | [Worker 0] Processing 1thecgs (kulineria) — "..."
2026-05-21 08:23:27 [INFO    ] crawl_pipeline |   Re-enqueued pending post: 1thbvit
2026-05-21 08:23:27 [INFO    ] crawl_pipeline.worker-0 | [Worker 0] 1thecgs done — 0 thread(s)
2026-05-21 08:23:29 [INFO    ] crawl_pipeline.worker-0 | [Worker 0] Processing 1thvrtw (WkwkwkLand) — "..."
2026-05-21 08:23:29 [INFO    ] crawl_pipeline |   Re-enqueued pending post: 1thbpn1
2026-05-21 08:23:30 [INFO    ] crawl_pipeline.worker-0 | [Worker 0] 1thvrtw done — 0 thread(s)
2026-05-21 08:23:32 [INFO    ] crawl_pipeline.worker-0 | [Worker 0] Processing 1then50 (indonesiabebas) — "..."
2026-05-21 08:23:32 [INFO    ] crawl_pipeline |   Re-enqueued pending post: 1tfo583
2026-05-21 08:23:32 [INFO    ] crawl_pipeline.worker-0 | [Worker 0] 1then50 done — 0 thread(s)
2026-05-21 08:23:34 [INFO    ] crawl_pipeline.worker-0 | [Worker 0] Processing 1tgrq3r (Perempuan) — "..."
2026-05-21 08:23:34 [INFO    ] crawl_pipeline |   Re-enqueued pending post: 1thj1wo
2026-05-21 08:23:35 [INFO    ] crawl_pipeline.worker-0 | [Worker 0] 1tgrq3r done — 7 thread(s)
2026-05-21 08:23:37 [INFO    ] crawl_pipeline.worker-0 | [Worker 0] Processing 1thrd8v (jualbeliindonesia) — "..."
2026-05-21 08:23:37 [INFO    ] crawl_pipeline |   Re-enqueued pending post: 1thez3g
2026-05-21 08:23:37 [INFO    ] crawl_pipeline.worker-0 | [Worker 0] 1thrd8v done — 0 thread(s)
2026-05-21 08:23:39 [INFO    ] crawl_pipeline.worker-0 | [Worker 0] Processing 1ti56r8 (indotech) — "..."
2026-05-21 08:23:39 [INFO    ] crawl_pipeline |   Re-enqueued pending post: 1tgi16f
2026-05-21 08:23:40 [INFO    ] crawl_pipeline.worker-0 | [Worker 0] 1ti56r8 done — 6 thread(s)
2026-05-21 08:23:42 [INFO    ] crawl_pipeline.worker-0 | [Worker 0] Processing 1ti38ud (indonesiabebas) — "..."
2026-05-21 08:23:42 [INFO    ] crawl_pipeline |   Re-enqueued pending post: 1tgdlxw
2026-05-21 08:23:42 [INFO    ] crawl_pipeline.worker-0 | [Worker 0] 1ti38ud done — 0 thread(s)
2026-05-21 08:23:44 [INFO    ] crawl_pipeline.worker-0 | [Worker 0] Processing 1thh8r5 (BaliTravelTips) — "..."
2026-05-21 08:23:44 [INFO    ] crawl_pipeline |   Re-enqueued pending post: 1th9ikl
2026-05-21 08:23:44 [INFO    ] crawl_pipeline.worker-0 | [Worker 0] 1thh8r5 done — 0 thread(s)
2026-05-21 08:23:46 [INFO    ] crawl_pipeline.worker-0 | [Worker 0] Processing 1ti6xxd (indotech) — "..."
2026-05-21 08:23:46 [INFO    ] crawl_pipeline |   Re-enqueued pending post: 1thgkps
2026-05-21 08:23:46 [INFO    ] crawl_pipeline.worker-0 | [Worker 0] 1ti6xxd done — 0 thread(s)
2026-05-21 08:23:48 [INFO    ] crawl_pipeline |   Re-enqueued pending post: 1thjm9v
2026-05-21 08:23:48 [INFO    ] crawl_pipeline.worker-0 | [Worker 0] Processing 1thlbsk (AdaIndonesiaCoy) — "..."
2026-05-21 08:23:49 [INFO    ] crawl_pipeline.worker-0 | [Worker 0] 1thlbsk done — 0 thread(s)
2026-05-21 08:23:51 [INFO    ] crawl_pipeline.worker-0 | [Worker 0] Processing 1ti6p2w (indotech) — "..."
2026-05-21 08:23:51 [INFO    ] crawl_pipeline |   Re-enqueued pending post: 1thfdtu
2026-05-21 08:23:51 [INFO    ] crawl_pipeline.worker-0 | [Worker 0] 1ti6p2w done — 5 thread(s)
2026-05-21 08:23:53 [INFO    ] crawl_pipeline.worker-0 | [Worker 0] Processing 1thg5d8 (indowibu) — "..."
2026-05-21 08:23:53 [INFO    ] crawl_pipeline |   Re-enqueued pending post: 1tgieck
2026-05-21 08:23:54 [INFO    ] crawl_pipeline.worker-0 | [Worker 0] 1thg5d8 done — 9 thread(s)
2026-05-21 08:23:56 [INFO    ] crawl_pipeline |   Re-enqueued pending post: 1tgvp8p
2026-05-21 08:23:56 [INFO    ] crawl_pipeline.worker-0 | [Worker 0] Processing 1ti69lw (indotech) — "..."
2026-05-21 08:23:56 [INFO    ] crawl_pipeline.worker-0 | [Worker 0] 1ti69lw done — 0 thread(s)
2026-05-21 08:23:58 [INFO    ] crawl_pipeline.worker-0 | [Worker 0] Processing 1thamdl (IndoGamer) — "..."
2026-05-21 08:23:58 [INFO    ] crawl_pipeline |   Re-enqueued pending post: 1thh533
2026-05-21 08:23:58 [INFO    ] crawl_pipeline.worker-0 | [Worker 0] 1thamdl done — 0 thread(s)
2026-05-21 08:24:00 [INFO    ] crawl_pipeline.worker-0 | [Worker 0] Processing 1tiifl9 (AdaIndonesiaCoy) — "..."
2026-05-21 08:24:00 [INFO    ] crawl_pipeline |   Re-enqueued pending post: 1tgx8i4
2026-05-21 08:24:01 [INFO    ] crawl_pipeline.worker-0 | [Worker 0] 1tiifl9 done — 0 thread(s)
2026-05-21 08:24:03 [INFO    ] crawl_pipeline.worker-0 | [Worker 0] Processing 1thl78l (indonesiabebas) — "..."
2026-05-21 08:24:03 [INFO    ] crawl_pipeline |   Re-enqueued pending post: 1tgmmog
2026-05-21 08:24:03 [INFO    ] crawl_pipeline.worker-0 | [Worker 0] 1thl78l done — 0 thread(s)
2026-05-21 08:24:05 [INFO    ] crawl_pipeline.worker-0 | [Worker 0] Processing 1thnqbs (BaliTravelTips) — "..."
2026-05-21 08:24:05 [INFO    ] crawl_pipeline |   Re-enqueued pending post: 1th65zz
2026-05-21 08:24:05 [INFO    ] crawl_pipeline.worker-0 | [Worker 0] 1thnqbs done — 1 thread(s)
2026-05-21 08:24:07 [INFO    ] crawl_pipeline.worker-0 | [Worker 0] Processing 1thkrza (IndoGamer) — "..."
2026-05-21 08:24:07 [INFO    ] crawl_pipeline |   Re-enqueued pending post: 1th3ifq
2026-05-21 08:24:08 [INFO    ] crawl_pipeline.worker-0 | [Worker 0] 1thkrza done — 0 thread(s)
2026-05-21 08:24:10 [INFO    ] crawl_pipeline.worker-0 | [Worker 0] Processing 1they4x (indonesiabebas) — "..."
2026-05-21 08:24:10 [INFO    ] crawl_pipeline |   Re-enqueued pending post: 1thk0yn
2026-05-21 08:24:10 [WARNING ] crawl_pipeline.comments | Rate-limited (429). Waiting 2s (attempt 1/5)
2026-05-21 08:24:12 [WARNING ] crawl_pipeline.comments | Rate-limited (429). Waiting 4s (attempt 2/5)
2026-05-21 08:24:18 [WARNING ] crawl_pipeline.comments | Rate-limited (429). Waiting 6s (attempt 3/5)
2026-05-21 08:24:24 [WARNING ] crawl_pipeline.comments | Rate-limited (429). Waiting 8s (attempt 4/5)
2026-05-21 08:24:32 [WARNING ] crawl_pipeline.comments | Rate-limited (429). Waiting 10s (attempt 5/5)
2026-05-21 08:24:42 [ERROR   ] crawl_pipeline.comments | Could not fetch comments for post 1they4x: Failed after 5 retries: https://www.reddit.com/r/indonesiabebas/comments/1they4x.json
2026-05-21 08:24:42 [ERROR   ] crawl_pipeline.worker-0 | [Worker 0] 1they4x failed: Failed after 5 retries: https://www.reddit.com/r/indonesiabebas/comments/1they4x.json
2026-05-21 08:24:44 [INFO    ] crawl_pipeline.worker-0 | [Worker 0] Processing 1thdd46 (indotech) — "..."
2026-05-21 08:24:44 [INFO    ] crawl_pipeline |   Re-enqueued pending post: 1tgd55e
2026-05-21 08:24:45 [WARNING ] crawl_pipeline.comments | Rate-limited (429). Waiting 2s (attempt 1/5)
2026-05-21 08:24:47 [WARNING ] crawl_pipeline.comments | Rate-limited (429). Waiting 4s (attempt 2/5)
2026-05-21 08:24:51 [WARNING ] crawl_pipeline.comments | Rate-limited (429). Waiting 6s (attempt 3/5)
2026-05-21 08:24:57 [WARNING ] crawl_pipeline.comments | Rate-limited (429). Waiting 8s (attempt 4/5)
2026-05-21 08:25:06 [WARNING ] crawl_pipeline.comments | Rate-limited (429). Waiting 10s (attempt 5/5)
2026-05-21 08:25:16 [ERROR   ] crawl_pipeline.comments | Could not fetch comments for post 1thdd46: Failed after 5 retries: https://www.reddit.com/r/indotech/comments/1thdd46.json
2026-05-21 08:25:16 [ERROR   ] crawl_pipeline.worker-0 | [Worker 0] 1thdd46 failed: Failed after 5 retries: https://www.reddit.com/r/indotech/comments/1thdd46.json
2026-05-21 08:25:18 [INFO    ] crawl_pipeline |   Re-enqueued pending post: 1thdaoo
2026-05-21 08:25:18 [INFO    ] crawl_pipeline.worker-0 | [Worker 0] Processing 1tho2m8 (indonesia) — "..."
2026-05-21 08:25:18 [WARNING ] crawl_pipeline.comments | Rate-limited (429). Waiting 2s (attempt 1/5)
2026-05-21 08:25:20 [WARNING ] crawl_pipeline.comments | Rate-limited (429). Waiting 4s (attempt 2/5)
2026-05-21 08:25:24 [WARNING ] crawl_pipeline.comments | Rate-limited (429). Waiting 6s (attempt 3/5)
2026-05-21 08:25:30 [WARNING ] crawl_pipeline.comments | Rate-limited (429). Waiting 8s (attempt 4/5)
2026-05-21 08:25:39 [WARNING ] crawl_pipeline.comments | Rate-limited (429). Waiting 10s (attempt 5/5)
2026-05-21 08:25:49 [ERROR   ] crawl_pipeline.comments | Could not fetch comments for post 1tho2m8: Failed after 5 retries: https://www.reddit.com/r/indonesia/comments/1tho2m8.json
2026-05-21 08:25:49 [ERROR   ] crawl_pipeline.worker-0 | [Worker 0] 1tho2m8 failed: Failed after 5 retries: https://www.reddit.com/r/indonesia/comments/1tho2m8.json
2026-05-21 08:25:51 [INFO    ] crawl_pipeline.worker-0 | [Worker 0] Processing 1thdjdx (Bandung) — "..."
2026-05-21 08:25:51 [INFO    ] crawl_pipeline |   Re-enqueued pending post: 1thdk40
2026-05-21 08:25:51 [WARNING ] crawl_pipeline.comments | Rate-limited (429). Waiting 2s (attempt 1/5)
2026-05-21 08:25:53 [WARNING ] crawl_pipeline.comments | Rate-limited (429). Waiting 4s (attempt 2/5)
2026-05-21 08:25:57 [WARNING ] crawl_pipeline.comments | Rate-limited (429). Waiting 6s (attempt 3/5)
2026-05-21 08:26:03 [WARNING ] crawl_pipeline.comments | Rate-limited (429). Waiting 8s (attempt 4/5)
2026-05-21 08:26:12 [WARNING ] crawl_pipeline.comments | Rate-limited (429). Waiting 10s (attempt 5/5)
2026-05-21 08:26:22 [ERROR   ] crawl_pipeline.comments | Could not fetch comments for post 1thdjdx: Failed after 5 retries: https://www.reddit.com/r/Bandung/comments/1thdjdx.json
2026-05-21 08:26:22 [ERROR   ] crawl_pipeline.worker-0 | [Worker 0] 1thdjdx failed: Failed after 5 retries: https://www.reddit.com/r/Bandung/comments/1thdjdx.json
2026-05-21 08:26:24 [INFO    ] crawl_pipeline.worker-0 | [Worker 0] Processing 1thdocy (indonesiabebas) — "..."
2026-05-21 08:26:24 [INFO    ] crawl_pipeline |   Re-enqueued pending post: 1tgv5bq
2026-05-21 08:26:24 [WARNING ] crawl_pipeline.comments | Rate-limited (429). Waiting 2s (attempt 1/5)
2026-05-21 08:26:26 [WARNING ] crawl_pipeline.comments | Rate-limited (429). Waiting 4s (attempt 2/5)
2026-05-21 08:26:30 [WARNING ] crawl_pipeline.comments | Rate-limited (429). Waiting 6s (attempt 3/5)
2026-05-21 08:26:36 [WARNING ] crawl_pipeline.comments | Rate-limited (429). Waiting 8s (attempt 4/5)
2026-05-21 08:26:45 [WARNING ] crawl_pipeline.comments | Rate-limited (429). Waiting 10s (attempt 5/5)
2026-05-21 08:26:55 [ERROR   ] crawl_pipeline.comments | Could not fetch comments for post 1thdocy: Failed after 5 retries: https://www.reddit.com/r/indonesiabebas/comments/1thdocy.json
2026-05-21 08:26:55 [ERROR   ] crawl_pipeline.worker-0 | [Worker 0] 1thdocy failed: Failed after 5 retries: https://www.reddit.com/r/indonesiabebas/comments/1thdocy.json
2026-05-21 08:26:57 [INFO    ] crawl_pipeline |   Re-enqueued pending post: 1tgiumc
2026-05-21 08:26:57 [INFO    ] crawl_pipeline.worker-0 | [Worker 0] Processing 1thh6dn (WkwkwkLand) — "..."
2026-05-21 08:26:57 [WARNING ] crawl_pipeline.comments | Rate-limited (429). Waiting 2s (attempt 1/5)
2026-05-21 08:26:59 [WARNING ] crawl_pipeline.comments | Rate-limited (429). Waiting 4s (attempt 2/5)
2026-05-21 08:27:03 [WARNING ] crawl_pipeline.comments | Rate-limited (429). Waiting 6s (attempt 3/5)
2026-05-21 08:27:10 [WARNING ] crawl_pipeline.comments | Rate-limited (429). Waiting 8s (attempt 4/5)
2026-05-21 08:27:18 [WARNING ] crawl_pipeline.comments | Rate-limited (429). Waiting 10s (attempt 5/5)
2026-05-21 08:27:28 [ERROR   ] crawl_pipeline.comments | Could not fetch comments for post 1thh6dn: Failed after 5 retries: https://www.reddit.com/r/WkwkwkLand/comments/1thh6dn.json
2026-05-21 08:27:28 [ERROR   ] crawl_pipeline.worker-0 | [Worker 0] 1thh6dn failed: Failed after 5 retries: https://www.reddit.com/r/WkwkwkLand/comments/1thh6dn.json
2026-05-21 08:27:30 [INFO    ] crawl_pipeline.worker-0 | [Worker 0] Processing 1thlt9w (indonesia) — "..."
2026-05-21 08:27:30 [INFO    ] crawl_pipeline |   Re-enqueued pending post: 1tgrky1
2026-05-21 08:27:30 [WARNING ] crawl_pipeline.comments | Rate-limited (429). Waiting 2s (attempt 1/5)
2026-05-21 08:27:32 [WARNING ] crawl_pipeline.comments | Rate-limited (429). Waiting 4s (attempt 2/5)
2026-05-21 08:27:36 [WARNING ] crawl_pipeline.comments | Rate-limited (429). Waiting 6s (attempt 3/5)
2026-05-21 08:27:43 [WARNING ] crawl_pipeline.comments | Rate-limited (429). Waiting 8s (attempt 4/5)
2026-05-21 08:27:51 [WARNING ] crawl_pipeline.comments | Rate-limited (429). Waiting 10s (attempt 5/5)
2026-05-21 08:28:01 [ERROR   ] crawl_pipeline.comments | Could not fetch comments for post 1thlt9w: Failed after 5 retries: https://www.reddit.com/r/indonesia/comments/1thlt9w.json
2026-05-21 08:28:01 [ERROR   ] crawl_pipeline.worker-0 | [Worker 0] 1thlt9w failed: Failed after 5 retries: https://www.reddit.com/r/indonesia/comments/1thlt9w.json
2026-05-21 08:28:03 [INFO    ] crawl_pipeline.worker-0 | [Worker 0] Processing 1thbozu (indonesia) — "..."
2026-05-21 08:28:03 [INFO    ] crawl_pipeline |   Re-enqueued pending post: 1tghhzj
2026-05-21 08:28:03 [WARNING ] crawl_pipeline.comments | Rate-limited (429). Waiting 2s (attempt 1/5)
2026-05-21 08:28:05 [WARNING ] crawl_pipeline.comments | Rate-limited (429). Waiting 4s (attempt 2/5)
2026-05-21 08:28:09 [WARNING ] crawl_pipeline.comments | Rate-limited (429). Waiting 6s (attempt 3/5)
2026-05-21 08:28:16 [WARNING ] crawl_pipeline.comments | Rate-limited (429). Waiting 8s (attempt 4/5)
2026-05-21 08:28:24 [WARNING ] crawl_pipeline.comments | Rate-limited (429). Waiting 10s (attempt 5/5)
2026-05-21 08:28:34 [ERROR   ] crawl_pipeline.comments | Could not fetch comments for post 1thbozu: Failed after 5 retries: https://www.reddit.com/r/indonesia/comments/1thbozu.json
2026-05-21 08:28:34 [ERROR   ] crawl_pipeline.worker-0 | [Worker 0] 1thbozu failed: Failed after 5 retries: https://www.reddit.com/r/indonesia/comments/1thbozu.json
2026-05-21 08:28:36 [INFO    ] crawl_pipeline.worker-0 | [Worker 0] Processing 1tigik4 (WkwkwkLand) — "..."
2026-05-21 08:28:36 [INFO    ] crawl_pipeline |   Re-enqueued pending post: 1thc284
2026-05-21 08:28:36 [WARNING ] crawl_pipeline.comments | Rate-limited (429). Waiting 2s (attempt 1/5)
2026-05-21 08:28:38 [WARNING ] crawl_pipeline.comments | Rate-limited (429). Waiting 4s (attempt 2/5)
2026-05-21 08:28:43 [WARNING ] crawl_pipeline.comments | Rate-limited (429). Waiting 6s (attempt 3/5)
2026-05-21 08:28:49 [WARNING ] crawl_pipeline.comments | Rate-limited (429). Waiting 8s (attempt 4/5)
2026-05-21 08:28:57 [WARNING ] crawl_pipeline.comments | Rate-limited (429). Waiting 10s (attempt 5/5)
2026-05-21 08:29:07 [ERROR   ] crawl_pipeline.comments | Could not fetch comments for post 1tigik4: Failed after 5 retries: https://www.reddit.com/r/WkwkwkLand/comments/1tigik4.json
2026-05-21 08:29:07 [ERROR   ] crawl_pipeline.worker-0 | [Worker 0] 1tigik4 failed: Failed after 5 retries: https://www.reddit.com/r/WkwkwkLand/comments/1tigik4.json
2026-05-21 08:29:09 [INFO    ] crawl_pipeline |   Re-enqueued pending post: 1thjrza
2026-05-21 08:29:09 [INFO    ] crawl_pipeline.worker-0 | [Worker 0] Processing 1tiajne (WkwkwkLand) — "..."
2026-05-21 08:29:09 [WARNING ] crawl_pipeline.comments | Rate-limited (429). Waiting 2s (attempt 1/5)
2026-05-21 08:29:11 [WARNING ] crawl_pipeline.comments | Rate-limited (429). Waiting 4s (attempt 2/5)
2026-05-21 08:29:16 [WARNING ] crawl_pipeline.comments | Rate-limited (429). Waiting 6s (attempt 3/5)
2026-05-21 08:29:22 [WARNING ] crawl_pipeline.comments | Rate-limited (429). Waiting 8s (attempt 4/5)
2026-05-21 08:29:30 [WARNING ] crawl_pipeline.comments | Rate-limited (429). Waiting 10s (attempt 5/5)
2026-05-21 08:29:40 [ERROR   ] crawl_pipeline.comments | Could not fetch comments for post 1tiajne: Failed after 5 retries: https://www.reddit.com/r/WkwkwkLand/comments/1tiajne.json
2026-05-21 08:29:40 [ERROR   ] crawl_pipeline.worker-0 | [Worker 0] 1tiajne failed: Failed after 5 retries: https://www.reddit.com/r/WkwkwkLand/comments/1tiajne.json
2026-05-21 08:29:42 [INFO    ] crawl_pipeline.worker-0 | [Worker 0] Processing 1thuq3a (indonesia) — "..."
2026-05-21 08:29:42 [INFO    ] crawl_pipeline |   Re-enqueued pending post: 1tgjdrz
2026-05-21 08:29:42 [WARNING ] crawl_pipeline.comments | Rate-limited (429). Waiting 2s (attempt 1/5)
2026-05-21 08:29:45 [WARNING ] crawl_pipeline.comments | Rate-limited (429). Waiting 4s (attempt 2/5)
2026-05-21 08:29:49 [WARNING ] crawl_pipeline.comments | Rate-limited (429). Waiting 6s (attempt 3/5)
2026-05-21 08:29:55 [WARNING ] crawl_pipeline.comments | Rate-limited (429). Waiting 8s (attempt 4/5)
2026-05-21 08:30:03 [INFO    ] crawl_pipeline.worker-0 | [Worker 0] 1thuq3a done — 0 thread(s)
2026-05-21 08:30:05 [INFO    ] crawl_pipeline.worker-0 | [Worker 0] Processing 1thm3a8 (WkwkwkLand) — "..."
2026-05-21 08:30:05 [INFO    ] crawl_pipeline |   Re-enqueued pending post: 1tgng54
2026-05-21 08:30:07 [INFO    ] crawl_pipeline.worker-0 | [Worker 0] 1thm3a8 done — 0 thread(s)
2026-05-21 08:30:09 [INFO    ] crawl_pipeline.worker-0 | [Worker 0] Processing 1thibar (indonesia) — "..."
2026-05-21 08:30:09 [INFO    ] crawl_pipeline |   Re-enqueued pending post: 1theowh
2026-05-21 08:30:09 [INFO    ] crawl_pipeline.worker-0 | [Worker 0] 1thibar done — 0 thread(s)
2026-05-21 08:30:11 [INFO    ] crawl_pipeline.worker-0 | [Worker 0] Processing 1ti18k9 (WkwkwkLand) — "..."
2026-05-21 08:30:11 [INFO    ] crawl_pipeline |   Re-enqueued pending post: 1tgni1z
2026-05-21 08:30:12 [INFO    ] crawl_pipeline.worker-0 | [Worker 0] 1ti18k9 done — 0 thread(s)
2026-05-21 08:30:14 [INFO    ] crawl_pipeline.worker-0 | [Worker 0] Processing 1ti4vbg (jualbeliindonesia) — "..."
2026-05-21 08:30:14 [INFO    ] crawl_pipeline |   Re-enqueued pending post: 1itwsl1
2026-05-21 08:30:15 [INFO    ] crawl_pipeline.worker-0 | [Worker 0] 1ti4vbg done — 1 thread(s)
2026-05-21 08:30:17 [INFO    ] crawl_pipeline.worker-0 | [Worker 0] Processing 1thl7jk (indowibu) — "..."
2026-05-21 08:30:17 [INFO    ] crawl_pipeline |   Re-enqueued pending post: 1tgeyoa
2026-05-21 08:30:17 [INFO    ] crawl_pipeline.worker-0 | [Worker 0] 1thl7jk done — 0 thread(s)
2026-05-21 08:30:19 [INFO    ] crawl_pipeline.worker-0 | [Worker 0] Processing 1ti8ycy (indonesia) — "..."
2026-05-21 08:30:19 [INFO    ] crawl_pipeline |   Re-enqueued pending post: 1thjqat
2026-05-21 08:30:19 [INFO    ] crawl_pipeline.worker-0 | [Worker 0] 1ti8ycy done — 0 thread(s)
2026-05-21 08:30:21 [INFO    ] crawl_pipeline |   Re-enqueued pending post: 1tgljlc
2026-05-21 08:30:21 [INFO    ] crawl_pipeline.worker-0 | [Worker 0] Processing 1thyff1 (indotech) — "..."
2026-05-21 08:30:22 [INFO    ] crawl_pipeline.worker-0 | [Worker 0] 1thyff1 done — 4 thread(s)
2026-05-21 08:30:24 [INFO    ] crawl_pipeline.worker-0 | [Worker 0] Processing 1thai8a (jualbeliindonesia) — "..."
2026-05-21 08:30:24 [INFO    ] crawl_pipeline |   Re-enqueued pending post: 1tgpsp3
2026-05-21 08:30:24 [INFO    ] crawl_pipeline.worker-0 | [Worker 0] 1thai8a done — 0 thread(s)
2026-05-21 08:30:26 [INFO    ] crawl_pipeline.worker-0 | [Worker 0] Processing 1thdred (indowibu) — "..."
2026-05-21 08:30:26 [INFO    ] crawl_pipeline |   Re-enqueued pending post: 1tglt2q
2026-05-21 08:30:26 [INFO    ] crawl_pipeline.worker-0 | [Worker 0] 1thdred done — 0 thread(s)
2026-05-21 08:30:28 [INFO    ] crawl_pipeline.worker-0 | [Worker 0] Processing 1thdis1 (indonesia) — "..."
2026-05-21 08:30:28 [INFO    ] crawl_pipeline |   Re-enqueued pending post: 1tgjjv7
2026-05-21 08:30:29 [INFO    ] crawl_pipeline.worker-0 | [Worker 0] 1thdis1 done — 0 thread(s)
2026-05-21 08:30:31 [INFO    ] crawl_pipeline.worker-0 | [Worker 0] Processing 1thdcdm (finansial) — "..."
2026-05-21 08:30:31 [INFO    ] crawl_pipeline |   Re-enqueued pending post: 1th9zcb
2026-05-21 08:30:32 [INFO    ] crawl_pipeline.worker-0 | [Worker 0] 1thdcdm done — 16 thread(s)
2026-05-21 08:30:34 [INFO    ] crawl_pipeline.worker-0 | [Worker 0] Processing 1thksp8 (BaliTravelTips) — "..."
2026-05-21 08:30:34 [INFO    ] crawl_pipeline |   Re-enqueued pending post: 1th2n6p
2026-05-21 08:30:34 [INFO    ] crawl_pipeline.worker-0 | [Worker 0] 1thksp8 done — 1 thread(s)
2026-05-21 08:30:36 [INFO    ] crawl_pipeline.worker-0 | [Worker 0] Processing 1thjs64 (indowibu) — "..."
2026-05-21 08:30:36 [INFO    ] crawl_pipeline |   Re-enqueued pending post: 1thcebw
2026-05-21 08:30:37 [INFO    ] crawl_pipeline.worker-0 | [Worker 0] 1thjs64 done — 0 thread(s)
2026-05-21 08:30:39 [INFO    ] crawl_pipeline.worker-0 | [Worker 0] Processing 1thmg0d (finansial) — "..."
2026-05-21 08:30:39 [INFO    ] crawl_pipeline |   Re-enqueued pending post: 1tge7fg
2026-05-21 08:30:39 [INFO    ] crawl_pipeline.worker-0 | [Worker 0] 1thmg0d done — 2 thread(s)
2026-05-21 08:30:41 [INFO    ] crawl_pipeline.worker-0 | [Worker 0] Processing 1thawdy (indonesia) — "..."
2026-05-21 08:30:41 [INFO    ] crawl_pipeline |   Re-enqueued pending post: 1tgm775
2026-05-21 08:31:17 [INFO    ] crawl_pipeline.worker-0 | [Worker 0] 1thawdy done — 28 thread(s)
2026-05-21 08:31:19 [INFO    ] crawl_pipeline.worker-0 | [Worker 0] Processing 1thkjg8 (indotech) — "..."
2026-05-21 08:31:19 [INFO    ] crawl_pipeline |   Re-enqueued pending post: 1thaejm
2026-05-21 08:31:19 [INFO    ] crawl_pipeline.worker-0 | [Worker 0] 1thkjg8 done — 0 thread(s)
2026-05-21 08:31:21 [INFO    ] crawl_pipeline.worker-0 | [Worker 0] Processing 1thppld (AdaIndonesiaCoy) — "..."
2026-05-21 08:31:21 [INFO    ] crawl_pipeline |   Re-enqueued pending post: 1thexbx
2026-05-21 08:31:22 [INFO    ] crawl_pipeline.worker-0 | [Worker 0] 1thppld done — 0 thread(s)
2026-05-21 08:31:24 [INFO    ] crawl_pipeline |   Re-enqueued pending post: 1tgkrky
2026-05-21 08:31:24 [INFO    ] crawl_pipeline.worker-0 | [Worker 0] Processing 1tib8kg (AdaIndonesiaCoy) — "..."
2026-05-21 08:31:24 [INFO    ] crawl_pipeline.worker-0 | [Worker 0] 1tib8kg done — 0 thread(s)
2026-05-21 08:31:26 [INFO    ] crawl_pipeline.worker-0 | [Worker 0] Processing 1thrz79 (IndoGamer) — "..."
2026-05-21 08:31:26 [INFO    ] crawl_pipeline |   Re-enqueued pending post: 1thgzns
2026-05-21 08:31:26 [INFO    ] crawl_pipeline.worker-0 | [Worker 0] 1thrz79 done — 0 thread(s)
2026-05-21 08:31:28 [INFO    ] crawl_pipeline.worker-0 | [Worker 0] Processing 1thtsci (indotech) — "..."
2026-05-21 08:31:28 [INFO    ] crawl_pipeline |   Re-enqueued pending post: 1tghkxo
2026-05-21 08:31:29 [INFO    ] crawl_pipeline.worker-0 | [Worker 0] 1thtsci done — 0 thread(s)
2026-05-21 08:31:31 [INFO    ] crawl_pipeline.worker-0 | [Worker 0] Processing 1thk27b (BaliTravelTips) — "..."
2026-05-21 08:31:31 [INFO    ] crawl_pipeline |   Re-enqueued pending post: 1tgcale
2026-05-21 08:31:31 [INFO    ] crawl_pipeline.worker-0 | [Worker 0] 1thk27b done — 1 thread(s)
2026-05-21 08:31:33 [INFO    ] crawl_pipeline.worker-0 | [Worker 0] Processing 1thuxsd (indotech) — "..."
2026-05-21 08:31:33 [INFO    ] crawl_pipeline |   Re-enqueued pending post: 1tgo522
2026-05-21 08:31:33 [INFO    ] crawl_pipeline.worker-0 | [Worker 0] 1thuxsd done — 2 thread(s)
2026-05-21 08:31:35 [INFO    ] crawl_pipeline.worker-0 | [Worker 0] Processing 1tiaoeg (WkwkwkLand) — "..."
2026-05-21 08:31:35 [INFO    ] crawl_pipeline |   Re-enqueued pending post: 1tgd20m
2026-05-21 08:31:36 [INFO    ] crawl_pipeline.worker-0 | [Worker 0] 1tiaoeg done — 0 thread(s)
2026-05-21 08:31:38 [INFO    ] crawl_pipeline.worker-0 | [Worker 0] Processing 1thjmfu (BaliTravelTips) — "..."
2026-05-21 08:31:38 [INFO    ] crawl_pipeline |   Re-enqueued pending post: 1thb8xb
2026-05-21 08:31:38 [INFO    ] crawl_pipeline.worker-0 | [Worker 0] 1thjmfu done — 0 thread(s)
2026-05-21 08:31:40 [INFO    ] crawl_pipeline.worker-0 | [Worker 0] Processing 1tg9ka0 (indocartalk) — "..."
2026-05-21 08:31:40 [INFO    ] crawl_pipeline |   Re-enqueued pending post: 1tgpdfs
2026-05-21 08:31:41 [INFO    ] crawl_pipeline.worker-0 | [Worker 0] 1tg9ka0 done — 0 thread(s)
2026-05-21 08:31:43 [INFO    ] crawl_pipeline.worker-0 | [Worker 0] Processing 1th5v40 (indowibu) — "..."
2026-05-21 08:31:43 [INFO    ] crawl_pipeline |   Re-enqueued pending post: 1tgp020
2026-05-21 08:31:43 [INFO    ] crawl_pipeline.worker-0 | [Worker 0] 1th5v40 done — 0 thread(s)
2026-05-21 08:31:45 [INFO    ] crawl_pipeline.worker-0 | [Worker 0] Processing 1thdhhh (indonesia) — "..."
2026-05-21 08:31:45 [INFO    ] crawl_pipeline |   Re-enqueued pending post: 1tgpcnz
2026-05-21 08:31:45 [INFO    ] crawl_pipeline.worker-0 | [Worker 0] 1thdhhh done — 0 thread(s)
2026-05-21 08:31:47 [INFO    ] crawl_pipeline.worker-0 | [Worker 0] Processing 1thjile (BaliTravelTips) — "..."
2026-05-21 08:31:47 [INFO    ] crawl_pipeline |   Re-enqueued pending post: 1thdmig
2026-05-21 08:31:48 [INFO    ] crawl_pipeline.worker-0 | [Worker 0] 1thjile done — 2 thread(s)
2026-05-21 08:31:50 [INFO    ] crawl_pipeline.worker-0 | [Worker 0] Processing 1thsglh (jualbeliindonesia) — "..."
2026-05-21 08:31:50 [INFO    ] crawl_pipeline |   Re-enqueued pending post: 1tgp06b
2026-05-21 08:31:50 [INFO    ] crawl_pipeline.worker-0 | [Worker 0] 1thsglh done — 0 thread(s)
2026-05-21 08:31:52 [INFO    ] crawl_pipeline |   Re-enqueued pending post: 1tgebjx
2026-05-21 08:31:52 [INFO    ] crawl_pipeline.worker-0 | [Worker 0] Processing 1thkrgy (indowibu) — "..."
2026-05-21 08:31:52 [INFO    ] crawl_pipeline.worker-0 | [Worker 0] 1thkrgy done — 0 thread(s)
2026-05-21 08:31:54 [INFO    ] crawl_pipeline.worker-0 | [Worker 0] Processing 1thnc6a (indonesia) — "..."
2026-05-21 08:31:54 [INFO    ] crawl_pipeline |   Re-enqueued pending post: 1tgmj6g
2026-05-21 08:31:55 [INFO    ] crawl_pipeline.worker-0 | [Worker 0] 1thnc6a done — 0 thread(s)
2026-05-21 08:31:57 [INFO    ] crawl_pipeline.worker-0 | [Worker 0] Processing 1thnlyx (IndoGamer) — "..."
2026-05-21 08:31:57 [INFO    ] crawl_pipeline |   Re-enqueued pending post: 1tha7n8
2026-05-21 08:31:57 [INFO    ] crawl_pipeline.worker-0 | [Worker 0] 1thnlyx done — 2 thread(s)
2026-05-21 08:31:59 [INFO    ] crawl_pipeline.worker-0 | [Worker 0] Processing 1th7zj4 (Bandung) — "..."
2026-05-21 08:31:59 [INFO    ] crawl_pipeline |   Re-enqueued pending post: 1tgnylc
2026-05-21 08:32:00 [INFO    ] crawl_pipeline.worker-0 | [Worker 0] 1th7zj4 done — 0 thread(s)
2026-05-21 08:32:02 [INFO    ] crawl_pipeline.worker-0 | [Worker 0] Processing 1thg5ax (jualbeliindonesia) — "..."
2026-05-21 08:32:02 [INFO    ] crawl_pipeline |   Re-enqueued pending post: 1tgsxk5
2026-05-21 08:32:02 [INFO    ] crawl_pipeline.worker-0 | [Worker 0] 1thg5ax done — 0 thread(s)
2026-05-21 08:32:04 [INFO    ] crawl_pipeline.worker-0 | [Worker 0] Processing 1thl14j (WkwkwkLand) — "..."
2026-05-21 08:32:04 [INFO    ] crawl_pipeline |   Re-enqueued pending post: 1th6wya
2026-05-21 08:32:04 [INFO    ] crawl_pipeline.worker-0 | [Worker 0] 1thl14j done — 0 thread(s)
2026-05-21 08:32:06 [INFO    ] crawl_pipeline.worker-0 | [Worker 0] Processing 1thadgf (bali) — "..."
2026-05-21 08:32:06 [INFO    ] crawl_pipeline |   Re-enqueued pending post: 1tgnpkx
2026-05-21 08:32:07 [INFO    ] crawl_pipeline.worker-0 | [Worker 0] 1thadgf done — 18 thread(s)
2026-05-21 08:32:09 [INFO    ] crawl_pipeline.worker-0 | [Worker 0] Processing 1thdhlf (indowibu) — "..."
2026-05-21 08:32:09 [INFO    ] crawl_pipeline |   Re-enqueued pending post: 1tgizpq
2026-05-21 08:32:10 [INFO    ] crawl_pipeline.worker-0 | [Worker 0] 1thdhlf done — 0 thread(s)
2026-05-21 08:32:12 [INFO    ] crawl_pipeline.worker-0 | [Worker 0] Processing 1thhfr8 (indonesiabebas) — "..."
2026-05-21 08:32:12 [INFO    ] crawl_pipeline |   Re-enqueued pending post: 1tgsjve
2026-05-21 08:32:12 [INFO    ] crawl_pipeline.worker-0 | [Worker 0] 1thhfr8 done — 0 thread(s)
2026-05-21 08:32:14 [INFO    ] crawl_pipeline.worker-0 | [Worker 0] Processing 1tj4mw0 (WkwkwkLand) — "..."
2026-05-21 08:32:14 [INFO    ] crawl_pipeline |   Re-enqueued pending post: 1tgp079
2026-05-21 08:32:15 [INFO    ] crawl_pipeline.worker-0 | [Worker 0] 1tj4mw0 done — 0 thread(s)
2026-05-21 08:32:17 [INFO    ] crawl_pipeline.worker-0 | [Worker 0] Processing 1thhdec (WkwkwkLand) — "..."
2026-05-21 08:32:17 [INFO    ] crawl_pipeline |   Re-enqueued pending post: 1tgfgm7
2026-05-21 08:32:17 [INFO    ] crawl_pipeline.worker-0 | [Worker 0] 1thhdec done — 0 thread(s)
2026-05-21 08:32:19 [INFO    ] crawl_pipeline.worker-0 | [Worker 0] Processing 1ti57b4 (indonesia) — "..."
2026-05-21 08:32:19 [INFO    ] crawl_pipeline |   Re-enqueued pending post: 1tgfhy6
2026-05-21 08:32:21 [INFO    ] crawl_pipeline.worker-0 | [Worker 0] 1ti57b4 done — 34 thread(s)
2026-05-21 08:32:23 [INFO    ] crawl_pipeline.worker-0 | [Worker 0] Processing 1tj7agb (indonesia) — "..."
2026-05-21 08:32:23 [INFO    ] crawl_pipeline |   Re-enqueued pending post: 1th990c
2026-05-21 08:32:24 [INFO    ] crawl_pipeline.worker-0 | [Worker 0] 1tj7agb done — 0 thread(s)
2026-05-21 08:32:26 [INFO    ] crawl_pipeline.worker-0 | [Worker 0] Processing 1thf2ch (WkwkwkLand) — "..."
2026-05-21 08:32:26 [INFO    ] crawl_pipeline |   Re-enqueued pending post: 1tgcyso
2026-05-21 08:32:26 [INFO    ] crawl_pipeline.worker-0 | [Worker 0] 1thf2ch done — 0 thread(s)
2026-05-21 08:32:28 [INFO    ] crawl_pipeline.worker-0 | [Worker 0] Processing 1thd6i1 (jualbeliindonesia) — "..."
2026-05-21 08:32:28 [INFO    ] crawl_pipeline |   Re-enqueued pending post: 1tgnoiz
2026-05-21 08:32:28 [INFO    ] crawl_pipeline.worker-0 | [Worker 0] 1thd6i1 done — 0 thread(s)
2026-05-21 08:32:30 [INFO    ] crawl_pipeline.worker-0 | [Worker 0] Processing 1thrj6b (indonesia) — "..."
2026-05-21 08:32:30 [INFO    ] crawl_pipeline |   Re-enqueued pending post: 1thfxvp
2026-05-21 08:32:31 [INFO    ] crawl_pipeline.worker-0 | [Worker 0] 1thrj6b done — 8 thread(s)
2026-05-21 08:32:33 [INFO    ] crawl_pipeline.worker-0 | [Worker 0] Processing 1tijn76 (WkwkwkLand) — "..."
2026-05-21 08:32:33 [INFO    ] crawl_pipeline |   Re-enqueued pending post: 1th6bp1
2026-05-21 08:32:33 [INFO    ] crawl_pipeline.worker-0 | [Worker 0] 1tijn76 done — 0 thread(s)
2026-05-21 08:32:35 [INFO    ] crawl_pipeline.worker-0 | [Worker 0] Processing 1the8rp (WkwkwkLand) — "..."
2026-05-21 08:32:35 [INFO    ] crawl_pipeline |   Re-enqueued pending post: 1tfq5d8
2026-05-21 08:32:36 [INFO    ] crawl_pipeline.worker-0 | [Worker 0] 1the8rp done — 0 thread(s)
2026-05-21 08:32:38 [INFO    ] crawl_pipeline.worker-0 | [Worker 0] Processing 1thbvzw (indonesia) — "..."
2026-05-21 08:32:38 [INFO    ] crawl_pipeline |   Re-enqueued pending post: 1th7bbd
2026-05-21 08:32:38 [INFO    ] crawl_pipeline.worker-0 | [Worker 0] 1thbvzw done — 0 thread(s)
2026-05-21 08:32:40 [INFO    ] crawl_pipeline.worker-0 | [Worker 0] Processing 1thru87 (indonesia) — "..."
2026-05-21 08:32:40 [INFO    ] crawl_pipeline |   Re-enqueued pending post: 1th53cb
2026-05-21 08:32:41 [INFO    ] crawl_pipeline.worker-0 | [Worker 0] 1thru87 done — 0 thread(s)
2026-05-21 08:32:43 [INFO    ] crawl_pipeline.worker-0 | [Worker 0] Processing 1thslsh (jualbeliindonesia) — "..."
2026-05-21 08:32:43 [INFO    ] crawl_pipeline |   Re-enqueued pending post: 1tgpu5w
2026-05-21 08:32:43 [INFO    ] crawl_pipeline.worker-0 | [Worker 0] 1thslsh done — 0 thread(s)
2026-05-21 08:32:45 [INFO    ] crawl_pipeline.worker-0 | [Worker 0] Processing 1thbqt0 (jualbeliindonesia) — "..."
2026-05-21 08:32:45 [INFO    ] crawl_pipeline |   Re-enqueued pending post: 1th8rm7
2026-05-21 08:32:45 [INFO    ] crawl_pipeline.worker-0 | [Worker 0] 1thbqt0 done — 0 thread(s)
2026-05-21 08:32:47 [INFO    ] crawl_pipeline.worker-0 | [Worker 0] Processing 1thnsvx (indotech) — "..."
2026-05-21 08:32:47 [INFO    ] crawl_pipeline |   Re-enqueued pending post: 1tgfo2w
2026-05-21 08:32:47 [INFO    ] crawl_pipeline.worker-0 | [Worker 0] 1thnsvx done — 0 thread(s)
2026-05-21 08:32:49 [INFO    ] crawl_pipeline.worker-0 | [Worker 0] Processing 1thckmk (WkwkwkLand) — "..."
2026-05-21 08:32:49 [INFO    ] crawl_pipeline |   Re-enqueued pending post: 1tg7o6n
2026-05-21 08:32:50 [INFO    ] crawl_pipeline.worker-0 | [Worker 0] 1thckmk done — 0 thread(s)
2026-05-21 08:32:52 [INFO    ] crawl_pipeline.worker-0 | [Worker 0] Processing 1th7lf6 (BaliTravelTips) — "..."
2026-05-21 08:32:52 [INFO    ] crawl_pipeline |   Re-enqueued pending post: 1tgsnu1
2026-05-21 08:32:53 [INFO    ] crawl_pipeline.worker-0 | [Worker 0] 1th7lf6 done — 2 thread(s)
2026-05-21 08:32:55 [INFO    ] crawl_pipeline.worker-0 | [Worker 0] Processing 1thiv5y (finansial) — "..."
2026-05-21 08:32:55 [INFO    ] crawl_pipeline |   Re-enqueued pending post: 1tg7hlz
2026-05-21 08:32:55 [INFO    ] crawl_pipeline.worker-0 | [Worker 0] 1thiv5y done — 2 thread(s)
2026-05-21 08:32:57 [INFO    ] crawl_pipeline |   Re-enqueued pending post: 1tgfhz5
2026-05-21 08:32:57 [INFO    ] crawl_pipeline.worker-0 | [Worker 0] Processing 1thmo9e (WkwkwkLand) — "..."
2026-05-21 08:32:57 [INFO    ] crawl_pipeline.worker-0 | [Worker 0] 1thmo9e done — 0 thread(s)
2026-05-21 08:32:59 [INFO    ] crawl_pipeline.worker-0 | [Worker 0] Processing 1thff4x (indonesia) — "..."
2026-05-21 08:32:59 [INFO    ] crawl_pipeline |   Re-enqueued pending post: 1tgo2uc
2026-05-21 08:33:00 [INFO    ] crawl_pipeline.worker-0 | [Worker 0] 1thff4x done — 0 thread(s)
2026-05-21 08:33:02 [INFO    ] crawl_pipeline.worker-0 | [Worker 0] Processing 1tii5oc (WkwkwkLand) — "..."
2026-05-21 08:33:02 [INFO    ] crawl_pipeline |   Re-enqueued pending post: 1tgm3pc
2026-05-21 08:33:02 [INFO    ] crawl_pipeline.worker-0 | [Worker 0] 1tii5oc done — 0 thread(s)
2026-05-21 08:33:04 [INFO    ] crawl_pipeline.worker-0 | [Worker 0] Processing 1thgz0h (AdaIndonesiaCoy) — "..."
2026-05-21 08:33:04 [INFO    ] crawl_pipeline |   Re-enqueued pending post: 1tgp1bt
2026-05-21 08:33:05 [INFO    ] crawl_pipeline.worker-0 | [Worker 0] 1thgz0h done — 0 thread(s)
2026-05-21 08:33:07 [INFO    ] crawl_pipeline.worker-0 | [Worker 0] Processing 1tg59b7 (surabaya) — "..."
2026-05-21 08:33:07 [INFO    ] crawl_pipeline |   Re-enqueued pending post: 1tgl7lz
2026-05-21 08:33:07 [INFO    ] crawl_pipeline.worker-0 | [Worker 0] 1tg59b7 done — 0 thread(s)
2026-05-21 08:33:09 [INFO    ] crawl_pipeline.worker-0 | [Worker 0] Processing 1thtmgx (AdaIndonesiaCoy) — "..."
2026-05-21 08:33:09 [INFO    ] crawl_pipeline |   Re-enqueued pending post: 1tgycr1
2026-05-21 08:33:09 [INFO    ] crawl_pipeline.worker-0 | [Worker 0] 1thtmgx done — 0 thread(s)
2026-05-21 08:33:11 [INFO    ] crawl_pipeline.worker-0 | [Worker 0] Processing 1th9kvr (indonesiabebas) — "..."
2026-05-21 08:33:11 [INFO    ] crawl_pipeline |   Re-enqueued pending post: 1th95qk
2026-05-21 08:33:12 [INFO    ] crawl_pipeline.worker-0 | [Worker 0] 1th9kvr done — 0 thread(s)
2026-05-21 08:33:14 [INFO    ] crawl_pipeline.worker-0 | [Worker 0] Processing 1th5pca (indonesia) — "..."
2026-05-21 08:33:14 [INFO    ] crawl_pipeline |   Re-enqueued pending post: 1tffssg
2026-05-21 08:33:15 [INFO    ] crawl_pipeline.worker-0 | [Worker 0] 1th5pca done — 0 thread(s)
2026-05-21 08:33:17 [INFO    ] crawl_pipeline.worker-0 | [Worker 0] Processing 1thgy1n (AdaIndonesiaCoy) — "..."
2026-05-21 08:33:17 [INFO    ] crawl_pipeline |   Re-enqueued pending post: 1tgkhnf
2026-05-21 08:33:17 [INFO    ] crawl_pipeline.worker-0 | [Worker 0] 1thgy1n done — 0 thread(s)
2026-05-21 08:33:19 [INFO    ] crawl_pipeline.worker-0 | [Worker 0] Processing 1thfmda (BaliTravelTips) — "..."
2026-05-21 08:33:19 [INFO    ] crawl_pipeline |   Re-enqueued pending post: 1tgga9v
2026-05-21 08:33:20 [INFO    ] crawl_pipeline.worker-0 | [Worker 0] 1thfmda done — 0 thread(s)
2026-05-21 08:33:22 [INFO    ] crawl_pipeline.worker-0 | [Worker 0] Processing 1tginia (JudiSaham) — "..."
2026-05-21 08:33:22 [INFO    ] crawl_pipeline |   Re-enqueued pending post: 1tg8xdh
2026-05-21 08:33:22 [INFO    ] crawl_pipeline.worker-0 | [Worker 0] 1tginia done — 0 thread(s)
2026-05-21 08:33:24 [INFO    ] crawl_pipeline.worker-0 | [Worker 0] Processing 1thf32o (indonesia) — "..."
2026-05-21 08:33:24 [INFO    ] crawl_pipeline |   Re-enqueued pending post: 1tgcpte
2026-05-21 08:33:25 [INFO    ] crawl_pipeline.worker-0 | [Worker 0] 1thf32o done — 0 thread(s)
2026-05-21 08:33:27 [INFO    ] crawl_pipeline.worker-0 | [Worker 0] Processing 1thes8u (indonesiabebas) — "..."
2026-05-21 08:33:27 [INFO    ] crawl_pipeline |   Re-enqueued pending post: 1tfkgeo
2026-05-21 08:33:27 [INFO    ] crawl_pipeline.worker-0 | [Worker 0] 1thes8u done — 0 thread(s)
2026-05-21 08:33:29 [INFO    ] crawl_pipeline.worker-0 | [Worker 0] Processing 1thgvmr (finansial) — "..."
2026-05-21 08:33:29 [INFO    ] crawl_pipeline |   Re-enqueued pending post: 1tgdbs3
2026-05-21 08:33:30 [INFO    ] crawl_pipeline.worker-0 | [Worker 0] 1thgvmr done — 1 thread(s)
2026-05-21 08:33:32 [INFO    ] crawl_pipeline.worker-0 | [Worker 0] Processing 1tho4t4 (AdaIndonesiaCoy) — "..."
2026-05-21 08:33:32 [INFO    ] crawl_pipeline |   Re-enqueued pending post: 1tgfg2f
2026-05-21 08:33:32 [INFO    ] crawl_pipeline.worker-0 | [Worker 0] 1tho4t4 done — 0 thread(s)
2026-05-21 08:33:34 [INFO    ] crawl_pipeline |   Re-enqueued pending post: 1tgmo10
2026-05-21 08:33:34 [INFO    ] crawl_pipeline.worker-0 | [Worker 0] Processing 1th7eqk (BaliTravelTips) — "..."
2026-05-21 08:33:34 [INFO    ] crawl_pipeline.worker-0 | [Worker 0] 1th7eqk done — 4 thread(s)
2026-05-21 08:33:36 [INFO    ] crawl_pipeline.worker-0 | [Worker 0] Processing 1th9q0z (indonesiabebas) — "..."
2026-05-21 08:33:36 [INFO    ] crawl_pipeline |   Re-enqueued pending post: 1tgplub
2026-05-21 08:33:37 [INFO    ] crawl_pipeline.worker-0 | [Worker 0] 1th9q0z done — 0 thread(s)
2026-05-21 08:33:39 [INFO    ] crawl_pipeline.worker-0 | [Worker 0] Processing 1tgmzuc (Cekrek) — "..."
2026-05-21 08:33:39 [INFO    ] crawl_pipeline |   Re-enqueued pending post: 1thbgzs
2026-05-21 08:33:39 [WARNING ] crawl_pipeline.comments | Rate-limited (429). Waiting 2s (attempt 1/5)
2026-05-21 08:33:41 [WARNING ] crawl_pipeline.comments | Rate-limited (429). Waiting 4s (attempt 2/5)
2026-05-21 08:33:45 [WARNING ] crawl_pipeline.comments | Rate-limited (429). Waiting 6s (attempt 3/5)
2026-05-21 08:33:51 [WARNING ] crawl_pipeline.comments | Rate-limited (429). Waiting 8s (attempt 4/5)
2026-05-21 08:34:00 [WARNING ] crawl_pipeline.comments | Rate-limited (429). Waiting 10s (attempt 5/5)
2026-05-21 08:34:10 [ERROR   ] crawl_pipeline.comments | Could not fetch comments for post 1tgmzuc: Failed after 5 retries: https://www.reddit.com/r/Cekrek/comments/1tgmzuc.json
2026-05-21 08:34:10 [ERROR   ] crawl_pipeline.worker-0 | [Worker 0] 1tgmzuc failed: Failed after 5 retries: https://www.reddit.com/r/Cekrek/comments/1tgmzuc.json
2026-05-21 08:34:12 [INFO    ] crawl_pipeline |   Re-enqueued pending post: 1tgsrt7
2026-05-21 08:34:12 [INFO    ] crawl_pipeline.worker-0 | [Worker 0] Processing 1th95x1 (WkwkwkLand) — "..."
2026-05-21 08:34:12 [WARNING ] crawl_pipeline.comments | Rate-limited (429). Waiting 2s (attempt 1/5)
2026-05-21 08:34:14 [WARNING ] crawl_pipeline.comments | Rate-limited (429). Waiting 4s (attempt 2/5)
2026-05-21 08:34:18 [WARNING ] crawl_pipeline.comments | Rate-limited (429). Waiting 6s (attempt 3/5)
2026-05-21 08:34:25 [WARNING ] crawl_pipeline.comments | Rate-limited (429). Waiting 8s (attempt 4/5)
2026-05-21 08:34:33 [WARNING ] crawl_pipeline.comments | Rate-limited (429). Waiting 10s (attempt 5/5)
2026-05-21 08:34:43 [ERROR   ] crawl_pipeline.comments | Could not fetch comments for post 1th95x1: Failed after 5 retries: https://www.reddit.com/r/WkwkwkLand/comments/1th95x1.json
2026-05-21 08:34:43 [ERROR   ] crawl_pipeline.worker-0 | [Worker 0] 1th95x1 failed: Failed after 5 retries: https://www.reddit.com/r/WkwkwkLand/comments/1th95x1.json
2026-05-21 08:34:45 [INFO    ] crawl_pipeline |   Re-enqueued pending post: 1tgknei
2026-05-21 08:34:45 [INFO    ] crawl_pipeline.worker-0 | [Worker 0] Processing 1thes85 (BaliTravelTips) — "..."
2026-05-21 08:34:45 [WARNING ] crawl_pipeline.comments | Rate-limited (429). Waiting 2s (attempt 1/5)
2026-05-21 08:34:47 [WARNING ] crawl_pipeline.comments | Rate-limited (429). Waiting 4s (attempt 2/5)
2026-05-21 08:34:51 [WARNING ] crawl_pipeline.comments | Rate-limited (429). Waiting 6s (attempt 3/5)
2026-05-21 08:34:58 [WARNING ] crawl_pipeline.comments | Rate-limited (429). Waiting 8s (attempt 4/5)
2026-05-21 08:35:06 [WARNING ] crawl_pipeline.comments | Rate-limited (429). Waiting 10s (attempt 5/5)
2026-05-21 08:35:16 [ERROR   ] crawl_pipeline.comments | Could not fetch comments for post 1thes85: Failed after 5 retries: https://www.reddit.com/r/BaliTravelTips/comments/1thes85.json
2026-05-21 08:35:16 [ERROR   ] crawl_pipeline.worker-0 | [Worker 0] 1thes85 failed: Failed after 5 retries: https://www.reddit.com/r/BaliTravelTips/comments/1thes85.json
2026-05-21 08:35:18 [INFO    ] crawl_pipeline |   Re-enqueued pending post: 1th7bwe
2026-05-21 08:35:18 [INFO    ] crawl_pipeline.worker-0 | [Worker 0] Processing 1th9mr8 (jualbeliindonesia) — "..."
2026-05-21 08:35:18 [WARNING ] crawl_pipeline.comments | Rate-limited (429). Waiting 2s (attempt 1/5)
2026-05-21 08:35:20 [WARNING ] crawl_pipeline.comments | Rate-limited (429). Waiting 4s (attempt 2/5)
2026-05-21 08:35:24 [WARNING ] crawl_pipeline.comments | Rate-limited (429). Waiting 6s (attempt 3/5)
2026-05-21 08:35:31 [WARNING ] crawl_pipeline.comments | Rate-limited (429). Waiting 8s (attempt 4/5)
2026-05-21 08:35:39 [WARNING ] crawl_pipeline.comments | Rate-limited (429). Waiting 10s (attempt 5/5)
2026-05-21 08:35:49 [ERROR   ] crawl_pipeline.comments | Could not fetch comments for post 1th9mr8: Failed after 5 retries: https://www.reddit.com/r/jualbeliindonesia/comments/1th9mr8.json
2026-05-21 08:35:49 [ERROR   ] crawl_pipeline.worker-0 | [Worker 0] 1th9mr8 failed: Failed after 5 retries: https://www.reddit.com/r/jualbeliindonesia/comments/1th9mr8.json
2026-05-21 08:35:51 [INFO    ] crawl_pipeline.worker-0 | [Worker 0] Processing 1thsjbp (indonesiabebas) — "..."
2026-05-21 08:35:51 [INFO    ] crawl_pipeline |   Re-enqueued pending post: 1tjcfhu
2026-05-21 08:35:51 [INFO    ] crawl_pipeline.posts | [PostsCrawl] Listing: hot
2026-05-21 08:35:51 [INFO    ] crawl_pipeline.posts |   Resuming hot from cursor: t3_1th7bwe
2026-05-21 08:35:51 [WARNING ] crawl_pipeline.comments | Rate-limited (429). Waiting 2s (attempt 1/5)
2026-05-21 08:35:51 [WARNING ] crawl_pipeline.posts | Rate-limited (429). Waiting 2s (attempt 1/5)
2026-05-21 08:35:53 [WARNING ] crawl_pipeline.comments | Rate-limited (429). Waiting 4s (attempt 2/5)
2026-05-21 08:35:53 [WARNING ] crawl_pipeline.posts | Rate-limited (429). Waiting 4s (attempt 2/5)
2026-05-21 08:35:58 [WARNING ] crawl_pipeline.posts | Rate-limited (429). Waiting 6s (attempt 3/5)
2026-05-21 08:35:58 [WARNING ] crawl_pipeline.comments | Rate-limited (429). Waiting 6s (attempt 3/5)
2026-05-21 08:36:04 [WARNING ] crawl_pipeline.posts | Rate-limited (429). Waiting 8s (attempt 4/5)
2026-05-21 08:36:04 [WARNING ] crawl_pipeline.comments | Rate-limited (429). Waiting 8s (attempt 4/5)
2026-05-21 08:36:12 [WARNING ] crawl_pipeline.posts | Rate-limited (429). Waiting 10s (attempt 5/5)
2026-05-21 08:36:12 [WARNING ] crawl_pipeline.comments | Rate-limited (429). Waiting 10s (attempt 5/5)
2026-05-21 08:36:22 [ERROR   ] crawl_pipeline.posts |   [hot] Page fetch failed: Failed after 5 retries: https://www.reddit.com/user/chivalricsystems/m/indonesiasemua/hot/.json
2026-05-21 08:36:22 [INFO    ] crawl_pipeline.posts | [PostsCrawl] Listing: new
2026-05-21 08:36:22 [INFO    ] crawl_pipeline.posts |   Resuming new from cursor: t3_1tjcfhu
2026-05-21 08:36:22 [WARNING ] crawl_pipeline.posts | Rate-limited (429). Waiting 2s (attempt 1/5)
2026-05-21 08:36:22 [ERROR   ] crawl_pipeline.comments | Could not fetch comments for post 1thsjbp: Failed after 5 retries: https://www.reddit.com/r/indonesiabebas/comments/1thsjbp.json
2026-05-21 08:36:22 [ERROR   ] crawl_pipeline.worker-0 | [Worker 0] 1thsjbp failed: Failed after 5 retries: https://www.reddit.com/r/indonesiabebas/comments/1thsjbp.json
2026-05-21 08:36:24 [INFO    ] crawl_pipeline.worker-0 | [Worker 0] Processing 1thcg0s (jualbeliindonesia) — "..."
2026-05-21 08:36:25 [WARNING ] crawl_pipeline.comments | Rate-limited (429). Waiting 2s (attempt 1/5)
2026-05-21 08:36:25 [WARNING ] crawl_pipeline.posts | Rate-limited (429). Waiting 4s (attempt 2/5)
2026-05-21 08:36:27 [WARNING ] crawl_pipeline.comments | Rate-limited (429). Waiting 4s (attempt 2/5)
2026-05-21 08:36:29 [WARNING ] crawl_pipeline.posts | Rate-limited (429). Waiting 6s (attempt 3/5)
2026-05-21 08:36:31 [WARNING ] crawl_pipeline.comments | Rate-limited (429). Waiting 6s (attempt 3/5)
2026-05-21 08:36:35 [WARNING ] crawl_pipeline.posts | Rate-limited (429). Waiting 8s (attempt 4/5)
2026-05-21 08:36:37 [WARNING ] crawl_pipeline.comments | Rate-limited (429). Waiting 8s (attempt 4/5)
2026-05-21 08:36:43 [WARNING ] crawl_pipeline.posts | Rate-limited (429). Waiting 10s (attempt 5/5)
2026-05-21 08:36:45 [WARNING ] crawl_pipeline.comments | Rate-limited (429). Waiting 10s (attempt 5/5)
2026-05-21 08:36:53 [ERROR   ] crawl_pipeline.posts |   [new] Page fetch failed: Failed after 5 retries: https://www.reddit.com/user/chivalricsystems/m/indonesiasemua/new/.json
2026-05-21 08:36:53 [INFO    ] crawl_pipeline.posts | [PostsCrawl] Listing: top
2026-05-21 08:36:53 [INFO    ] crawl_pipeline.posts |   Resuming top from cursor: t3_1tiph1t
2026-05-21 08:36:54 [WARNING ] crawl_pipeline.posts | Rate-limited (429). Waiting 2s (attempt 1/5)
2026-05-21 08:36:55 [ERROR   ] crawl_pipeline.comments | Could not fetch comments for post 1thcg0s: Failed after 5 retries: https://www.reddit.com/r/jualbeliindonesia/comments/1thcg0s.json
2026-05-21 08:36:55 [ERROR   ] crawl_pipeline.worker-0 | [Worker 0] 1thcg0s failed: Failed after 5 retries: https://www.reddit.com/r/jualbeliindonesia/comments/1thcg0s.json
2026-05-21 08:36:56 [WARNING ] crawl_pipeline.posts | Rate-limited (429). Waiting 4s (attempt 2/5)
2026-05-21 08:36:57 [INFO    ] crawl_pipeline.worker-0 | [Worker 0] Processing 1tha49r (indonesiabebas) — "..."
2026-05-21 08:36:58 [WARNING ] crawl_pipeline.comments | Rate-limited (429). Waiting 2s (attempt 1/5)
2026-05-21 08:37:00 [WARNING ] crawl_pipeline.comments | Rate-limited (429). Waiting 4s (attempt 2/5)
2026-05-21 08:37:00 [WARNING ] crawl_pipeline.posts | Rate-limited (429). Waiting 6s (attempt 3/5)
2026-05-21 08:37:04 [WARNING ] crawl_pipeline.comments | Rate-limited (429). Waiting 6s (attempt 3/5)
2026-05-21 08:37:06 [WARNING ] crawl_pipeline.posts | Rate-limited (429). Waiting 8s (attempt 4/5)
2026-05-21 08:37:10 [WARNING ] crawl_pipeline.comments | Rate-limited (429). Waiting 8s (attempt 4/5)
2026-05-21 08:37:14 [WARNING ] crawl_pipeline.posts | Rate-limited (429). Waiting 10s (attempt 5/5)
2026-05-21 08:37:18 [WARNING ] crawl_pipeline.comments | Rate-limited (429). Waiting 10s (attempt 5/5)
2026-05-21 08:37:24 [ERROR   ] crawl_pipeline.posts |   [top] Page fetch failed: Failed after 5 retries: https://www.reddit.com/user/chivalricsystems/m/indonesiasemua/top/.json
2026-05-21 08:37:24 [INFO    ] crawl_pipeline.posts | [PostsCrawl] Listing: rising
2026-05-21 08:37:25 [WARNING ] crawl_pipeline.posts | Rate-limited (429). Waiting 2s (attempt 1/5)
2026-05-21 08:37:27 [WARNING ] crawl_pipeline.posts | Rate-limited (429). Waiting 4s (attempt 2/5)
2026-05-21 08:37:28 [ERROR   ] crawl_pipeline.comments | Could not fetch comments for post 1tha49r: Failed after 5 retries: https://www.reddit.com/r/indonesiabebas/comments/1tha49r.json
2026-05-21 08:37:28 [ERROR   ] crawl_pipeline.worker-0 | [Worker 0] 1tha49r failed: Failed after 5 retries: https://www.reddit.com/r/indonesiabebas/comments/1tha49r.json
2026-05-21 08:37:30 [INFO    ] crawl_pipeline.worker-0 | [Worker 0] Processing 1thh7k7 (indowibu) — "..."
2026-05-21 08:37:31 [WARNING ] crawl_pipeline.comments | Rate-limited (429). Waiting 2s (attempt 1/5)
2026-05-21 08:37:31 [WARNING ] crawl_pipeline.posts | Rate-limited (429). Waiting 6s (attempt 3/5)
2026-05-21 08:37:33 [WARNING ] crawl_pipeline.comments | Rate-limited (429). Waiting 4s (attempt 2/5)
2026-05-21 08:37:37 [WARNING ] crawl_pipeline.comments | Rate-limited (429). Waiting 6s (attempt 3/5)
2026-05-21 08:37:37 [WARNING ] crawl_pipeline.posts | Rate-limited (429). Waiting 8s (attempt 4/5)
2026-05-21 08:37:43 [WARNING ] crawl_pipeline.comments | Rate-limited (429). Waiting 8s (attempt 4/5)
2026-05-21 08:37:46 [WARNING ] crawl_pipeline.posts | Rate-limited (429). Waiting 10s (attempt 5/5)
2026-05-21 08:37:51 [WARNING ] crawl_pipeline.comments | Rate-limited (429). Waiting 10s (attempt 5/5)
2026-05-21 08:37:56 [ERROR   ] crawl_pipeline.posts |   [rising] Page fetch failed: Failed after 5 retries: https://www.reddit.com/user/chivalricsystems/m/indonesiasemua/rising/.json
2026-05-21 08:37:56 [INFO    ] crawl_pipeline.posts | [PostsCrawl] Cycle complete. New this cycle: 0
2026-05-21 08:37:56 [INFO    ] crawl_pipeline.posts | [PostsCrawl] Done. Grand total new posts: 0
2026-05-21 08:37:56 [INFO    ] crawl_pipeline | [Pipeline] Producer finished. 0 new posts discovered.
2026-05-21 08:37:56 [INFO    ] crawl_pipeline | [Pipeline] Sending 1 sentinel(s) to workers...
2026-05-21 08:37:56 [INFO    ] crawl_pipeline | [Pipeline] Waiting for workers to finish...
2026-05-21 08:38:01 [ERROR   ] crawl_pipeline.comments | Could not fetch comments for post 1thh7k7: Failed after 5 retries: https://www.reddit.com/r/indowibu/comments/1thh7k7.json
2026-05-21 08:38:01 [ERROR   ] crawl_pipeline.worker-0 | [Worker 0] 1thh7k7 failed: Failed after 5 retries: https://www.reddit.com/r/indowibu/comments/1thh7k7.json
2026-05-21 08:38:03 [INFO    ] crawl_pipeline.worker-0 | [Worker 0] Processing 1thhi6f (WkwkwkLand) — "..."
2026-05-21 08:38:04 [WARNING ] crawl_pipeline.comments | Rate-limited (429). Waiting 2s (attempt 1/5)
2026-05-21 08:38:06 [WARNING ] crawl_pipeline.comments | Rate-limited (429). Waiting 4s (attempt 2/5)
2026-05-21 08:38:10 [WARNING ] crawl_pipeline.comments | Rate-limited (429). Waiting 6s (attempt 3/5)
2026-05-21 08:38:16 [WARNING ] crawl_pipeline.comments | Rate-limited (429). Waiting 8s (attempt 4/5)
2026-05-21 08:38:25 [WARNING ] crawl_pipeline.comments | Rate-limited (429). Waiting 10s (attempt 5/5)
2026-05-21 08:38:35 [ERROR   ] crawl_pipeline.comments | Could not fetch comments for post 1thhi6f: Failed after 5 retries: https://www.reddit.com/r/WkwkwkLand/comments/1thhi6f.json
2026-05-21 08:38:35 [ERROR   ] crawl_pipeline.worker-0 | [Worker 0] 1thhi6f failed: Failed after 5 retries: https://www.reddit.com/r/WkwkwkLand/comments/1thhi6f.json
2026-05-21 08:38:37 [INFO    ] crawl_pipeline.worker-0 | [Worker 0] Processing 1thtkd2 (indonesia) — "..."
2026-05-21 08:38:37 [WARNING ] crawl_pipeline.comments | Rate-limited (429). Waiting 2s (attempt 1/5)
2026-05-21 08:38:39 [WARNING ] crawl_pipeline.comments | Rate-limited (429). Waiting 4s (attempt 2/5)
2026-05-21 08:38:43 [WARNING ] crawl_pipeline.comments | Rate-limited (429). Waiting 6s (attempt 3/5)
2026-05-21 08:38:49 [WARNING ] crawl_pipeline.comments | Rate-limited (429). Waiting 8s (attempt 4/5)
2026-05-21 08:38:58 [WARNING ] crawl_pipeline.comments | Rate-limited (429). Waiting 10s (attempt 5/5)
2026-05-21 08:39:08 [ERROR   ] crawl_pipeline.comments | Could not fetch comments for post 1thtkd2: Failed after 5 retries: https://www.reddit.com/r/indonesia/comments/1thtkd2.json
2026-05-21 08:39:08 [ERROR   ] crawl_pipeline.worker-0 | [Worker 0] 1thtkd2 failed: Failed after 5 retries: https://www.reddit.com/r/indonesia/comments/1thtkd2.json
2026-05-21 08:39:10 [INFO    ] crawl_pipeline.worker-0 | [Worker 0] Processing 1tgd4fn (indocartalk) — "..."
2026-05-21 08:39:10 [WARNING ] crawl_pipeline.comments | Rate-limited (429). Waiting 2s (attempt 1/5)
2026-05-21 08:39:12 [WARNING ] crawl_pipeline.comments | Rate-limited (429). Waiting 4s (attempt 2/5)
2026-05-21 08:39:16 [WARNING ] crawl_pipeline.comments | Rate-limited (429). Waiting 6s (attempt 3/5)
2026-05-21 08:39:22 [WARNING ] crawl_pipeline.comments | Rate-limited (429). Waiting 8s (attempt 4/5)
2026-05-21 08:39:31 [WARNING ] crawl_pipeline.comments | Rate-limited (429). Waiting 10s (attempt 5/5)
2026-05-21 08:39:41 [ERROR   ] crawl_pipeline.comments | Could not fetch comments for post 1tgd4fn: Failed after 5 retries: https://www.reddit.com/r/indocartalk/comments/1tgd4fn.json
2026-05-21 08:39:41 [ERROR   ] crawl_pipeline.worker-0 | [Worker 0] 1tgd4fn failed: Failed after 5 retries: https://www.reddit.com/r/indocartalk/comments/1tgd4fn.json
2026-05-21 08:39:43 [INFO    ] crawl_pipeline.worker-0 | [Worker 0] Processing 1thc84f (WkwkwkLand) — "..."
2026-05-21 08:39:43 [WARNING ] crawl_pipeline.comments | Rate-limited (429). Waiting 2s (attempt 1/5)
2026-05-21 08:39:45 [WARNING ] crawl_pipeline.comments | Rate-limited (429). Waiting 4s (attempt 2/5)
2026-05-21 08:39:49 [WARNING ] crawl_pipeline.comments | Rate-limited (429). Waiting 6s (attempt 3/5)
2026-05-21 08:39:56 [WARNING ] crawl_pipeline.comments | Rate-limited (429). Waiting 8s (attempt 4/5)
2026-05-21 08:40:04 [INFO    ] crawl_pipeline.worker-0 | [Worker 0] 1thc84f done — 0 thread(s)
2026-05-21 08:40:06 [INFO    ] crawl_pipeline.worker-0 | [Worker 0] Processing 1ti1hx1 (indonesia) — "..."
2026-05-21 08:40:06 [INFO    ] crawl_pipeline.worker-0 | [Worker 0] 1ti1hx1 done — 6 thread(s)
2026-05-21 08:40:08 [INFO    ] crawl_pipeline.worker-0 | [Worker 0] Processing 1tggmhh (IndoGamer) — "..."
2026-05-21 08:40:09 [INFO    ] crawl_pipeline.worker-0 | [Worker 0] 1tggmhh done — 0 thread(s)
2026-05-21 08:40:11 [INFO    ] crawl_pipeline.worker-0 | [Worker 0] Processing 1thk35n (finansial) — "..."
2026-05-21 08:40:11 [INFO    ] crawl_pipeline.worker-0 | [Worker 0] 1thk35n done — 7 thread(s)
2026-05-21 08:40:13 [INFO    ] crawl_pipeline.worker-0 | [Worker 0] Processing 1tiu4xb (indonesia) — "..."
2026-05-21 08:40:13 [INFO    ] crawl_pipeline.worker-0 | [Worker 0] 1tiu4xb done — 3 thread(s)
2026-05-21 08:40:15 [INFO    ] crawl_pipeline.worker-0 | [Worker 0] Processing 1thb4io (indonesia) — "..."
2026-05-21 08:40:16 [INFO    ] crawl_pipeline.worker-0 | [Worker 0] 1thb4io done — 0 thread(s)
2026-05-21 08:40:18 [INFO    ] crawl_pipeline.worker-0 | [Worker 0] Processing 1thdnm0 (WkwkwkLand) — "..."
2026-05-21 08:40:18 [INFO    ] crawl_pipeline.worker-0 | [Worker 0] 1thdnm0 done — 0 thread(s)
2026-05-21 08:40:20 [INFO    ] crawl_pipeline.worker-0 | [Worker 0] Processing 1th7cuw (indotech) — "..."
2026-05-21 08:40:21 [INFO    ] crawl_pipeline.worker-0 | [Worker 0] 1th7cuw done — 4 thread(s)
2026-05-21 08:40:23 [INFO    ] crawl_pipeline.worker-0 | [Worker 0] Processing 1thl54r (WkwkwkLand) — "..."
2026-05-21 08:40:23 [INFO    ] crawl_pipeline.worker-0 | [Worker 0] 1thl54r done — 0 thread(s)
2026-05-21 08:40:25 [INFO    ] crawl_pipeline.worker-0 | [Worker 0] Processing 1th5mow (BaliTravelTips) — "..."
2026-05-21 08:40:25 [INFO    ] crawl_pipeline.worker-0 | [Worker 0] 1th5mow done — 1 thread(s)
2026-05-21 08:40:27 [INFO    ] crawl_pipeline.worker-0 | [Worker 0] Processing 1th5twq (indonesiabebas) — "..."
2026-05-21 08:40:28 [INFO    ] crawl_pipeline.worker-0 | [Worker 0] 1th5twq done — 0 thread(s)
2026-05-21 08:40:30 [INFO    ] crawl_pipeline.worker-0 | [Worker 0] Processing 1thdlpp (indonesia) — "..."
2026-05-21 08:40:31 [INFO    ] crawl_pipeline.worker-0 | [Worker 0] 1thdlpp done — 0 thread(s)
2026-05-21 08:40:33 [INFO    ] crawl_pipeline.worker-0 | [Worker 0] Processing 1thg94r (finansial) — "..."
2026-05-21 08:40:33 [INFO    ] crawl_pipeline.worker-0 | [Worker 0] 1thg94r done — 4 thread(s)
2026-05-21 08:40:35 [INFO    ] crawl_pipeline.worker-0 | [Worker 0] Processing 1thgvxz (IndoGamer) — "..."
2026-05-21 08:40:35 [INFO    ] crawl_pipeline.worker-0 | [Worker 0] 1thgvxz done — 0 thread(s)
2026-05-21 08:40:37 [INFO    ] crawl_pipeline.worker-0 | [Worker 0] Processing 1thazzi (AdaIndonesiaCoy) — "..."
2026-05-21 08:40:38 [INFO    ] crawl_pipeline.worker-0 | [Worker 0] 1thazzi done — 0 thread(s)
2026-05-21 08:40:40 [INFO    ] crawl_pipeline.worker-0 | [Worker 0] Processing 1thodgi (indonesiabebas) — "..."
2026-05-21 08:40:40 [INFO    ] crawl_pipeline.worker-0 | [Worker 0] 1thodgi done — 0 thread(s)
2026-05-21 08:40:42 [INFO    ] crawl_pipeline.worker-0 | [Worker 0] Processing 1thcc3g (indotech) — "..."
2026-05-21 08:40:43 [INFO    ] crawl_pipeline.worker-0 | [Worker 0] 1thcc3g done — 0 thread(s)
2026-05-21 08:40:45 [INFO    ] crawl_pipeline.worker-0 | [Worker 0] Processing 1tgkzkd (IndoGamer) — "..."
2026-05-21 08:40:45 [INFO    ] crawl_pipeline.worker-0 | [Worker 0] 1tgkzkd done — 0 thread(s)
2026-05-21 08:40:47 [INFO    ] crawl_pipeline.worker-0 | [Worker 0] Processing 1ti4nqw (indowibu) — "..."
2026-05-21 08:40:48 [INFO    ] crawl_pipeline.worker-0 | [Worker 0] 1ti4nqw done — 0 thread(s)
2026-05-21 08:40:50 [INFO    ] crawl_pipeline.worker-0 | [Worker 0] Processing 1thfs0w (AdaIndonesiaCoy) — "..."
2026-05-21 08:40:50 [INFO    ] crawl_pipeline.worker-0 | [Worker 0] 1thfs0w done — 0 thread(s)
2026-05-21 08:40:52 [INFO    ] crawl_pipeline.worker-0 | [Worker 0] Processing 1th9w1q (indonesiabebas) — "..."
2026-05-21 08:40:52 [INFO    ] crawl_pipeline.worker-0 | [Worker 0] 1th9w1q done — 0 thread(s)
2026-05-21 08:40:54 [INFO    ] crawl_pipeline.worker-0 | [Worker 0] Processing 1tgrbo6 (Cekrek) — "..."
2026-05-21 08:40:55 [INFO    ] crawl_pipeline.worker-0 | [Worker 0] 1tgrbo6 done — 0 thread(s)
2026-05-21 08:40:57 [INFO    ] crawl_pipeline.worker-0 | [Worker 0] Processing 1thd86t (indonesiabebas) — "..."
2026-05-21 08:40:57 [INFO    ] crawl_pipeline.worker-0 | [Worker 0] 1thd86t done — 5 thread(s)
2026-05-21 08:40:59 [INFO    ] crawl_pipeline.worker-0 | [Worker 0] Processing 1thk1mq (WkwkwkLand) — "..."
2026-05-21 08:40:59 [INFO    ] crawl_pipeline.worker-0 | [Worker 0] 1thk1mq done — 0 thread(s)
2026-05-21 08:41:01 [INFO    ] crawl_pipeline.worker-0 | [Worker 0] Processing 1thmgli (indonesia) — "..."
2026-05-21 08:41:02 [INFO    ] crawl_pipeline.worker-0 | [Worker 0] 1thmgli done — 0 thread(s)
2026-05-21 08:41:04 [INFO    ] crawl_pipeline.worker-0 | [Worker 0] Processing 1th7luw (Bandung) — "..."
2026-05-21 08:41:04 [INFO    ] crawl_pipeline.worker-0 | [Worker 0] 1th7luw done — 0 thread(s)
2026-05-21 08:41:06 [INFO    ] crawl_pipeline.worker-0 | [Worker 0] Processing 1thbcex (Bandung) — "..."
2026-05-21 08:41:06 [INFO    ] crawl_pipeline.worker-0 | [Worker 0] 1thbcex done — 0 thread(s)
2026-05-21 08:41:08 [INFO    ] crawl_pipeline.worker-0 | [Worker 0] Processing 1thfceh (AdaIndonesiaCoy) — "..."
2026-05-21 08:41:09 [INFO    ] crawl_pipeline.worker-0 | [Worker 0] 1thfceh done — 0 thread(s)
2026-05-21 08:41:11 [INFO    ] crawl_pipeline.worker-0 | [Worker 0] Processing 1thhixr (IndoGamer) — "..."
2026-05-21 08:41:11 [INFO    ] crawl_pipeline.worker-0 | [Worker 0] 1thhixr done — 4 thread(s)
2026-05-21 08:41:13 [INFO    ] crawl_pipeline.worker-0 | [Worker 0] Processing 1thh0e9 (indonesia) — "..."
2026-05-21 08:41:14 [INFO    ] crawl_pipeline.worker-0 | [Worker 0] 1thh0e9 done — 0 thread(s)
2026-05-21 08:41:16 [INFO    ] crawl_pipeline.worker-0 | [Worker 0] Processing 1thffzf (indonesiabebas) — "..."
2026-05-21 08:41:16 [INFO    ] crawl_pipeline.worker-0 | [Worker 0] 1thffzf done — 0 thread(s)
2026-05-21 08:41:18 [INFO    ] crawl_pipeline.worker-0 | [Worker 0] Processing 1ittu5j (Pisang) — "..."
2026-05-21 08:41:18 [INFO    ] crawl_pipeline.worker-0 | [Worker 0] 1ittu5j done — 0 thread(s)
2026-05-21 08:41:20 [INFO    ] crawl_pipeline.worker-0 | [Worker 0] Processing 1th9y3g (jualbeliindonesia) — "..."
2026-05-21 08:41:21 [INFO    ] crawl_pipeline.worker-0 | [Worker 0] 1th9y3g done — 0 thread(s)
2026-05-21 08:41:23 [INFO    ] crawl_pipeline.worker-0 | [Worker 0] Processing 1thh31i (WkwkwkLand) — "..."
2026-05-21 08:41:23 [INFO    ] crawl_pipeline.worker-0 | [Worker 0] 1thh31i done — 0 thread(s)
2026-05-21 08:41:25 [INFO    ] crawl_pipeline.worker-0 | [Worker 0] Processing 1themay (WkwkwkLand) — "..."
2026-05-21 08:41:25 [INFO    ] crawl_pipeline.worker-0 | [Worker 0] 1themay done — 0 thread(s)
2026-05-21 08:41:27 [INFO    ] crawl_pipeline.worker-0 | [Worker 0] Processing 1thbde3 (finansial) — "..."
2026-05-21 08:41:28 [INFO    ] crawl_pipeline.worker-0 | [Worker 0] 1thbde3 done — 6 thread(s)
2026-05-21 08:41:30 [INFO    ] crawl_pipeline.worker-0 | [Worker 0] Processing 1th4eyy (jualbeliindonesia) — "..."
2026-05-21 08:41:31 [INFO    ] crawl_pipeline.worker-0 | [Worker 0] 1th4eyy done — 0 thread(s)
2026-05-21 08:41:33 [INFO    ] crawl_pipeline.worker-0 | [Worker 0] Processing 1tgobf6 (finansial) — "..."
2026-05-21 08:41:33 [INFO    ] crawl_pipeline.worker-0 | [Worker 0] 1tgobf6 done — 0 thread(s)
2026-05-21 08:41:35 [INFO    ] crawl_pipeline.worker-0 | [Worker 0] Processing 1thux14 (indonesia) — "..."
2026-05-21 08:41:36 [INFO    ] crawl_pipeline.worker-0 | [Worker 0] 1thux14 done — 3 thread(s)
2026-05-21 08:41:38 [INFO    ] crawl_pipeline.worker-0 | [Worker 0] Processing 1th7lq7 (IndoGamer) — "..."
2026-05-21 08:41:38 [INFO    ] crawl_pipeline.worker-0 | [Worker 0] 1th7lq7 done — 0 thread(s)
2026-05-21 08:41:40 [INFO    ] crawl_pipeline.worker-0 | [Worker 0] Processing 1tgaq4h (indocartalk) — "..."
2026-05-21 08:41:40 [INFO    ] crawl_pipeline.worker-0 | [Worker 0] 1tgaq4h done — 2 thread(s)
2026-05-21 08:41:42 [INFO    ] crawl_pipeline.worker-0 | [Worker 0] Processing 1thfesk (finansial) — "..."
2026-05-21 08:41:43 [INFO    ] crawl_pipeline.worker-0 | [Worker 0] 1thfesk done — 8 thread(s)
2026-05-21 08:41:45 [INFO    ] crawl_pipeline.worker-0 | [Worker 0] Processing 1ths266 (indonesia) — "..."
2026-05-21 08:41:45 [INFO    ] crawl_pipeline.worker-0 | [Worker 0] 1ths266 done — 0 thread(s)
2026-05-21 08:41:47 [INFO    ] crawl_pipeline.worker-0 | [Worker 0] Processing 1thikhs (finansial) — "..."
2026-05-21 08:41:48 [INFO    ] crawl_pipeline.worker-0 | [Worker 0] 1thikhs done — 2 thread(s)
2026-05-21 08:41:50 [INFO    ] crawl_pipeline.worker-0 | [Worker 0] Processing 1tipqwi (indonesia) — "..."
2026-05-21 08:41:50 [INFO    ] crawl_pipeline.worker-0 | [Worker 0] 1tipqwi done — 5 thread(s)
2026-05-21 08:41:52 [INFO    ] crawl_pipeline.worker-0 | [Worker 0] Processing 1thrxj8 (WkwkwkLand) — "..."
2026-05-21 08:41:52 [INFO    ] crawl_pipeline.worker-0 | [Worker 0] 1thrxj8 done — 0 thread(s)
2026-05-21 08:41:54 [INFO    ] crawl_pipeline.worker-0 | [Worker 0] Processing 1thc4ui (indonesia) — "..."
2026-05-21 08:41:55 [INFO    ] crawl_pipeline.worker-0 | [Worker 0] 1thc4ui done — 0 thread(s)
2026-05-21 08:41:57 [INFO    ] crawl_pipeline.worker-0 | [Worker 0] Processing 1thcsuf (indonesia) — "..."
2026-05-21 08:41:57 [INFO    ] crawl_pipeline.worker-0 | [Worker 0] 1thcsuf done — 0 thread(s)
2026-05-21 08:41:59 [INFO    ] crawl_pipeline.worker-0 | [Worker 0] Processing 1tha5gf (WkwkwkLand) — "..."
2026-05-21 08:41:59 [INFO    ] crawl_pipeline.worker-0 | [Worker 0] 1tha5gf done — 0 thread(s)
2026-05-21 08:42:01 [INFO    ] crawl_pipeline.worker-0 | [Worker 0] Processing 1th6u9g (BaliTravelTips) — "..."
2026-05-21 08:42:02 [INFO    ] crawl_pipeline.worker-0 | [Worker 0] 1th6u9g done — 0 thread(s)
2026-05-21 08:42:04 [INFO    ] crawl_pipeline.worker-0 | [Worker 0] Processing 1thgcy2 (indotech) — "..."
2026-05-21 08:42:04 [INFO    ] crawl_pipeline.worker-0 | [Worker 0] 1thgcy2 done — 4 thread(s)
2026-05-21 08:42:06 [INFO    ] crawl_pipeline.worker-0 | [Worker 0] Processing 1til2t1 (WkwkwkLand) — "..."
2026-05-21 08:42:06 [INFO    ] crawl_pipeline.worker-0 | [Worker 0] 1til2t1 done — 0 thread(s)
2026-05-21 08:42:08 [INFO    ] crawl_pipeline.worker-0 | [Worker 0] Processing 1th9mf9 (indotech) — "..."
2026-05-21 08:42:09 [INFO    ] crawl_pipeline.worker-0 | [Worker 0] 1th9mf9 done — 0 thread(s)
2026-05-21 08:42:11 [INFO    ] crawl_pipeline.worker-0 | [Worker 0] Processing 1th8t83 (indonesia) — "..."
2026-05-21 08:42:12 [INFO    ] crawl_pipeline.worker-0 | [Worker 0] 1th8t83 done — 11 thread(s)
2026-05-21 08:42:14 [INFO    ] crawl_pipeline.worker-0 | [Worker 0] Processing 1tgmle3 (indonesia) — "..."
2026-05-21 08:42:15 [INFO    ] crawl_pipeline.worker-0 | [Worker 0] 1tgmle3 done — 0 thread(s)
2026-05-21 08:42:17 [INFO    ] crawl_pipeline.worker-0 | [Worker 0] Processing 1th3u6x (AdaIndonesiaCoy) — "..."
2026-05-21 08:42:17 [INFO    ] crawl_pipeline.worker-0 | [Worker 0] 1th3u6x done — 0 thread(s)
2026-05-21 08:42:19 [INFO    ] crawl_pipeline.worker-0 | [Worker 0] Processing 1thi080 (WkwkwkLand) — "..."
2026-05-21 08:42:20 [INFO    ] crawl_pipeline.worker-0 | [Worker 0] 1thi080 done — 0 thread(s)
2026-05-21 08:42:22 [INFO    ] crawl_pipeline.worker-0 | [Worker 0] Processing 1th73eo (indowibu) — "..."
2026-05-21 08:42:22 [INFO    ] crawl_pipeline.worker-0 | [Worker 0] 1th73eo done — 0 thread(s)
2026-05-21 08:42:24 [INFO    ] crawl_pipeline.worker-0 | [Worker 0] Processing 1th7p3s (AdaIndonesiaCoy) — "..."
2026-05-21 08:42:24 [INFO    ] crawl_pipeline.worker-0 | [Worker 0] 1th7p3s done — 0 thread(s)
2026-05-21 08:42:26 [INFO    ] crawl_pipeline.worker-0 | [Worker 0] Processing 1ths148 (indonesia) — "..."
2026-05-21 08:42:27 [INFO    ] crawl_pipeline.worker-0 | [Worker 0] 1ths148 done — 3 thread(s)
2026-05-21 08:42:29 [INFO    ] crawl_pipeline.worker-0 | [Worker 0] Processing 1thj8cm (indonesia) — "..."
2026-05-21 08:42:29 [INFO    ] crawl_pipeline.worker-0 | [Worker 0] 1thj8cm done — 1 thread(s)
2026-05-21 08:42:31 [INFO    ] crawl_pipeline.worker-0 | [Worker 0] Processing 1teusp1 (indolostmedia) — "..."
2026-05-21 08:42:31 [INFO    ] crawl_pipeline.worker-0 | [Worker 0] 1teusp1 done — 0 thread(s)
2026-05-21 08:42:33 [INFO    ] crawl_pipeline.worker-0 | [Worker 0] Processing 1th5spd (WkwkwkLand) — "..."
2026-05-21 08:42:34 [INFO    ] crawl_pipeline.worker-0 | [Worker 0] 1th5spd done — 0 thread(s)
2026-05-21 08:42:36 [INFO    ] crawl_pipeline.worker-0 | [Worker 0] Processing 1tglmlv (AdaIndonesiaCoy) — "..."
2026-05-21 08:42:36 [INFO    ] crawl_pipeline.worker-0 | [Worker 0] 1tglmlv done — 0 thread(s)
2026-05-21 08:42:38 [INFO    ] crawl_pipeline.worker-0 | [Worker 0] Processing 1thhiyu (indonesiabebas) — "..."
2026-05-21 08:42:38 [INFO    ] crawl_pipeline.worker-0 | [Worker 0] 1thhiyu done — 4 thread(s)
2026-05-21 08:42:40 [INFO    ] crawl_pipeline.worker-0 | [Worker 0] Processing 1thgxzk (indonesia) — "..."
2026-05-21 08:42:41 [INFO    ] crawl_pipeline.worker-0 | [Worker 0] 1thgxzk done — 0 thread(s)
2026-05-21 08:42:43 [INFO    ] crawl_pipeline.worker-0 | [Worker 0] Processing 1th9rs2 (indonesia) — "..."
2026-05-21 08:42:43 [INFO    ] crawl_pipeline.worker-0 | [Worker 0] 1th9rs2 done — 2 thread(s)
2026-05-21 08:42:45 [INFO    ] crawl_pipeline.worker-0 | [Worker 0] Processing 1tfmvj0 (indonesian) — "..."
2026-05-21 08:42:45 [INFO    ] crawl_pipeline.worker-0 | [Worker 0] 1tfmvj0 done — 1 thread(s)
2026-05-21 08:42:47 [INFO    ] crawl_pipeline.worker-0 | [Worker 0] Processing 1th8z7e (indowibu) — "..."
2026-05-21 08:42:48 [INFO    ] crawl_pipeline.worker-0 | [Worker 0] 1th8z7e done — 0 thread(s)
2026-05-21 08:42:50 [INFO    ] crawl_pipeline.worker-0 | [Worker 0] Processing 1thkf2k (indotech) — "..."
2026-05-21 08:42:50 [INFO    ] crawl_pipeline.worker-0 | [Worker 0] 1thkf2k done — 0 thread(s)
2026-05-21 08:42:52 [INFO    ] crawl_pipeline.worker-0 | [Worker 0] Processing 1theevz (indowibu) — "..."
2026-05-21 08:42:52 [INFO    ] crawl_pipeline.worker-0 | [Worker 0] 1theevz done — 0 thread(s)
2026-05-21 08:42:54 [INFO    ] crawl_pipeline.worker-0 | [Worker 0] Processing 1tihj5i (indonesia) — "..."
2026-05-21 08:42:55 [INFO    ] crawl_pipeline.worker-0 | [Worker 0] 1tihj5i done — 4 thread(s)
2026-05-21 08:42:57 [INFO    ] crawl_pipeline.worker-0 | [Worker 0] Processing 1thpk2q (indotech) — "..."
2026-05-21 08:42:57 [INFO    ] crawl_pipeline.worker-0 | [Worker 0] 1thpk2q done — 4 thread(s)
2026-05-21 08:42:59 [INFO    ] crawl_pipeline.worker-0 | [Worker 0] Processing 1tgvea6 (indotech) — "..."
2026-05-21 08:43:00 [INFO    ] crawl_pipeline.worker-0 | [Worker 0] 1tgvea6 done — 0 thread(s)
2026-05-21 08:43:02 [INFO    ] crawl_pipeline.worker-0 | [Worker 0] Processing 1th8ms4 (indotech) — "..."
2026-05-21 08:43:02 [INFO    ] crawl_pipeline.worker-0 | [Worker 0] 1th8ms4 done — 6 thread(s)
2026-05-21 08:43:04 [INFO    ] crawl_pipeline.worker-0 | [Worker 0] Processing 1th3lxx (BaliTravelTips) — "..."
2026-05-21 08:43:04 [INFO    ] crawl_pipeline.worker-0 | [Worker 0] 1th3lxx done — 1 thread(s)
2026-05-21 08:43:06 [INFO    ] crawl_pipeline.worker-0 | [Worker 0] Processing 1thib3m (finansial) — "..."
2026-05-21 08:43:07 [INFO    ] crawl_pipeline.worker-0 | [Worker 0] 1thib3m done — 5 thread(s)
2026-05-21 08:43:09 [INFO    ] crawl_pipeline.worker-0 | [Worker 0] Processing 1tik81a (WkwkwkLand) — "..."
2026-05-21 08:43:09 [INFO    ] crawl_pipeline.worker-0 | [Worker 0] 1tik81a done — 0 thread(s)
2026-05-21 08:43:11 [INFO    ] crawl_pipeline.worker-0 | [Worker 0] Processing 1tgv2f0 (AdaIndonesiaCoy) — "..."
2026-05-21 08:43:11 [INFO    ] crawl_pipeline.worker-0 | [Worker 0] 1tgv2f0 done — 0 thread(s)
2026-05-21 08:43:13 [INFO    ] crawl_pipeline.worker-0 | [Worker 0] Processing 1theivy (WkwkwkLand) — "..."
2026-05-21 08:43:14 [INFO    ] crawl_pipeline.worker-0 | [Worker 0] 1theivy done — 0 thread(s)
2026-05-21 08:43:16 [INFO    ] crawl_pipeline.worker-0 | [Worker 0] Processing 1tidlyp (indonesia) — "..."
2026-05-21 08:43:16 [INFO    ] crawl_pipeline.worker-0 | [Worker 0] 1tidlyp done — 0 thread(s)
2026-05-21 08:43:18 [INFO    ] crawl_pipeline.worker-0 | [Worker 0] Processing 1thgvkp (indowibu) — "..."
2026-05-21 08:43:19 [INFO    ] crawl_pipeline.worker-0 | [Worker 0] 1thgvkp done — 0 thread(s)
2026-05-21 08:43:21 [INFO    ] crawl_pipeline.worker-0 | [Worker 0] Processing 1tifzeg (WkwkwkLand) — "..."
2026-05-21 08:43:21 [INFO    ] crawl_pipeline.worker-0 | [Worker 0] 1tifzeg done — 0 thread(s)
2026-05-21 08:43:23 [INFO    ] crawl_pipeline.worker-0 | [Worker 0] Processing 1thltmm (jualbeliindonesia) — "..."
2026-05-21 08:43:23 [INFO    ] crawl_pipeline.worker-0 | [Worker 0] 1thltmm done — 0 thread(s)
2026-05-21 08:43:25 [INFO    ] crawl_pipeline.worker-0 | [Worker 0] Processing 1th9m0i (indonesia) — "..."
2026-05-21 08:43:26 [INFO    ] crawl_pipeline.worker-0 | [Worker 0] 1th9m0i done — 0 thread(s)
2026-05-21 08:43:28 [INFO    ] crawl_pipeline.worker-0 | [Worker 0] Processing 1tgqn6d (AdaIndonesiaCoy) — "..."
2026-05-21 08:43:28 [INFO    ] crawl_pipeline.worker-0 | [Worker 0] 1tgqn6d done — 0 thread(s)
2026-05-21 08:43:30 [INFO    ] crawl_pipeline.worker-0 | [Worker 0] Processing 1tgfhgt (indowibu) — "..."
2026-05-21 08:43:31 [INFO    ] crawl_pipeline.worker-0 | [Worker 0] 1tgfhgt done — 0 thread(s)
2026-05-21 08:43:33 [INFO    ] crawl_pipeline.worker-0 | [Worker 0] Processing 1thhp54 (finansial) — "..."
2026-05-21 08:43:33 [INFO    ] crawl_pipeline.worker-0 | [Worker 0] 1thhp54 done — 1 thread(s)
2026-05-21 08:43:35 [INFO    ] crawl_pipeline.worker-0 | [Worker 0] Processing 1thbvit (jualbeliindonesia) — "..."
2026-05-21 08:43:35 [INFO    ] crawl_pipeline.worker-0 | [Worker 0] 1thbvit done — 0 thread(s)
2026-05-21 08:43:37 [INFO    ] crawl_pipeline.worker-0 | [Worker 0] Processing 1thbpn1 (indotech) — "..."
2026-05-21 08:43:38 [INFO    ] crawl_pipeline.worker-0 | [Worker 0] 1thbpn1 done — 0 thread(s)
2026-05-21 08:43:40 [INFO    ] crawl_pipeline.worker-0 | [Worker 0] Processing 1tfo583 (pria) — "..."
2026-05-21 08:43:40 [INFO    ] crawl_pipeline.worker-0 | [Worker 0] 1tfo583 done — 3 thread(s)
2026-05-21 08:43:42 [INFO    ] crawl_pipeline.worker-0 | [Worker 0] Processing 1thj1wo (WkwkwkLand) — "..."
2026-05-21 08:43:42 [INFO    ] crawl_pipeline.worker-0 | [Worker 0] 1thj1wo done — 0 thread(s)
2026-05-21 08:43:44 [INFO    ] crawl_pipeline.worker-0 | [Worker 0] Processing 1thez3g (indonesia) — "..."
2026-05-21 08:43:45 [INFO    ] crawl_pipeline.worker-0 | [Worker 0] 1thez3g done — 0 thread(s)
2026-05-21 08:43:47 [INFO    ] crawl_pipeline.worker-0 | [Worker 0] Processing 1tgi16f (indonesiabebas) — "..."
2026-05-21 08:43:47 [INFO    ] crawl_pipeline.worker-0 | [Worker 0] 1tgi16f done — 0 thread(s)
2026-05-21 08:43:49 [INFO    ] crawl_pipeline.worker-0 | [Worker 0] Processing 1tgdlxw (indotech) — "..."
2026-05-21 08:43:50 [INFO    ] crawl_pipeline.worker-0 | [Worker 0] 1tgdlxw done — 0 thread(s)
2026-05-21 08:43:52 [INFO    ] crawl_pipeline.worker-0 | [Worker 0] Processing 1th9ikl (indotech) — "..."
2026-05-21 08:43:52 [INFO    ] crawl_pipeline.worker-0 | [Worker 0] 1th9ikl done — 2 thread(s)
2026-05-21 08:43:54 [INFO    ] crawl_pipeline.worker-0 | [Worker 0] Processing 1thgkps (indotech) — "..."
2026-05-21 08:43:55 [INFO    ] crawl_pipeline.worker-0 | [Worker 0] 1thgkps done — 1 thread(s)
2026-05-21 08:43:57 [INFO    ] crawl_pipeline.worker-0 | [Worker 0] Processing 1thjm9v (indonesia) — "..."
2026-05-21 08:43:57 [INFO    ] crawl_pipeline.worker-0 | [Worker 0] 1thjm9v done — 1 thread(s)
2026-05-21 08:43:59 [INFO    ] crawl_pipeline.worker-0 | [Worker 0] Processing 1thfdtu (indonesia) — "..."
2026-05-21 08:44:00 [INFO    ] crawl_pipeline.worker-0 | [Worker 0] 1thfdtu done — 0 thread(s)
2026-05-21 08:44:02 [INFO    ] crawl_pipeline.worker-0 | [Worker 0] Processing 1tgieck (indowibu) — "..."
2026-05-21 08:44:02 [INFO    ] crawl_pipeline.worker-0 | [Worker 0] 1tgieck done — 0 thread(s)
2026-05-21 08:44:04 [INFO    ] crawl_pipeline.worker-0 | [Worker 0] Processing 1tgvp8p (bali) — "..."
2026-05-21 08:44:04 [WARNING ] crawl_pipeline.comments | Rate-limited (429). Waiting 2s (attempt 1/5)
2026-05-21 08:44:06 [WARNING ] crawl_pipeline.comments | Rate-limited (429). Waiting 4s (attempt 2/5)
2026-05-21 08:44:11 [WARNING ] crawl_pipeline.comments | Rate-limited (429). Waiting 6s (attempt 3/5)
2026-05-21 08:44:17 [WARNING ] crawl_pipeline.comments | Rate-limited (429). Waiting 8s (attempt 4/5)
2026-05-21 08:44:25 [WARNING ] crawl_pipeline.comments | Rate-limited (429). Waiting 10s (attempt 5/5)
2026-05-21 08:44:35 [ERROR   ] crawl_pipeline.comments | Could not fetch comments for post 1tgvp8p: Failed after 5 retries: https://www.reddit.com/r/bali/comments/1tgvp8p.json
2026-05-21 08:44:35 [ERROR   ] crawl_pipeline.worker-0 | [Worker 0] 1tgvp8p failed: Failed after 5 retries: https://www.reddit.com/r/bali/comments/1tgvp8p.json
2026-05-21 08:44:37 [INFO    ] crawl_pipeline.worker-0 | [Worker 0] Processing 1thh533 (WkwkwkLand) — "..."
2026-05-21 08:44:37 [WARNING ] crawl_pipeline.comments | Rate-limited (429). Waiting 2s (attempt 1/5)
2026-05-21 08:44:40 [WARNING ] crawl_pipeline.comments | Rate-limited (429). Waiting 4s (attempt 2/5)
2026-05-21 08:44:44 [WARNING ] crawl_pipeline.comments | Rate-limited (429). Waiting 6s (attempt 3/5)
2026-05-21 08:44:50 [WARNING ] crawl_pipeline.comments | Rate-limited (429). Waiting 8s (attempt 4/5)
2026-05-21 08:44:58 [WARNING ] crawl_pipeline.comments | Rate-limited (429). Waiting 10s (attempt 5/5)
2026-05-21 08:45:08 [ERROR   ] crawl_pipeline.comments | Could not fetch comments for post 1thh533: Failed after 5 retries: https://www.reddit.com/r/WkwkwkLand/comments/1thh533.json
2026-05-21 08:45:08 [ERROR   ] crawl_pipeline.worker-0 | [Worker 0] 1thh533 failed: Failed after 5 retries: https://www.reddit.com/r/WkwkwkLand/comments/1thh533.json
2026-05-21 08:45:10 [INFO    ] crawl_pipeline.worker-0 | [Worker 0] Processing 1tgx8i4 (BaliTravelTips) — "..."
2026-05-21 08:45:10 [WARNING ] crawl_pipeline.comments | Rate-limited (429). Waiting 2s (attempt 1/5)
2026-05-21 08:45:13 [WARNING ] crawl_pipeline.comments | Rate-limited (429). Waiting 4s (attempt 2/5)
2026-05-21 08:45:17 [WARNING ] crawl_pipeline.comments | Rate-limited (429). Waiting 6s (attempt 3/5)
2026-05-21 08:45:23 [WARNING ] crawl_pipeline.comments | Rate-limited (429). Waiting 8s (attempt 4/5)
2026-05-21 08:45:31 [WARNING ] crawl_pipeline.comments | Rate-limited (429). Waiting 10s (attempt 5/5)
2026-05-21 08:45:41 [ERROR   ] crawl_pipeline.comments | Could not fetch comments for post 1tgx8i4: Failed after 5 retries: https://www.reddit.com/r/BaliTravelTips/comments/1tgx8i4.json
2026-05-21 08:45:41 [ERROR   ] crawl_pipeline.worker-0 | [Worker 0] 1tgx8i4 failed: Failed after 5 retries: https://www.reddit.com/r/BaliTravelTips/comments/1tgx8i4.json
2026-05-21 08:45:43 [INFO    ] crawl_pipeline.worker-0 | [Worker 0] Processing 1tgmmog (indonesiabebas) — "..."
2026-05-21 08:45:43 [WARNING ] crawl_pipeline.comments | Rate-limited (429). Waiting 2s (attempt 1/5)
2026-05-21 08:45:46 [WARNING ] crawl_pipeline.comments | Rate-limited (429). Waiting 4s (attempt 2/5)
2026-05-21 08:45:50 [WARNING ] crawl_pipeline.comments | Rate-limited (429). Waiting 6s (attempt 3/5)
2026-05-21 08:45:56 [WARNING ] crawl_pipeline.comments | Rate-limited (429). Waiting 8s (attempt 4/5)
2026-05-21 08:46:04 [WARNING ] crawl_pipeline.comments | Rate-limited (429). Waiting 10s (attempt 5/5)
2026-05-21 08:46:14 [ERROR   ] crawl_pipeline.comments | Could not fetch comments for post 1tgmmog: Failed after 5 retries: https://www.reddit.com/r/indonesiabebas/comments/1tgmmog.json
2026-05-21 08:46:14 [ERROR   ] crawl_pipeline.worker-0 | [Worker 0] 1tgmmog failed: Failed after 5 retries: https://www.reddit.com/r/indonesiabebas/comments/1tgmmog.json
2026-05-21 08:46:16 [INFO    ] crawl_pipeline.worker-0 | [Worker 0] Processing 1th65zz (jualbeliindonesia) — "..."
2026-05-21 08:46:17 [WARNING ] crawl_pipeline.comments | Rate-limited (429). Waiting 2s (attempt 1/5)
2026-05-21 08:46:19 [WARNING ] crawl_pipeline.comments | Rate-limited (429). Waiting 4s (attempt 2/5)
2026-05-21 08:46:23 [WARNING ] crawl_pipeline.comments | Rate-limited (429). Waiting 6s (attempt 3/5)
2026-05-21 08:46:29 [WARNING ] crawl_pipeline.comments | Rate-limited (429). Waiting 8s (attempt 4/5)
2026-05-21 08:46:37 [WARNING ] crawl_pipeline.comments | Rate-limited (429). Waiting 10s (attempt 5/5)
2026-05-21 08:46:47 [ERROR   ] crawl_pipeline.comments | Could not fetch comments for post 1th65zz: Failed after 5 retries: https://www.reddit.com/r/jualbeliindonesia/comments/1th65zz.json
2026-05-21 08:46:47 [ERROR   ] crawl_pipeline.worker-0 | [Worker 0] 1th65zz failed: Failed after 5 retries: https://www.reddit.com/r/jualbeliindonesia/comments/1th65zz.json
2026-05-21 08:46:49 [INFO    ] crawl_pipeline.worker-0 | [Worker 0] Processing 1th3ifq (AdaIndonesiaCoy) — "..."
2026-05-21 08:46:50 [WARNING ] crawl_pipeline.comments | Rate-limited (429). Waiting 2s (attempt 1/5)
2026-05-21 08:46:52 [WARNING ] crawl_pipeline.comments | Rate-limited (429). Waiting 4s (attempt 2/5)
2026-05-21 08:46:56 [WARNING ] crawl_pipeline.comments | Rate-limited (429). Waiting 6s (attempt 3/5)
2026-05-21 08:47:02 [WARNING ] crawl_pipeline.comments | Rate-limited (429). Waiting 8s (attempt 4/5)
2026-05-21 08:47:10 [WARNING ] crawl_pipeline.comments | Rate-limited (429). Waiting 10s (attempt 5/5)
2026-05-21 08:47:20 [ERROR   ] crawl_pipeline.comments | Could not fetch comments for post 1th3ifq: Failed after 5 retries: https://www.reddit.com/r/AdaIndonesiaCoy/comments/1th3ifq.json
2026-05-21 08:47:20 [ERROR   ] crawl_pipeline.worker-0 | [Worker 0] 1th3ifq failed: Failed after 5 retries: https://www.reddit.com/r/AdaIndonesiaCoy/comments/1th3ifq.json
2026-05-21 08:47:22 [INFO    ] crawl_pipeline.worker-0 | [Worker 0] Processing 1thk0yn (WkwkwkLand) — "..."
2026-05-21 08:47:23 [WARNING ] crawl_pipeline.comments | Rate-limited (429). Waiting 2s (attempt 1/5)
2026-05-21 08:47:25 [WARNING ] crawl_pipeline.comments | Rate-limited (429). Waiting 4s (attempt 2/5)
2026-05-21 08:47:29 [WARNING ] crawl_pipeline.comments | Rate-limited (429). Waiting 6s (attempt 3/5)
2026-05-21 08:47:36 [WARNING ] crawl_pipeline.comments | Rate-limited (429). Waiting 8s (attempt 4/5)
2026-05-21 08:47:44 [WARNING ] crawl_pipeline.comments | Rate-limited (429). Waiting 10s (attempt 5/5)
2026-05-21 08:47:54 [ERROR   ] crawl_pipeline.comments | Could not fetch comments for post 1thk0yn: Failed after 5 retries: https://www.reddit.com/r/WkwkwkLand/comments/1thk0yn.json
2026-05-21 08:47:54 [ERROR   ] crawl_pipeline.worker-0 | [Worker 0] 1thk0yn failed: Failed after 5 retries: https://www.reddit.com/r/WkwkwkLand/comments/1thk0yn.json
2026-05-21 08:47:56 [INFO    ] crawl_pipeline.worker-0 | [Worker 0] Processing 1tgd55e (Cekrek) — "..."
2026-05-21 08:47:56 [WARNING ] crawl_pipeline.comments | Rate-limited (429). Waiting 2s (attempt 1/5)
2026-05-21 08:47:59 [WARNING ] crawl_pipeline.comments | Rate-limited (429). Waiting 4s (attempt 2/5)
2026-05-21 08:48:03 [WARNING ] crawl_pipeline.comments | Rate-limited (429). Waiting 6s (attempt 3/5)
2026-05-21 08:48:09 [WARNING ] crawl_pipeline.comments | Rate-limited (429). Waiting 8s (attempt 4/5)
2026-05-21 08:48:17 [WARNING ] crawl_pipeline.comments | Rate-limited (429). Waiting 10s (attempt 5/5)
2026-05-21 08:48:27 [ERROR   ] crawl_pipeline.comments | Could not fetch comments for post 1tgd55e: Failed after 5 retries: https://www.reddit.com/r/Cekrek/comments/1tgd55e.json
2026-05-21 08:48:27 [ERROR   ] crawl_pipeline.worker-0 | [Worker 0] 1tgd55e failed: Failed after 5 retries: https://www.reddit.com/r/Cekrek/comments/1tgd55e.json
2026-05-21 08:48:29 [INFO    ] crawl_pipeline.worker-0 | [Worker 0] Processing 1thdaoo (indonesia) — "..."
2026-05-21 08:48:30 [WARNING ] crawl_pipeline.comments | Rate-limited (429). Waiting 2s (attempt 1/5)
2026-05-21 08:48:32 [WARNING ] crawl_pipeline.comments | Rate-limited (429). Waiting 4s (attempt 2/5)
2026-05-21 08:48:36 [WARNING ] crawl_pipeline.comments | Rate-limited (429). Waiting 6s (attempt 3/5)
2026-05-21 08:48:42 [WARNING ] crawl_pipeline.comments | Rate-limited (429). Waiting 8s (attempt 4/5)
2026-05-21 08:48:50 [WARNING ] crawl_pipeline.comments | Rate-limited (429). Waiting 10s (attempt 5/5)
2026-05-21 08:49:00 [ERROR   ] crawl_pipeline.comments | Could not fetch comments for post 1thdaoo: Failed after 5 retries: https://www.reddit.com/r/indonesia/comments/1thdaoo.json
2026-05-21 08:49:00 [ERROR   ] crawl_pipeline.worker-0 | [Worker 0] 1thdaoo failed: Failed after 5 retries: https://www.reddit.com/r/indonesia/comments/1thdaoo.json
2026-05-21 08:49:02 [INFO    ] crawl_pipeline.worker-0 | [Worker 0] Processing 1thdk40 (jualbeliindonesia) — "..."
2026-05-21 08:49:03 [WARNING ] crawl_pipeline.comments | Rate-limited (429). Waiting 2s (attempt 1/5)
2026-05-21 08:49:05 [WARNING ] crawl_pipeline.comments | Rate-limited (429). Waiting 4s (attempt 2/5)
2026-05-21 08:49:09 [WARNING ] crawl_pipeline.comments | Rate-limited (429). Waiting 6s (attempt 3/5)
2026-05-21 08:49:16 [WARNING ] crawl_pipeline.comments | Rate-limited (429). Waiting 8s (attempt 4/5)
2026-05-21 08:49:24 [WARNING ] crawl_pipeline.comments | Rate-limited (429). Waiting 10s (attempt 5/5)
2026-05-21 08:49:34 [ERROR   ] crawl_pipeline.comments | Could not fetch comments for post 1thdk40: Failed after 5 retries: https://www.reddit.com/r/jualbeliindonesia/comments/1thdk40.json
2026-05-21 08:49:34 [ERROR   ] crawl_pipeline.worker-0 | [Worker 0] 1thdk40 failed: Failed after 5 retries: https://www.reddit.com/r/jualbeliindonesia/comments/1thdk40.json
2026-05-21 08:49:36 [INFO    ] crawl_pipeline.worker-0 | [Worker 0] Processing 1tgv5bq (BaliTravelTips) — "..."
2026-05-21 08:49:36 [WARNING ] crawl_pipeline.comments | Rate-limited (429). Waiting 2s (attempt 1/5)
2026-05-21 08:49:38 [WARNING ] crawl_pipeline.comments | Rate-limited (429). Waiting 4s (attempt 2/5)
2026-05-21 08:49:42 [WARNING ] crawl_pipeline.comments | Rate-limited (429). Waiting 6s (attempt 3/5)
2026-05-21 08:49:49 [WARNING ] crawl_pipeline.comments | Rate-limited (429). Waiting 8s (attempt 4/5)
2026-05-21 08:49:57 [WARNING ] crawl_pipeline.comments | Rate-limited (429). Waiting 10s (attempt 5/5)
2026-05-21 08:50:07 [ERROR   ] crawl_pipeline.comments | Could not fetch comments for post 1tgv5bq: Failed after 5 retries: https://www.reddit.com/r/BaliTravelTips/comments/1tgv5bq.json
2026-05-21 08:50:07 [ERROR   ] crawl_pipeline.worker-0 | [Worker 0] 1tgv5bq failed: Failed after 5 retries: https://www.reddit.com/r/BaliTravelTips/comments/1tgv5bq.json
2026-05-21 08:50:09 [INFO    ] crawl_pipeline.worker-0 | [Worker 0] Processing 1tgiumc (indowibu) — "..."
2026-05-21 08:50:09 [INFO    ] crawl_pipeline.worker-0 | [Worker 0] 1tgiumc done — 0 thread(s)
2026-05-21 08:50:11 [INFO    ] crawl_pipeline.worker-0 | [Worker 0] Processing 1tgrky1 (jualbeliindonesia) — "..."
2026-05-21 08:50:12 [INFO    ] crawl_pipeline.worker-0 | [Worker 0] 1tgrky1 done — 0 thread(s)
2026-05-21 08:50:14 [INFO    ] crawl_pipeline.worker-0 | [Worker 0] Processing 1tghhzj (indonesia) — "..."
2026-05-21 08:50:15 [INFO    ] crawl_pipeline.worker-0 | [Worker 0] 1tghhzj done — 0 thread(s)
2026-05-21 08:50:17 [INFO    ] crawl_pipeline.worker-0 | [Worker 0] Processing 1thc284 (IndoGamer) — "..."
2026-05-21 08:50:17 [INFO    ] crawl_pipeline.worker-0 | [Worker 0] 1thc284 done — 0 thread(s)
2026-05-21 08:50:19 [INFO    ] crawl_pipeline.worker-0 | [Worker 0] Processing 1thjrza (jualbeliindonesia) — "..."
2026-05-21 08:50:20 [INFO    ] crawl_pipeline.worker-0 | [Worker 0] 1thjrza done — 0 thread(s)
2026-05-21 08:50:22 [INFO    ] crawl_pipeline.worker-0 | [Worker 0] Processing 1tgjdrz (jualbeliindonesia) — "..."
2026-05-21 08:50:22 [INFO    ] crawl_pipeline.worker-0 | [Worker 0] 1tgjdrz done — 0 thread(s)
2026-05-21 08:50:24 [INFO    ] crawl_pipeline.worker-0 | [Worker 0] Processing 1tgng54 (indotech) — "..."
2026-05-21 08:50:25 [INFO    ] crawl_pipeline.worker-0 | [Worker 0] 1tgng54 done — 0 thread(s)
2026-05-21 08:50:27 [INFO    ] crawl_pipeline.worker-0 | [Worker 0] Processing 1theowh (WkwkwkLand) — "..."
2026-05-21 08:50:27 [INFO    ] crawl_pipeline.worker-0 | [Worker 0] 1theowh done — 0 thread(s)
2026-05-21 08:50:29 [INFO    ] crawl_pipeline.worker-0 | [Worker 0] Processing 1tgni1z (indonesia) — "..."
2026-05-21 08:50:30 [INFO    ] crawl_pipeline.worker-0 | [Worker 0] 1tgni1z done — 0 thread(s)
2026-05-21 08:50:32 [INFO    ] crawl_pipeline.worker-0 | [Worker 0] Processing 1itwsl1 (Pisang) — "..."
2026-05-21 08:50:32 [INFO    ] crawl_pipeline.worker-0 | [Worker 0] 1itwsl1 done — 0 thread(s)
2026-05-21 08:50:34 [INFO    ] crawl_pipeline.worker-0 | [Worker 0] Processing 1tgeyoa (jualbeliindonesia) — "..."
2026-05-21 08:50:35 [INFO    ] crawl_pipeline.worker-0 | [Worker 0] 1tgeyoa done — 0 thread(s)
2026-05-21 08:50:37 [INFO    ] crawl_pipeline.worker-0 | [Worker 0] Processing 1thjqat (WkwkwkLand) — "..."
2026-05-21 08:50:37 [INFO    ] crawl_pipeline.worker-0 | [Worker 0] 1thjqat done — 0 thread(s)
2026-05-21 08:50:39 [INFO    ] crawl_pipeline.worker-0 | [Worker 0] Processing 1tgljlc (IndoGamer) — "..."
2026-05-21 08:50:39 [INFO    ] crawl_pipeline.worker-0 | [Worker 0] 1tgljlc done — 0 thread(s)
2026-05-21 08:50:41 [INFO    ] crawl_pipeline.worker-0 | [Worker 0] Processing 1tgpsp3 (indonesia) — "..."
2026-05-21 08:50:41 [INFO    ] crawl_pipeline.worker-0 | [Worker 0] 1tgpsp3 done — 0 thread(s)
2026-05-21 08:50:43 [INFO    ] crawl_pipeline.worker-0 | [Worker 0] Processing 1tglt2q (BaliTravelTips) — "..."
2026-05-21 08:50:44 [INFO    ] crawl_pipeline.worker-0 | [Worker 0] 1tglt2q done — 0 thread(s)
2026-05-21 08:50:46 [INFO    ] crawl_pipeline.worker-0 | [Worker 0] Processing 1tgjjv7 (WkwkwkLand) — "..."
2026-05-21 08:50:47 [INFO    ] crawl_pipeline.worker-0 | [Worker 0] 1tgjjv7 done — 0 thread(s)
2026-05-21 08:50:49 [INFO    ] crawl_pipeline.worker-0 | [Worker 0] Processing 1th9zcb (indotech) — "..."
2026-05-21 08:50:49 [INFO    ] crawl_pipeline.worker-0 | [Worker 0] 1th9zcb done — 0 thread(s)
2026-05-21 08:50:51 [INFO    ] crawl_pipeline.worker-0 | [Worker 0] Processing 1th2n6p (indonesia) — "..."
2026-05-21 08:50:51 [INFO    ] crawl_pipeline.worker-0 | [Worker 0] 1th2n6p done — 0 thread(s)
2026-05-21 08:50:53 [INFO    ] crawl_pipeline.worker-0 | [Worker 0] Processing 1thcebw (indotech) — "..."
2026-05-21 08:50:54 [INFO    ] crawl_pipeline.worker-0 | [Worker 0] 1thcebw done — 1 thread(s)
2026-05-21 08:50:56 [INFO    ] crawl_pipeline.worker-0 | [Worker 0] Processing 1tge7fg (indonesia) — "..."
2026-05-21 08:50:56 [INFO    ] crawl_pipeline.worker-0 | [Worker 0] 1tge7fg done — 0 thread(s)
2026-05-21 08:50:58 [INFO    ] crawl_pipeline.worker-0 | [Worker 0] Processing 1tgm775 (IndoGamer) — "..."
2026-05-21 08:50:59 [INFO    ] crawl_pipeline.worker-0 | [Worker 0] 1tgm775 done — 3 thread(s)
2026-05-21 08:51:01 [INFO    ] crawl_pipeline.worker-0 | [Worker 0] Processing 1thaejm (indonesia) — "..."
2026-05-21 08:51:01 [INFO    ] crawl_pipeline.worker-0 | [Worker 0] 1thaejm done — 2 thread(s)
2026-05-21 08:51:03 [INFO    ] crawl_pipeline.worker-0 | [Worker 0] Processing 1thexbx (indonesia) — "..."
2026-05-21 08:51:03 [INFO    ] crawl_pipeline.worker-0 | [Worker 0] 1thexbx done — 0 thread(s)
2026-05-21 08:51:05 [INFO    ] crawl_pipeline.worker-0 | [Worker 0] Processing 1tgkrky (indonesia) — "..."
2026-05-21 08:51:06 [INFO    ] crawl_pipeline.worker-0 | [Worker 0] 1tgkrky done — 0 thread(s)
2026-05-21 08:51:08 [INFO    ] crawl_pipeline.worker-0 | [Worker 0] Processing 1thgzns (indonesiabebas) — "..."
2026-05-21 08:51:08 [INFO    ] crawl_pipeline.worker-0 | [Worker 0] 1thgzns done — 0 thread(s)
2026-05-21 08:51:10 [INFO    ] crawl_pipeline.worker-0 | [Worker 0] Processing 1tghkxo (indonesiabebas) — "..."
2026-05-21 08:51:10 [INFO    ] crawl_pipeline.worker-0 | [Worker 0] 1tghkxo done — 0 thread(s)
2026-05-21 08:51:12 [INFO    ] crawl_pipeline.worker-0 | [Worker 0] Processing 1tgcale (WkwkwkLand) — "..."
2026-05-21 08:51:13 [INFO    ] crawl_pipeline.worker-0 | [Worker 0] 1tgcale done — 0 thread(s)
2026-05-21 08:51:15 [INFO    ] crawl_pipeline.worker-0 | [Worker 0] Processing 1tgo522 (jualbeliindonesia) — "..."
2026-05-21 08:51:16 [INFO    ] crawl_pipeline.worker-0 | [Worker 0] 1tgo522 done — 0 thread(s)
2026-05-21 08:51:18 [INFO    ] crawl_pipeline.worker-0 | [Worker 0] Processing 1tgd20m (BaliTravelTips) — "..."
2026-05-21 08:51:18 [INFO    ] crawl_pipeline.worker-0 | [Worker 0] 1tgd20m done — 1 thread(s)
2026-05-21 08:51:20 [INFO    ] crawl_pipeline.worker-0 | [Worker 0] Processing 1thb8xb (indotech) — "..."
2026-05-21 08:51:20 [INFO    ] crawl_pipeline.worker-0 | [Worker 0] 1thb8xb done — 0 thread(s)
2026-05-21 08:51:22 [INFO    ] crawl_pipeline.worker-0 | [Worker 0] Processing 1tgpdfs (BaliTravelTips) — "..."
2026-05-21 08:51:23 [INFO    ] crawl_pipeline.worker-0 | [Worker 0] 1tgpdfs done — 0 thread(s)
2026-05-21 08:51:25 [INFO    ] crawl_pipeline.worker-0 | [Worker 0] Processing 1tgp020 (finansial) — "..."
2026-05-21 08:51:25 [INFO    ] crawl_pipeline.worker-0 | [Worker 0] 1tgp020 done — 0 thread(s)
2026-05-21 08:51:27 [INFO    ] crawl_pipeline.worker-0 | [Worker 0] Processing 1tgpcnz (indonesia) — "..."
2026-05-21 08:51:27 [INFO    ] crawl_pipeline.worker-0 | [Worker 0] 1tgpcnz done — 0 thread(s)
2026-05-21 08:51:29 [INFO    ] crawl_pipeline.worker-0 | [Worker 0] Processing 1thdmig (indowibu) — "..."
2026-05-21 08:51:30 [INFO    ] crawl_pipeline.worker-0 | [Worker 0] 1thdmig done — 0 thread(s)
2026-05-21 08:51:32 [INFO    ] crawl_pipeline.worker-0 | [Worker 0] Processing 1tgp06b (indotech) — "..."
2026-05-21 08:51:32 [INFO    ] crawl_pipeline.worker-0 | [Worker 0] 1tgp06b done — 0 thread(s)
2026-05-21 08:51:34 [INFO    ] crawl_pipeline.worker-0 | [Worker 0] Processing 1tgebjx (kulineria) — "..."
2026-05-21 08:51:34 [INFO    ] crawl_pipeline.worker-0 | [Worker 0] 1tgebjx done — 0 thread(s)
2026-05-21 08:51:36 [INFO    ] crawl_pipeline.worker-0 | [Worker 0] Processing 1tgmj6g (indowibu) — "..."
2026-05-21 08:51:37 [INFO    ] crawl_pipeline.worker-0 | [Worker 0] 1tgmj6g done — 0 thread(s)
2026-05-21 08:51:39 [INFO    ] crawl_pipeline.worker-0 | [Worker 0] Processing 1tha7n8 (indotech) — "..."
2026-05-21 08:51:39 [INFO    ] crawl_pipeline.worker-0 | [Worker 0] 1tha7n8 done — 8 thread(s)
2026-05-21 08:51:41 [INFO    ] crawl_pipeline.worker-0 | [Worker 0] Processing 1tgnylc (BaliTravelTips) — "..."
2026-05-21 08:51:41 [INFO    ] crawl_pipeline.worker-0 | [Worker 0] 1tgnylc done — 0 thread(s)
2026-05-21 08:51:43 [INFO    ] crawl_pipeline.worker-0 | [Worker 0] Processing 1tgsxk5 (jualbeliindonesia) — "..."
2026-05-21 08:51:44 [INFO    ] crawl_pipeline.worker-0 | [Worker 0] 1tgsxk5 done — 0 thread(s)
2026-05-21 08:51:46 [INFO    ] crawl_pipeline.worker-0 | [Worker 0] Processing 1th6wya (indotech) — "..."
2026-05-21 08:51:46 [INFO    ] crawl_pipeline.worker-0 | [Worker 0] 1th6wya done — 1 thread(s)
2026-05-21 08:51:48 [INFO    ] crawl_pipeline.worker-0 | [Worker 0] Processing 1tgnpkx (BaliTravelTips) — "..."
2026-05-21 08:51:48 [INFO    ] crawl_pipeline.worker-0 | [Worker 0] 1tgnpkx done — 0 thread(s)
2026-05-21 08:51:50 [INFO    ] crawl_pipeline.worker-0 | [Worker 0] Processing 1tgizpq (indonesia) — "..."
2026-05-21 08:51:51 [INFO    ] crawl_pipeline.worker-0 | [Worker 0] 1tgizpq done — 0 thread(s)
2026-05-21 08:51:53 [INFO    ] crawl_pipeline.worker-0 | [Worker 0] Processing 1tgsjve (indonesia) — "..."
2026-05-21 08:51:54 [INFO    ] crawl_pipeline.worker-0 | [Worker 0] 1tgsjve done — 0 thread(s)
2026-05-21 08:51:56 [INFO    ] crawl_pipeline.worker-0 | [Worker 0] Processing 1tgp079 (jualbeliindonesia) — "..."
2026-05-21 08:51:56 [INFO    ] crawl_pipeline.worker-0 | [Worker 0] 1tgp079 done — 1 thread(s)
2026-05-21 08:51:58 [INFO    ] crawl_pipeline.worker-0 | [Worker 0] Processing 1tgfgm7 (WkwkwkLand) — "..."
2026-05-21 08:51:58 [INFO    ] crawl_pipeline.worker-0 | [Worker 0] 1tgfgm7 done — 0 thread(s)
2026-05-21 08:52:00 [INFO    ] crawl_pipeline.worker-0 | [Worker 0] Processing 1tgfhy6 (WkwkwkLand) — "..."
2026-05-21 08:52:01 [INFO    ] crawl_pipeline.worker-0 | [Worker 0] 1tgfhy6 done — 0 thread(s)
2026-05-21 08:52:03 [INFO    ] crawl_pipeline.worker-0 | [Worker 0] Processing 1th990c (indotech) — "..."
2026-05-21 08:52:03 [INFO    ] crawl_pipeline.worker-0 | [Worker 0] 1th990c done — 5 thread(s)
2026-05-21 08:52:05 [INFO    ] crawl_pipeline.worker-0 | [Worker 0] Processing 1tgcyso (kulineria) — "..."
2026-05-21 08:52:05 [INFO    ] crawl_pipeline.worker-0 | [Worker 0] 1tgcyso done — 0 thread(s)
2026-05-21 08:52:07 [INFO    ] crawl_pipeline.worker-0 | [Worker 0] Processing 1tgnoiz (indonesiabebas) — "..."
2026-05-21 08:52:08 [INFO    ] crawl_pipeline.worker-0 | [Worker 0] 1tgnoiz done — 0 thread(s)
2026-05-21 08:52:10 [INFO    ] crawl_pipeline.worker-0 | [Worker 0] Processing 1thfxvp (indonesia) — "..."
2026-05-21 08:52:10 [INFO    ] crawl_pipeline.worker-0 | [Worker 0] 1thfxvp done — 2 thread(s)
2026-05-21 08:52:12 [INFO    ] crawl_pipeline.worker-0 | [Worker 0] Processing 1th6bp1 (indonesia) — "..."
2026-05-21 08:52:14 [INFO    ] crawl_pipeline.worker-0 | [Worker 0] 1th6bp1 done — 37 thread(s)
2026-05-21 08:52:16 [INFO    ] crawl_pipeline.worker-0 | [Worker 0] Processing 1tfq5d8 (Perempuan) — "..."
2026-05-21 08:52:16 [INFO    ] crawl_pipeline.worker-0 | [Worker 0] 1tfq5d8 done — 5 thread(s)
2026-05-21 08:52:18 [INFO    ] crawl_pipeline.worker-0 | [Worker 0] Processing 1th7bbd (indonesiabebas) — "..."
2026-05-21 08:52:18 [INFO    ] crawl_pipeline.worker-0 | [Worker 0] 1th7bbd done — 1 thread(s)
2026-05-21 08:52:20 [INFO    ] crawl_pipeline.worker-0 | [Worker 0] Processing 1th53cb (WkwkwkLand) — "..."
2026-05-21 08:52:21 [INFO    ] crawl_pipeline.worker-0 | [Worker 0] 1th53cb done — 0 thread(s)
2026-05-21 08:52:23 [INFO    ] crawl_pipeline.worker-0 | [Worker 0] Processing 1tgpu5w (IndoGamer) — "..."
2026-05-21 08:52:23 [INFO    ] crawl_pipeline.worker-0 | [Worker 0] 1tgpu5w done — 1 thread(s)
2026-05-21 08:52:25 [INFO    ] crawl_pipeline.worker-0 | [Worker 0] Processing 1th8rm7 (indotech) — "..."
2026-05-21 08:52:25 [INFO    ] crawl_pipeline.worker-0 | [Worker 0] 1th8rm7 done — 0 thread(s)
2026-05-21 08:52:27 [INFO    ] crawl_pipeline.worker-0 | [Worker 0] Processing 1tgfo2w (indonesiabebas) — "..."
2026-05-21 08:52:28 [INFO    ] crawl_pipeline.worker-0 | [Worker 0] 1tgfo2w done — 0 thread(s)
2026-05-21 08:52:30 [INFO    ] crawl_pipeline.worker-0 | [Worker 0] Processing 1tg7o6n (indotech) — "..."
2026-05-21 08:52:31 [INFO    ] crawl_pipeline.worker-0 | [Worker 0] 1tg7o6n done — 0 thread(s)
2026-05-21 08:52:33 [INFO    ] crawl_pipeline.worker-0 | [Worker 0] Processing 1tgsnu1 (indonesia) — "..."
2026-05-21 08:52:34 [INFO    ] crawl_pipeline.worker-0 | [Worker 0] 1tgsnu1 done — 0 thread(s)
2026-05-21 08:52:36 [INFO    ] crawl_pipeline.worker-0 | [Worker 0] Processing 1tg7hlz (jualbeliindonesia) — "..."
2026-05-21 08:52:36 [INFO    ] crawl_pipeline.worker-0 | [Worker 0] 1tg7hlz done — 0 thread(s)
2026-05-21 08:52:38 [INFO    ] crawl_pipeline.worker-0 | [Worker 0] Processing 1tgfhz5 (indonesia) — "..."
2026-05-21 08:52:38 [INFO    ] crawl_pipeline.worker-0 | [Worker 0] 1tgfhz5 done — 0 thread(s)
2026-05-21 08:52:40 [INFO    ] crawl_pipeline.worker-0 | [Worker 0] Processing 1tgo2uc (WkwkwkLand) — "..."
2026-05-21 08:52:41 [INFO    ] crawl_pipeline.worker-0 | [Worker 0] 1tgo2uc done — 0 thread(s)
2026-05-21 08:52:43 [INFO    ] crawl_pipeline.worker-0 | [Worker 0] Processing 1tgm3pc (indonesia) — "..."
2026-05-21 08:52:43 [INFO    ] crawl_pipeline.worker-0 | [Worker 0] 1tgm3pc done — 0 thread(s)
2026-05-21 08:52:45 [INFO    ] crawl_pipeline.worker-0 | [Worker 0] Processing 1tgp1bt (indonesia) — "..."
2026-05-21 08:52:46 [INFO    ] crawl_pipeline.worker-0 | [Worker 0] 1tgp1bt done — 0 thread(s)
2026-05-21 08:52:48 [INFO    ] crawl_pipeline.worker-0 | [Worker 0] Processing 1tgl7lz (BaliTravelTips) — "..."
2026-05-21 08:52:48 [INFO    ] crawl_pipeline.worker-0 | [Worker 0] 1tgl7lz done — 0 thread(s)
2026-05-21 08:52:50 [INFO    ] crawl_pipeline.worker-0 | [Worker 0] Processing 1tgycr1 (indonesiabebas) — "..."
2026-05-21 08:52:50 [INFO    ] crawl_pipeline.worker-0 | [Worker 0] 1tgycr1 done — 0 thread(s)
2026-05-21 08:52:52 [INFO    ] crawl_pipeline.worker-0 | [Worker 0] Processing 1th95qk (WkwkwkLand) — "..."
2026-05-21 08:52:53 [INFO    ] crawl_pipeline.worker-0 | [Worker 0] 1th95qk done — 0 thread(s)
2026-05-21 08:52:55 [INFO    ] crawl_pipeline.worker-0 | [Worker 0] Processing 1tffssg (pria) — "..."
2026-05-21 08:52:55 [INFO    ] crawl_pipeline.worker-0 | [Worker 0] 1tffssg done — 1 thread(s)
2026-05-21 08:52:57 [INFO    ] crawl_pipeline.worker-0 | [Worker 0] Processing 1tgkhnf (BaliTravelTips) — "..."
2026-05-21 08:52:58 [INFO    ] crawl_pipeline.worker-0 | [Worker 0] 1tgkhnf done — 4 thread(s)
2026-05-21 08:53:00 [INFO    ] crawl_pipeline.worker-0 | [Worker 0] Processing 1tgga9v (indowibu) — "..."
2026-05-21 08:53:00 [INFO    ] crawl_pipeline.worker-0 | [Worker 0] 1tgga9v done — 0 thread(s)
2026-05-21 08:53:02 [INFO    ] crawl_pipeline.worker-0 | [Worker 0] Processing 1tg8xdh (indowibu) — "..."
2026-05-21 08:53:02 [INFO    ] crawl_pipeline.worker-0 | [Worker 0] 1tg8xdh done — 0 thread(s)
2026-05-21 08:53:04 [INFO    ] crawl_pipeline.worker-0 | [Worker 0] Processing 1tgcpte (indonesia) — "..."
2026-05-21 08:53:05 [INFO    ] crawl_pipeline.worker-0 | [Worker 0] 1tgcpte done — 0 thread(s)
2026-05-21 08:53:07 [INFO    ] crawl_pipeline.worker-0 | [Worker 0] Processing 1tfkgeo (indocartalk) — "..."
2026-05-21 08:53:07 [INFO    ] crawl_pipeline.worker-0 | [Worker 0] 1tfkgeo done — 0 thread(s)
2026-05-21 08:53:09 [INFO    ] crawl_pipeline.worker-0 | [Worker 0] Processing 1tgdbs3 (BaliTravelTips) — "..."
2026-05-21 08:53:10 [INFO    ] crawl_pipeline.worker-0 | [Worker 0] 1tgdbs3 done — 2 thread(s)
2026-05-21 08:53:12 [INFO    ] crawl_pipeline.worker-0 | [Worker 0] Processing 1tgfg2f (indonesiabebas) — "..."
2026-05-21 08:53:12 [INFO    ] crawl_pipeline.worker-0 | [Worker 0] 1tgfg2f done — 0 thread(s)
2026-05-21 08:53:14 [INFO    ] crawl_pipeline.worker-0 | [Worker 0] Processing 1tgmo10 (WkwkwkLand) — "..."
2026-05-21 08:53:14 [INFO    ] crawl_pipeline.worker-0 | [Worker 0] 1tgmo10 done — 0 thread(s)
2026-05-21 08:53:16 [INFO    ] crawl_pipeline.worker-0 | [Worker 0] Processing 1tgplub (indotech) — "..."
2026-05-21 08:53:17 [INFO    ] crawl_pipeline.worker-0 | [Worker 0] 1tgplub done — 0 thread(s)
2026-05-21 08:53:19 [INFO    ] crawl_pipeline.worker-0 | [Worker 0] Processing 1thbgzs (indonesia) — "..."
2026-05-21 08:53:19 [INFO    ] crawl_pipeline.worker-0 | [Worker 0] 1thbgzs done — 0 thread(s)
2026-05-21 08:53:21 [INFO    ] crawl_pipeline.worker-0 | [Worker 0] Processing 1tgsrt7 (indotech) — "..."
2026-05-21 08:53:21 [INFO    ] crawl_pipeline.worker-0 | [Worker 0] 1tgsrt7 done — 0 thread(s)
2026-05-21 08:53:23 [INFO    ] crawl_pipeline.worker-0 | [Worker 0] Processing 1tgknei (AdaIndonesiaCoy) — "..."
2026-05-21 08:53:24 [INFO    ] crawl_pipeline.worker-0 | [Worker 0] 1tgknei done — 0 thread(s)
2026-05-21 08:53:26 [INFO    ] crawl_pipeline.worker-0 | [Worker 0] Processing 1th7bwe (indonesia) — "..."
2026-05-21 08:53:26 [INFO    ] crawl_pipeline.worker-0 | [Worker 0] 1th7bwe done — 0 thread(s)
2026-05-21 08:53:28 [INFO    ] crawl_pipeline.worker-0 | [Worker 0] Processing 1tjcfhu (indonesia) — "..."
2026-05-21 08:53:29 [INFO    ] crawl_pipeline.worker-0 | [Worker 0] 1tjcfhu done — 0 thread(s)
2026-05-21 08:53:31 [INFO    ] crawl_pipeline.worker-0 | [Worker 0] Received sentinel. Exiting.
2026-05-21 08:53:31 [INFO    ] crawl_pipeline |   Worker CommentWorker-0 exited (code=0)
2026-05-21 08:53:31 [INFO    ] crawl_pipeline | [Pipeline] Steps 1+2 complete in 2745.5s
2026-05-21 08:53:31 [INFO    ] crawl_pipeline | 
         (waiting 3s before Step 3)
2026-05-21 08:53:34 [INFO    ] crawl_pipeline | [Step 3] Running DataProcessing (UltraChat format)...
2026-05-21 08:53:34 [INFO    ] crawl_pipeline | [Pipeline] Step 3 complete in 0.7s
2026-05-21 08:53:34 [INFO    ] crawl_pipeline | 
============================================================
2026-05-21 08:53:34 [INFO    ] crawl_pipeline |   Pipeline complete
2026-05-21 08:53:34 [INFO    ] crawl_pipeline |   Posts discovered        : 0
2026-05-21 08:53:34 [INFO    ] crawl_pipeline |   DB status               : {'done': 654, 'error': 47}
2026-05-21 08:53:34 [INFO    ] crawl_pipeline |   Dataset v1 size         : 621
2026-05-21 08:53:34 [INFO    ] crawl_pipeline |   Dataset v2 size         : 634
2026-05-21 08:53:34 [INFO    ] crawl_pipeline |   Total time              : 2749.2s
2026-05-21 08:53:34 [INFO    ] crawl_pipeline |   Summary saved to        : DataOutput/pipeline_summary.json
2026-05-21 08:53:34 [INFO    ] crawl_pipeline | ============================================================
